Title,Year,Mileage/Km,Price,Brand
Mercedes-Benz B-Class B180,2014,92000,22800,Mercedes-Benz
Toyota Hiace 2.8A DX,2019,83000,81800,Toyota
Isuzu NHR87A,2019,80000,74800,Isuzu
Hyundai Avante 1.6A S,2020,71000,95800,Hyundai
Lexus ES250 Luxury Sunroof,2019,93000,154800,Lexus
Mercedes-Benz GLA-Class GLA200 AMG Line Premium,2022,15000,207777,Mercedes-Benz
Isuzu NPR75,2016,51443,42800,Isuzu
BMW 4 Series 420i Coupe M-Sport,2021,25223,196800,BMW
Lamborghini Aventador LP700-4 (COE till 12/2031),2012,40000,559555,Lamborghini
Porsche 911 Carrera 3.0A PDK,2017,23800,338000,Porsche
BMW X3 sDrive20i,2017,115093,99988,BMW
BMW 3 Series 320i Convertible (COE till 08/2030),2010,168000,83800,BMW
BMW 2 Series 216i Gran Tourer,2019,89445,123800,BMW
Mercedes-Benz CLA-Class CLA200 (New 5-yr COE),2014,121911,95000,Mercedes-Benz
Porsche Panamera 4S 4.8A PDK (COE till 08/2030),2010,77990,139800,Porsche
Lexus NX Hybrid NX300h Luxury Sunroof,2019,53000,148000,Lexus
Lexus UX200 Luxury,2020,40500,155800,Lexus
Volkswagen Polo 1.0A TSI Comfortline Beats,2020,22000,96800,Volkswagen
Mercedes-Benz GLA-Class GLA180 Urban Edition,2018,70000,91888,Mercedes-Benz
BMW 5 Series 520d M-Sport,2017,92000,131888,BMW
Nissan Note 1.2A,2018,90000,53800,Nissan
Mazda 3 1.5A Deluxe Sunroof,2017,85000,53800,Mazda
BMW 3 Series 335i Coupe Sunroof (COE till 04/2028),2008,116800,71888,BMW
Toyota Wish 1.8A X,2017,81000,61800,Toyota
Toyota Vellfire 2.5A Elegance Moonroof,2019,65488,198800,Toyota
BMW 4 Series 428i Coupe Sunroof,2015,93301,62988,BMW
Mercedes-Benz CLA-Class CLA200 Progressive,2020,48000,155800,Mercedes-Benz
Kia Carens Diesel 1.7A SX,2018,120000,74800,Kia
Toyota Vios 1.5A E,2018,48529,78800,Toyota
Toyota Vellfire 2.5A Elegance Sunroof,2017,113000,132800,Toyota
BMW 2 Series 216i Active Tourer,2018,101950,99800,BMW
Mazda Biante 2.0A,2017,83000,71800,Mazda
Nissan Note 1.2A,2018,89133,60500,Nissan
Audi Q5 2.0A TFSI Quattro,2016,83000,92800,Audi
Toyota Camry 2.0A (COE till 04/2029),2009,150000,61888,Toyota
Mercedes-Benz A-Class A200 Style,2017,116000,79800,Mercedes-Benz
Subaru Forester 2.0i-L EyeSight Sunroof,2019,135700,102000,Subaru
Mercedes-Benz GLA-Class GLA180 Urban Edition,2020,45000,134800,Mercedes-Benz
Mazda 3 1.5A,2015,83000,24800,Mazda
Mazda 6 2.0A Executive,2018,74968,76988,Mazda
Mercedes-Benz E-Class E200 Avantgarde,2018,98000,153800,Mercedes-Benz
Citroen Grand C4 Picasso 1.2A PureTech,2018,83000,81800,Citroen
Suzuki Vitara 1.6A GLX,2017,42200,57800,Suzuki
Rolls-Royce Cullinan 6.75A,2021,16000,1688888,Rolls-Royce
Bentley Continental GT 4.0A V8,2022,4800,900800,Bentley
Mercedes-Benz A-Class A180 Style,2017,89000,71800,Mercedes-Benz
Mazda CX-3 2.0A Deluxe,2018,85000,76777,Mazda
Audi Q5 Sportback Mild Hybrid 2.0 TFSI Quattro S-tronic Advance,2023,2000,270800,Audi
Honda Vezel 1.5A X,2015,98000,27800,Honda
Mercedes-Benz CLA-Class CLA180 AMG Line Premium Plus Sunroof,2022,22000,199800,Mercedes-Benz
Porsche Cayenne 3.0A Tip,2018,43000,263800,Porsche
Audi A5 Sportback 2.0A TFSI S-tronic Design,2019,105000,129800,Audi
Mercedes-Benz G-Class G400d AMG Line Premium,2022,13577,650000,Mercedes-Benz
Toyota Corolla Altis 1.6A,2015,93398,39800,Toyota
Suzuki SX4 HB 1.6A (COE till 12/2025),2011,150000,23800,Suzuki
BMW M850i Coupe xDrive,2019,17000,385000,BMW
Mercedes-Benz A-Class A180 Style,2017,66000,77800,Mercedes-Benz
Honda Vezel 1.5A S,2015,83000,36500,Honda
BMW X3 sDrive20i,2019,65000,153800,BMW
Mazda 3 1.5A Deluxe Sunroof,2016,90000,33800,Mazda
Hyundai Tucson 1.6A GLS DCT Turbo Sunroof,2019,97500,109800,Hyundai
Ford Focus 1.0A GTDI Titanium,2017,103000,51800,Ford
BMW 3 Series 318i Sport,2016,79000,54800,BMW
BMW 2 Series 216i Gran Tourer,2018,71558,91800,BMW
Mercedes-Benz C-Class C180 Avantgarde,2015,87058,58800,Mercedes-Benz
Honda Vezel 1.5A X (OPC),2019,33000,74999,Honda
Honda City 1.5A SV,2017,95000,59800,Honda
Hyundai Tucson Hybrid 1.6A GLS T-GDi DCT Turbo S Sunroof,2022,16500,193800,Hyundai
Nissan NV350 2.5M,2018,97127,48800,Nissan
Citroen C4 Picasso Diesel 1.6A BlueHDi,2016,77000,39800,Citroen
BMW 5 Series 520i,2014,93000,42800,BMW
Toyota Alphard Hybrid 2.5A,2023,15,389888,Toyota
Hyundai Santa Fe 2.4A GDI Sunroof,2018,95000,125800,Hyundai
Toyota Vios 1.5A E,2020,66074,95800,Toyota
Infiniti Q50 2.0A T Sensory With ProActive,2019,86750,105800,Infiniti
Porsche Macan S 3.0A PDK,2016,87000,129800,Porsche
BMW X1 sDrive16i xLine,2023,900,213888,BMW
Toyota Wish 1.8A X,2017,77000,70000,Toyota
Toyota Noah Hybrid 1.8A X,2023,27,207888,Toyota
Isuzu NHR85A,2015,152638,30800,Isuzu
Mercedes-Benz E-Class E200 Mild Hybrid AMG Line,2023,34,281888,Mercedes-Benz
Jaguar F-PACE 3.0A V6 Supercharged Prestige,2016,80000,106800,Jaguar
Bentley Continental GT 4.0A V8 S,2023,47,1750000,Bentley
Mercedes-Benz G-Class G63 AMG,2023,66,957888,Mercedes-Benz
Volkswagen Beetle 1.4A TSI Sunroof,2015,70591,36500,Volkswagen
Ford Ranger Double-Cab 3.2A XLT,2019,69281,133800,Ford
Porsche Cayenne 3.0A Tip,2020,22000,359800,Porsche
Toyota Harrier 2.0A Premium Panoramic Roof,2017,71000,77800,Toyota
Toyota Corolla Altis Hybrid 1.8A Elegance,2020,50000,127800,Toyota
Mercedes-Benz CLA-Class CLA180 Shooting Brake,2016,89888,55800,Mercedes-Benz
Mercedes-Benz C-Class C180 Avantgarde,2020,78066,152800,Mercedes-Benz
BMW 6 Series 640i Gran Coupe M-Sport Sunroof,2016,59000,128800,BMW
BMW 4 Series 420i Coupe M-Sport,2023,12500,249800,BMW
Toyota Alphard 2.5A S Moonroof,2018,61000,155000,Toyota
Audi A3 Sportback Mild Hybrid 1.0A TFSI S-tronic,2023,50,180888,Audi
BMW 1 Series 116d,2018,118997,89800,BMW
Honda Vezel Hybrid 1.5A e:HEV X Honda Sensing,2023,27,181800,Honda
Porsche 981 Cayman 2.7A PDK (New 10-yr COE),2014,106000,260000,Porsche
Kia Stonic 1.0T,2019,46388,78800,Kia
BMW M4 Coupe Competition,2022,33000,429800,BMW
Lexus NX Turbo NX200t Luxury Sunroof,2015,112000,73800,Lexus
Toyota Vellfire 2.5A Z G-Edition Moonroof,2019,60000,205888,Toyota
Toyota Dyna 150 3.0M,2017,103212,65800,Toyota
Mazda CX-3 2.0A,2016,81000,57800,Mazda
Mercedes-Benz C-Class C180 Exclusive,2016,76000,67800,Mercedes-Benz
BMW 1 Series 1M Coupe (COE till 04/2031),2011,105000,188500,BMW
Honda Vezel 1.5A X,2020,61000,96800,Honda
Audi A3 Sedan 1.0A TFSI S-tronic,2023,40,180888,Audi
Toyota Prius Hybrid 1.8A,2017,75000,63800,Toyota
Toyota Hiace 3.0M DX,2017,109300,47800,Toyota
BMW 3 Series 328i (COE till 02/2032),2012,122000,149888,BMW
Mazda 6 2.5A Sunroof,2016,119000,57800,Mazda
Nissan Sylphy 1.6A,2015,106000,31800,Nissan
BMW X5 xDrive40i M-Sport,2022,12299,387800,BMW
Toyota Alphard Hybrid 2.5A Elegance,2023,20,348800,Toyota
Toyota Hiace Commuter 3.0A,2022,5500,140800,Toyota
Mercedes-Benz C-Class C43 AMG 4MATIC,2017,55000,169800,Mercedes-Benz
Mercedes-Benz A-Class A45 AMG 4MATIC (COE till 10/2033),2014,96000,200888,Mercedes-Benz
Mercedes-Benz C-Class C200 Mild Hybrid AMG Line,2023,34,271800,Mercedes-Benz
Audi A5 Sportback 2.0A TFSI Quattro S-Line (COE till 03/2030),2010,133800,90800,Audi
Rolls-Royce Cullinan 6.75A Black Badge,2023,102,2398000,Rolls-Royce
Honda Jazz 1.5A RS,2017,54332,58800,Honda
Honda Jazz 1.3A,2019,51000,80800,Honda
Nissan Note 1.2A (OPC),2020,13500,71988,Nissan
Honda City 1.5A RS i-VTEC LX,2021,43800,116800,Honda
Toyota Camry 2.0A,2016,118095,55800,Toyota
Audi A5 Sportback 2.0A TFSI S-tronic Design (OPC),2019,31229,138800,Audi
Toyota Sienta Hybrid 1.5A X,2020,50208,115800,Toyota
Honda Vezel 1.5A G,2022,42000,137800,Honda
Toyota Aygo 1.0A,2014,45415,9555,Toyota
Infiniti QX50 2.0A VC-T Sensory ProACTIVE,2019,42000,135988,Infiniti
Nissan Qashqai 1.2A DIG-T,2016,127500,47988,Nissan
Toyota Dyna 150 3.0M,2017,276000,56000,Toyota
Toyota Wish 1.8A X,2015,110000,38988,Toyota
Toyota Dyna 150 3.0M,2017,102000,57800,Toyota
Mercedes-Benz GLB-Class GLB180 Progressive,2023,4000,227800,Mercedes-Benz
Volvo V40 T4 Momentum,2019,69500,102999,Volvo
Mazda 3 1.5A Deluxe Sunroof,2018,84500,68988,Mazda
Nissan NV200 1.6A DX,2020,50300,66188,Nissan
Volvo XC60 T5 2.0A,2015,118000,39988,Volvo
Mazda 6 2.0A Executive,2017,100500,61988,Mazda
Honda City 1.5A V,2019,58000,85500,Honda
Volkswagen Jetta GP 1.4A TSI,2015,123800,35988,Volkswagen
BMW X3 xDrive20i (New 10-yr COE),2014,122000,165800,BMW
Toyota Wish 1.8A Elegance,2016,101958,62800,Toyota
Mercedes-Benz C-Class C63 S AMG,2017,63439,238800,Mercedes-Benz
Volkswagen Sharan 2.0A TSI Sunroof,2020,82000,152988,Volkswagen
Volkswagen Golf R 5DR Sunroof,2017,66362,117800,Volkswagen
Opel Astra 1.4A Turbo,2019,90600,77800,Opel
Rolls-Royce Silver Shadow 6.75A (COE till 10/2028),2018,84000,125000,Rolls-Royce
Audi A3 Sportback 1.0A TFSI S-tronic,2018,83000,81388,Audi
Honda Freed Hybrid 1.5A G,2018,86300,94988,Honda
Mercedes-Benz E-Class E350e Plug-in Hybrid Avantgarde,2018,73183,169888,Mercedes-Benz
MINI Cooper S 1.6A Sunroof (COE till 10/2029),2009,170000,61988,MINI
Toyota Dyna 100 3.0M (COE till 06/2027),2007,160500,35800,Toyota
Volkswagen Golf 1.4A TSI Highline Sunroof,2018,52500,89988,Volkswagen
Honda Odyssey 2.4A EXV-S Sunroof,2019,92000,136800,Honda
Kia Cerato K3 1.6A EX,2015,121000,25388,Kia
Toyota Estima 2.4A Aeras Sunroof,2017,87280,122800,Toyota
Toyota C-HR Hybrid 1.8A S,2019,50000,94800,Toyota
Mitsubishi Attrage 1.2A,2019,50500,69988,Mitsubishi
Toyota Hiace 2.8A DX,2019,75627,79800,Toyota
Audi A4 1.4A TFSI S-tronic,2017,123000,83988,Audi
Audi Q3 1.4A TFSI S-Tronic,2020,30500,151000,Audi
Mercedes-Benz C-Class C200 Coupe AMG Line Sunroof,2017,93000,107988,Mercedes-Benz
Kia Cerato K3 1.6A SX,2016,108200,43988,Kia
MINI John Cooper Works GP 2.0A,2021,29000,177888,MINI
Mercedes-Benz A-Class Saloon A180 Progressive,2022,9888,175888,Mercedes-Benz
Audi A3 Sedan 1.4A TFSI CoD S-tronic,2018,96000,99988,Audi
Nissan X-Trail 2.0A 7-Seater Sunroof,2016,81100,61988,Nissan
Toyota Hiace 3.0M,2020,70380,82800,Toyota
Honda Jazz 1.3A,2019,80000,72988,Honda
Honda Fit Hybrid 1.5A F,2019,62000,83988,Honda
Honda Freed Hybrid 1.5A G,2021,32055,141800,Honda
Volvo S60 T2,2017,78158,75800,Volvo
Jaguar E-PACE 2.0A Prestige,2019,87365,125000,Jaguar
Honda Civic 1.6A VTi,2016,88000,55888,Honda
BMW 5 Series 520i,2020,52200,174800,BMW
Mazda 6 2.0A Executive,2018,84000,81888,Mazda
BMW X3 sDrive20i,2019,58748,156800,BMW
Mitsubishi Attrage 1.2A (OPC),2019,18000,67800,Mitsubishi
Nissan Qashqai 1.2A DIG-T,2018,60000,81800,Nissan
Mercedes-Benz B-Class B180 Style,2016,75369,63000,Mercedes-Benz
Nissan Note 1.2A DIG-S (OPC),2017,8042,40800,Nissan
Toyota C-HR Hybrid 1.8A S,2019,56000,94800,Toyota
Mercedes-Benz E-Class E220d Premium,2017,72800,112800,Mercedes-Benz
Mercedes-Benz GLC-Class GLC250 AMG Line 4MATIC,2018,82552,157888,Mercedes-Benz
Volkswagen Sportsvan 1.4A Highline Sunroof,2016,71000,58800,Volkswagen
Lexus RX350 (COE till 08/2030),2010,150000,89800,Lexus
Mazda CX-9 2.5A Turbo,2019,52000,139700,Mazda
Nissan X-Trail 2.0A Premium 7-Seater Sunroof,2018,38000,81700,Nissan
Audi A5 Sportback Mild Hybrid 2.0A TFSI S-tronic,2020,29000,169800,Audi
MINI One 1.5A,2020,54000,115800,MINI
BMW X4 xDrive30i M-Sport,2018,60000,181800,BMW
Honda Grace 1.5A LX,2019,41000,87800,Honda
Subaru XV 2.0i-S EyeSight,2019,72000,96800,Subaru
Honda Shuttle 1.5A G,2017,75000,55888,Honda
Volkswagen Jetta GP 1.4A TSI Highline,2016,112000,44800,Volkswagen
Toyota Corolla Altis 1.6A Standard,2019,50000,86800,Toyota
Honda HR-V 1.5A LX,2019,47507,89800,Honda
Audi A3 Sportback 1.4A TFSI CoD S-tronic,2020,55000,121588,Audi
Mercedes-Benz E-Class E200 Avantgarde,2017,79000,125800,Mercedes-Benz
Honda Odyssey 2.4A Sunroof (COE till 08/2029),2009,176000,69800,Honda
Chevrolet Spark 1.0M (COE till 11/2028),2008,97667,37800,Chevrolet
Subaru Exiga 2.0A GT Moonroof (COE till 10/2028),2008,142000,70800,Subaru
Chevrolet Orlando 1.4A Turbo LS,2016,93000,43800,Chevrolet
Mitsubishi Lancer EX 1.5A Sports (COE till 08/2025),2010,169000,21800,Mitsubishi
Toyota Prius Plus Hybrid 1.8A,2019,78000,102000,Toyota
Mercedes-Benz B-Class B180 (New 10-yr COE),2014,139000,117888,Mercedes-Benz
Subaru Forester 2.0i-L Sunroof,2015,111015,28998,Subaru
Honda Fit 1.3A GF,2019,65500,77800,Honda
Honda Vezel 1.5A G Honda Sensing,2021,16000,125800,Honda
Mercedes-Benz CLA-Class CLA180 Urban,2017,114000,80000,Mercedes-Benz
Kia Sorento 2.4A GDi Sunroof,2015,124000,48888,Kia
BMW 3 Series 323i Convertible (COE till 08/2028),2008,118113,67500,BMW
MINI One 1.5A 5DR Piccadilly Edition,2020,39000,122800,MINI
Mazda 2 1.5A,2016,80997,40500,Mazda
Renault Grand Scenic Diesel 1.5A dCi BOSE Edition Sunroof,2019,50088,110800,Renault
Mercedes-Benz CLA-Class CLA180,2015,139880,37500,Mercedes-Benz
Citroen C4 1.2A PureTech,2016,90000,37888,Citroen
Mazda 6 2.0A Executive,2016,88192,46800,Mazda
Toyota Alphard 2.4A (COE till 02/2030),2010,130352,98800,Toyota
Mercedes-Benz GLB-Class GLB35 AMG 4MATIC 7-Seater,2021,32555,269888,Mercedes-Benz
BMW 3 Series 320i (COE till 12/2028),2008,147000,64800,BMW
BMW 5 Series 535i M-Sport Sunroof (COE till 10/2031),2011,97153,129800,BMW
Mazda Biante 2.0A,2017,88093,67800,Mazda
Mitsubishi Lancer 1.6A (COE till 04/2028),2008,164000,47800,Mitsubishi
Mercedes-Benz E-Class E250 (COE till 04/2031),2012,145000,98800,Mercedes-Benz
Toyota Corolla Altis 1.6A Elegance,2016,134000,43800,Toyota
Kia Cerato 1.6A EX,2019,45000,85500,Kia
Nissan Navara NP300 Double-Cab 2.3A,2017,51000,73800,Nissan
Honda Fit 1.3A GF,2019,68197,75588,Honda
Toyota Voxy Hybrid 1.8A X,2020,25000,158500,Toyota
Porsche Boxster 2.7A PDK (COE till 07/2032),2012,65980,223800,Porsche
Honda Vezel 1.5A X,2016,122000,49800,Honda
BMW X1 sDrive20i M-Sport,2020,73000,155800,BMW
Toyota C-HR Hybrid 1.8A S,2019,45000,98800,Toyota
Honda Vezel Hybrid 1.5A X,2017,83590,57800,Honda
Nissan Serena S-Hybrid 2.0A X,2015,95000,47800,Nissan
Mercedes-Benz E-Class E200,2015,134833,52800,Mercedes-Benz
Mitsubishi Evolution 10 GSR (COE till 08/2028),2008,4000,120800,Mitsubishi
Toyota Vios 1.5A G,2018,70637,68888,Toyota
Renault Grand Scenic Diesel 1.5A dCi Sunroof,2019,73680,99800,Renault
Hyundai Elantra 1.6A GLS S (OPC),2017,66889,62800,Hyundai
Honda CR-V 2.4A Sunroof,2015,92000,41888,Honda
Volkswagen Scirocco 1.4A TSI (COE till 04/2031),2011,147527,81800,Volkswagen
Mazda 2 HB 1.5A Standard,2018,41000,62888,Mazda
Porsche 911 GT3 RS 4.0A PDK,2015,59800,625000,Porsche
Toyota Rush 1.5A X (COE till 06/2029),2009,162450,66800,Toyota
Renault Kadjar Diesel 1.5A dCi,2016,130000,38888,Renault
Mazda CX-9 2.5A Turbo,2018,146000,101888,Mazda
BMW 1 Series 116i Sportline,2022,35800,148888,BMW
Honda Vezel 1.5A X,2017,55218,63800,Honda
Citroen Grand C4 Picasso Diesel 1.6A BlueHDi,2017,160000,67800,Citroen
BMW 2 Series 216i Gran Tourer,2020,63200,143800,BMW
Subaru Forester 2.0A XT Sunroof,2016,116500,51800,Subaru
Porsche Boxster 2.9A PDK (COE till 08/2029),2010,113000,128800,Porsche
Toyota Estima 2.4A X 8-Seater (COE till 09/2028),2008,143000,71800,Toyota
BMW 4 Series 420i Gran Coupe Sunroof,2015,100000,49800,BMW
Mercedes-Benz E-Class E200 Avantgarde,2017,88028,116000,Mercedes-Benz
Audi TT Coupe 2.0A TFSI S-tronic,2019,49076,166100,Audi
Honda Shuttle 1.5A G LED,2018,79110,68800,Honda
Mazda 3 HB Mild Hybrid 1.5A Astina Sunroof,2019,84000,102800,Mazda
Volkswagen Golf 1.4A TSI,2015,110000,34888,Volkswagen
Kia Sorento Diesel 2.2A CRDi Sunroof,2018,73600,99800,Kia
Renault Megane RS 1.8A TCe,2019,55500,141800,Renault
Porsche Macan 2.0A PDK (New 10-yrs COE),2015,65200,230800,Porsche
Mercedes-Benz E-Class E200K (COE till 11/2027),2007,146000,48800,Mercedes-Benz
BMW 1 Series 116d,2016,106000,52800,BMW
Audi A3 Sedan 1.0A TFSI S-tronic,2018,80500,83000,Audi
Renault Captur 1.5A dCi,2015,128000,31800,Renault
Citroen Grand C4 Picasso 1.6A THP Sunroof,2016,98000,49888,Citroen
Honda Shuttle Hybrid 1.5A LED,2019,41042,97800,Honda
Mercedes-Benz A-Class A180 Style,2016,78888,52800,Mercedes-Benz
Bentley Flying Spur 4.0A V8 S Sunroof,2017,37745,380003,Bentley
Infiniti Q60 Coupe 2.0A T,2017,99000,96500,Infiniti
Porsche Panamera G2 3.0A PDK,2018,59500,326800,Porsche
Toyota Corolla Altis 1.6A,2016,60500,50800,Toyota
MINI Cooper S Clubman 2.0A,2016,105500,75800,MINI
Toyota Voxy Hybrid 1.8A ZS,2023,89,225800,Toyota
BMW M2 Coupe,2018,54888,207800,BMW
Mercedes-Benz S-Class S450L Mild Hybrid 4MATIC,2021,13120,409800,Mercedes-Benz
Volkswagen Sharan 2.0A TSI,2018,122976,104500,Volkswagen
Mazda 6 2.0A,2017,69448,61500,Mazda
Audi A3 Sportback 1.0A TFSI S-tronic,2018,81005,80000,Audi
Toyota Prius Plus Hybrid 1.8A,2019,76437,102000,Toyota
Hyundai Avante 1.6A Elite Sunroof,2021,60000,110800,Hyundai
Honda Shuttle 1.5A G,2018,46000,79800,Honda
Volvo S60 T2,2016,105500,48500,Volvo
Kia Stonic 1.0T SX Sunroof,2019,71000,82800,Kia
Mazda 3 Mild Hybrid 1.5A Classic,2021,64088,109800,Mazda
BMW X3 Mild Hybrid xDrive20i M-Sport,2022,15827,246800,BMW
BMW 3 Series 330i M-Sport,2019,44500,178800,BMW
Subaru Forester 2.0A XT Sunroof,2017,112200,65800,Subaru
BMW 2 Series 216i Gran Tourer Luxury,2018,88000,92800,BMW
BMW X2 sDrive18i M-Sport X,2022,10271,190800,BMW
Renault Megane GT 1.6A TCe,2019,71000,98800,Renault
Mazda 5 2.0A SP Sunroof,2017,113094,60800,Mazda
Honda Freed Hybrid 1.5A G Honda Sensing,2018,49000,97800,Honda
Toyota Sienta 1.5A Standard,2021,30601,123500,Toyota
BMW 2 Series 216i Gran Tourer,2017,82690,80700,BMW
Honda Civic 1.6A VTi,2016,85000,56800,Honda
Skoda Octavia 1.4A TSI Ambition Plus,2020,56000,99500,Skoda
Volkswagen Golf GTI 5DR Sunroof (COE till 11/2028),2009,182000,67800,Volkswagen
Renault Clio Diesel 1.5A dCi,2015,110500,27800,Renault
BMW X1 sDrive20i,2016,122000,70000,BMW
Audi A3 Sedan 1.4A TFSI S-tronic Ambiente,2015,90500,40888,Audi
Ford Focus RS 2.3M GTDI,2016,102000,86800,Ford
Mitsubishi Outlander 2.4A Sunroof,2015,114753,31800,Mitsubishi
Audi A5 Sportback 2.0A TFSI S-tronic Design,2017,110000,100500,Audi
Mazda 5 2.0A SP Sunroof (COE till 11/2027),2007,151000,51800,Mazda
Opel Insignia Grandsport Diesel 1.6A Turbo,2018,255000,72800,Opel
Honda Vezel Hybrid 1.5A X Honda Sensing,2017,54931,70142,Honda
BMW 5 Series 523i (COE till 09/2030),2010,126000,91800,BMW
Mercedes-Benz S-Class S320L,2020,34259,273200,Mercedes-Benz
Mercedes-Benz CLA-Class CLA45 S AMG 4MATIC+ Premium Plus,2021,16220,306888,Mercedes-Benz
Mercedes-Benz C-Class C200K (COE till 03/2029),2009,155275,67800,Mercedes-Benz
BMW 1 Series 116i,2015,160000,26800,BMW
Lexus RX350L Premium 7-Seater,2018,82113,165800,Lexus
Audi A4 2.0A MU (COE till 05/2027),2007,109390,44800,Audi
Kia Cerato K3 1.6A,2018,113528,61800,Kia
Toyota Vios 1.5A E,2017,125980,52000,Toyota
SEAT Arona 1.0A EcoTSI Style,2018,113000,62800,SEAT
BMW 3 Series 318i,2018,113045,96800,BMW
Lexus IS Hybrid IS300h Executive,2018,78000,127500,Lexus
Kia Sorento Diesel 2.2A CRDi Sunroof,2017,79000,77600,Kia
Hyundai Avante 1.6A Elite Sunroof,2021,39500,116388,Hyundai
Toyota Alphard 2.5A Z,2023,3100,365800,Toyota
Audi A4 2.0A TFSI S-tronic,2018,86000,111888,Audi
Mercedes-Benz S-Class S450L Mild Hybrid,2022,12515,455800,Mercedes-Benz
Toyota Rush 1.5A (COE till 09/2027),2007,158438,44800,Toyota
Honda Vezel Hybrid 1.5A X,2016,89000,51800,Honda
Mitsubishi Lancer EX 1.5A Sports (COE till 12/2024),2009,127000,13400,Mitsubishi
Porsche 911 Carrera S Cabriolet 3.8A PDK (COE till 03/2033),2013,55999,369999,Porsche
BMW M3 Sedan Competition Package,2022,3400,525000,BMW
Toyota Wish 1.8A Elegance,2016,97862,50800,Toyota
Mitsubishi Lancer EX 1.6A,2016,59399,42800,Mitsubishi
Mercedes-Benz GLC-Class GLC250 Coupe AMG Line 4MATIC,2020,42000,206500,Mercedes-Benz
Honda Odyssey 2.4A EX-S 8-Seater,2017,83000,84888,Honda
Honda Mobilio 1.5A RS i-VTEC Luxe,2015,110495,39800,Honda
Mercedes-Benz E-Class E180 Avantgarde,2020,63130,179800,Mercedes-Benz
Volvo XC60 T5 Momentum,2018,56772,136800,Volvo
Toyota Sienta 1.5A Elegance,2021,31800,124800,Toyota
Toyota Harrier 2.0A Premium Panoramic Roof,2016,99182,55800,Toyota
Mercedes-Benz E-Class E350 CGI Coupe (COE till 04/2031),2011,127000,88800,Mercedes-Benz
Toyota Corolla Altis 1.6A,2016,93200,53500,Toyota
BMW 2 Series 216d Gran Tourer Luxury,2015,106600,49800,BMW
Subaru Forester 2.0i-L Sunroof,2016,79888,50888,Subaru
BMW 3 Series 318i M-Sport,2022,17000,212800,BMW
BMW X1 sDrive16i M-Sport,2022,6000,203800,BMW
MINI One 1.5A,2020,30800,98800,MINI
Kia Sorento Diesel 2.2A CRDi Sunroof,2018,79585,96800,Kia
Opel Grandland X 1.2A Turbo Innovation Premium,2021,35700,110800,Opel
BMW 4 Series 435i Gran Coupe M-Sport Sunroof,2015,105100,73500,BMW
Mercedes-Benz GLC-Class GLC250 4MATIC,2019,80240,169800,Mercedes-Benz
Audi TT Roadster 2.0A TFSI (COE till 09/2030),2011,137000,94800,Audi
Nissan X-Trail 2.0A 7-Seater Sunroof,2017,105000,69800,Nissan
Honda N-Van Turbo Style Fun Honda Sensing,2022,60,81000,Honda
Rolls-Royce Phantom (COE till 03/2031),2011,38000,488800,Rolls-Royce
Nissan GTR 3.8A Black Edition (COE till 02/2033),2013,35000,370000,Nissan
Mercedes-Benz CLA-Class CLA200 AMG Line Premium Plus Sunroof,2020,103000,158800,Mercedes-Benz
MINI John Cooper Works 2.0A ALL4,2019,68000,155000,MINI
Toyota Land Cruiser 4.7A (COE till 03/2028),2009,88000,82888,Toyota
Maserati Ghibli 3.0A,2014,95000,84888,Maserati
BMW 2 Series 216i Gran Coupe Sport,2022,13700,159800,BMW
Maserati GranTurismo 4.2A (COE till 08/2028),2008,75000,107800,Maserati
Mercedes-Benz A-Class A180,2015,47000,36800,Mercedes-Benz
BMW X1 sDrive18i xLine,2021,30500,159800,BMW
Mercedes-Benz GLA-Class GLA180 Urban Edition,2019,66000,108888,Mercedes-Benz
Mercedes-Benz GLC-Class GLC43 AMG 4MATIC,2017,99000,133800,Mercedes-Benz
Mercedes-Benz C-Class C180 Avantgarde,2016,93200,60999,Mercedes-Benz
BMW X3 xDrive30i M-Sport,2018,70000,139800,BMW
Porsche Panamera S 4.8A PDK (COE till 06/2030),2010,150000,135800,Porsche
Mercedes-Benz CLA-Class CLA180 Progressive,2022,19256,188800,Mercedes-Benz
Mercedes-Benz E-Class E250 CGI Coupe Sunroof (COE till 04/2031),2011,99000,98800,Mercedes-Benz
Mercedes-Benz C-Class C180K (COE till 05/2029),2009,140422,68988,Mercedes-Benz
Mercedes-Benz C-Class C180K (COE till 12/2030),2011,139000,85800,Mercedes-Benz
Kia Sorento Diesel 2.2A CRDi Sunroof,2018,75000,112000,Kia
Toyota Camry 2.0A (COE till 04/2027),2007,118000,39800,Toyota
Hyundai Elantra 1.6A GLS,2018,84039,67800,Hyundai
BMW 2 Series 216i Gran Tourer Luxury,2018,90000,99800,BMW
Mercedes-Benz A-Class Saloon A180 Progressive,2022,22830,174800,Mercedes-Benz
Mercedes-Benz B-Class B180,2015,116000,28800,Mercedes-Benz
Volkswagen New Beetle 1.6A (COE till 12/2028),2009,128787,52800,Volkswagen
Honda Fit 1.3A G F-Package,2019,50000,78800,Honda
Jaguar F-PACE 3.0A V6 Supercharged R-Sport,2017,90000,144800,Jaguar
BMW X1 sDrive18i M-Sport,2018,86000,103800,BMW
Volvo XC90 T5 Momentum,2016,88000,114800,Volvo
Toyota Vios 1.5A E,2018,84000,67800,Toyota
Audi A6 1.8A TFSI Ultra S-tronic,2015,83288,54888,Audi
Mazda 3 Mild Hybrid 1.5A Classic,2021,38400,104800,Mazda
BMW X1 sDrive18i xLine,2021,28000,155800,BMW
Renault Scenic Diesel 1.5A dCi Sunroof,2019,72491,90800,Renault
Toyota Camry 2.0A (COE till 06/2028),2008,128020,52800,Toyota
Kia Sonet 1.5A SX Sunroof,2022,10637,130800,Kia
Mazda 5 2.0A SP Sunroof,2015,98000,37388,Mazda
Mercedes-Benz C-Class C180 Avantgarde,2015,85000,58800,Mercedes-Benz
Mercedes-Benz C-Class C200 Mild Hybrid Avantgarde,2022,12525,240800,Mercedes-Benz
BMW X7 xDrive40i,2021,41523,399800,BMW
Kia Cerato K3 1.6A,2017,98000,55800,Kia
Subaru Forester 2.0i-S EyeSight Sunroof,2019,76900,112988,Subaru
Mercedes-Benz GLA-Class GLA180 Urban Edition,2017,71000,88800,Mercedes-Benz
Bentley Continental GT 4.0A V8 S,2016,71000,309800,Bentley
Mitsubishi Eclipse Cross 1.5A,2018,58000,90800,Mitsubishi
Honda Vezel 1.5A X,2017,62666,67800,Honda
Volkswagen Golf Cabriolet 1.4A TSI (COE till 01/2032),2012,90000,87800,Volkswagen
Kia Stonic 1.0T SX Sunroof,2019,49994,81800,Kia
Renault Kadjar Diesel 1.5A dCi,2016,121900,39888,Renault
Toyota Vios 1.5A E (COE till 06/2028),2008,141000,46800,Toyota
Mercedes-Benz C-Class C160 Avantgarde,2020,37500,156388,Mercedes-Benz
Hyundai Avante 1.6A S (COE till 03/2029),2009,142000,52800,Hyundai
Toyota Corolla Altis 1.6A (COE till 07/2028),2008,132619,51800,Toyota
Porsche 718 Boxster 2.0A PDK,2022,12102,405800,Porsche
Mercedes-Benz E-Class E53 Mild Hybrid AMG 4MATIC+,2022,9680,440800,Mercedes-Benz
Kia Sorento Diesel 2.2A CRDi,2016,110000,65800,Kia
Mercedes-Benz E-Class E250 CGI Coupe (COE till 11/2029),2010,134318,80800,Mercedes-Benz
Subaru Forester 2.0i-L Sunroof,2016,88000,47800,Subaru
Mercedes-Benz GLA-Class GLA200 AMG Line,2023,32,222800,Mercedes-Benz
BMW X1 sDrive18i,2018,99000,104888,BMW
Toyota Estima 2.4A X (COE till 08/2028),2008,139869,67800,Toyota
Hyundai Avante 1.6A (COE till 05/2029),2009,128874,53800,Hyundai
Toyota Altis 1.6A (COE till 02/2029),2009,140557,54800,Toyota
Toyota Corolla Axio 1.5A,2021,23500,105300,Toyota
BMW X1 sDrive18i,2019,92523,120300,BMW
Toyota Vios 1.5A G (COE till 03/2029),2009,138842,54800,Toyota
Honda Fit 1.3A G (COE till 07/2028),2008,170000,48800,Honda
Toyota Vios 1.5A E (COE till 03/2029),2009,133843,55800,Toyota
Volkswagen Touran 1.4A TSI Comfortline Sunroof,2018,68749,92800,Volkswagen
BMW X3 xDrive28i M-Sport Sunroof,2017,129921,102300,BMW
Suzuki Vitara 1.6A GLX,2018,76000,72800,Suzuki
Mazda CX-8 2.5A Luxury 7-Seater,2022,14800,209900,Mazda
Mazda CX-3 2.0A Standard,2020,55718,100800,Mazda
BMW 3 Series 320i Efficient Dynamics,2015,84000,37800,BMW
Mercedes-Benz E-Class E200 Mild Hybrid Avantgarde,2021,67000,212800,Mercedes-Benz
Mercedes-Benz C-Class C180 Avantgarde,2018,63800,105800,Mercedes-Benz
Mercedes-Benz C-Class C200,2017,66000,106800,Mercedes-Benz
Volkswagen Golf 1.2A TSI,2015,139206,28800,Volkswagen
Mercedes-Benz E-Class E200 Avantgarde,2017,87000,112800,Mercedes-Benz
Toyota Corolla Altis 1.6A Elegance (COE till 01/2030),2010,152123,63800,Toyota
Mercedes-Benz C-Class C180K (COE till 11/2031),2012,168000,92500,Mercedes-Benz
Hyundai Sonata VIII 2.0A GLS,2016,117386,54800,Hyundai
Volvo S60 T4 Momentum,2020,58000,133000,Volvo
Toyota Alphard 2.5A S C-Package Moonroof,2021,43000,278888,Toyota
Mercedes-Benz CLA-Class CLA180 Shooting Brake Urban,2017,89000,87888,Mercedes-Benz
Toyota Dyna 150 3.0M,2018,57000,73800,Toyota
Kia Cerato K3 1.6A SX Sunroof (OPC),2018,90282,60800,Kia
BMW 5 Series 530i Luxury,2020,46262,192800,BMW
MINI Cooper S 1.6A (COE till 09/2028),2008,166066,53800,MINI
Mercedes-Benz E-Class E200 Exclusive,2020,27000,209800,Mercedes-Benz
Toyota Alphard 2.5A S C-Package Moonroof,2020,50000,235800,Toyota
Toyota Sienta Hybrid 1.5A X,2021,46352,120900,Toyota
Subaru XV 2.0i-S EyeSight,2021,63000,121800,Subaru
Mazda 3 1.5A Deluxe Sunroof,2017,78000,59588,Mazda
Lexus RX Turbo RX200t Luxury Sunroof,2016,150000,98800,Lexus
Volkswagen T-Cross 1.0A TSI R-Line,2023,7200,155800,Volkswagen
BMW M3 Coupe Competition Package (COE till 11/2031),2013,86000,199800,BMW
Toyota Harrier 2.0A Premium Panoramic Roof,2017,113066,72800,Toyota
BMW 5 Series 523i XL (COE till 05/2028),2008,140000,55800,BMW
Honda Vezel 1.5A X,2015,117000,26800,Honda
Kia Niro Hybrid 1.6A GDi DCT Sunroof,2017,117000,62800,Kia
Kia Cerato K3 1.6A,2017,102000,52800,Kia
Honda Vezel 1.5A X,2015,88000,30800,Honda
Suzuki Swift 1.0A Turbo GLX,2019,74000,71800,Suzuki
Nissan NV200 1.6A,2021,25000,71800,Nissan
Toyota Alphard 2.5A X 8-Seater Moonroof,2019,88000,191966,Toyota
Skoda Superb 2.0A TSI Ambition,2019,101000,103966,Skoda
Mercedes-Benz C-Class C180 Avantgarde,2015,110000,52966,Mercedes-Benz
BMW 3 Series 316i,2015,132000,37966,BMW
Toyota Corolla Altis 1.6A Elegance,2021,47000,125800,Toyota
Opel Grandland X 1.2A Turbo Innovation Premium,2020,41000,110500,Opel
BMW 5 Series 528i,2015,143800,60500,BMW
Nissan Qashqai 1.2A DIG-T,2017,57991,89800,Nissan
BMW 1 Series 116i Sportline,2022,17395,153800,BMW
Opel Crossland 1.2A X Turbo Innovation,2019,60192,75500,Opel
Hyundai Elantra 1.6A GLS S,2018,89488,72800,Hyundai
Volvo XC40 T4 R-Design,2019,106249,131500,Volvo
Porsche Macan S 3.0A PDK Panoramic Roof,2019,55000,262800,Porsche
Mitsubishi Space Star 1.2A,2017,99999,45900,Mitsubishi
Toyota Alphard 2.5A G Moonroof,2016,96000,93800,Toyota
Audi A3 Sedan 1.0A TFSI S-tronic,2019,90252,95500,Audi
Volkswagen Golf 1.2A TSI,2014,125000,19000,Volkswagen
Audi Q2 1.4A TFSI CoD S-tronic (OPC),2018,78386,91500,Audi
Toyota Camry 2.0A (COE till 11/2028),2008,154682,61555,Toyota
Honda N-Van Turbo Style Fun Honda Sensing,2023,9800,85888,Honda
Lamborghini Urus,2019,44450,805000,Lamborghini
Honda Jazz 1.5A,2015,77000,29800,Honda
BMW 5 Series 530i Luxury,2017,88000,121800,BMW
Volvo XC90 T5 Momentum,2016,119000,90000,Volvo
Mazda 5 2.0A Sunroof,2015,110000,41900,Mazda
Audi Q5 2.0A TFSI Quattro,2016,92921,73800,Audi
Audi Q2 1.0A TFSI S-tronic,2018,77300,87500,Audi
Mercedes-Benz E-Class E200 Exclusive,2016,108888,98000,Mercedes-Benz
Ferrari F430 F1 (COE till 03/2028),2008,57888,275888,Ferrari
Kia Cerato 1.6A SX Sunroof,2019,64000,88800,Kia
Mercedes-Benz C-Class C180 Avantgarde,2021,52000,166966,Mercedes-Benz
Volkswagen Golf GTI 5DR (COE till 10/2033),2013,143000,190000,Volkswagen
MINI Cooper S Cabriolet 2.0A,2021,30000,180888,MINI
Toyota Wish 2.0A (COE till 08/2025),2010,215000,22000,Toyota
Toyota Voxy Hybrid 1.8A V,2018,70000,121800,Toyota
Toyota Corolla Altis 1.6A Elegance,2015,108000,40966,Toyota
Citroen Berlingo 1.5A BlueHDi,2020,71500,63567,Citroen
SEAT Leon CUPRA 2.0A TSI DSG,2017,90000,105800,SEAT
McLaren 600LT,2019,28001,758000,McLaren
Kia Stonic 1.0T SX Sunroof,2019,84148,78800,Kia
Nissan NV350 Microbus 2.5M,2018,84555,78888,Nissan
Land Rover Defender 90 (COE till 06/2032),2013,110000,157800,Land Rover
Nissan NV350 2.5M,2016,38109,36900,Nissan
MINI Cooper 1.5A 5DR,2016,125700,60500,MINI
Bentley Bentayga 4.0A V8,2022,18000,1030800,Bentley
Toyota Prius Hybrid 1.8A (COE till 07/2030),2010,97081,85800,Toyota
Citroen C4 1.2A PureTech,2016,96000,41500,Citroen
Honda City 1.5A i-VTEC (COE till 05/2025),2010,170000,21800,Honda
Mitsubishi Evolution 10 GSR SST (COE till 12/2028),2008,175000,137777,Mitsubishi
Bentley Mulsanne 6.75A (COE till 08/2030),2011,34000,370800,Bentley
Volkswagen Touran 1.4A TSI Comfortline,2018,95000,91800,Volkswagen
Mercedes-Benz CLA-Class CLA45 AMG 4MATIC (New 10-yr COE),2014,140000,198888,Mercedes-Benz
Kia Cerato Forte Koup 1.6A SX Sunroof (COE till 12/2029),2010,120000,63880,Kia
Honda Fit 1.3A,2023,15,126688,Honda
Volkswagen Tiguan 1.4A TSI Comfortline EQP Panoramic Roof,2019,67000,111888,Volkswagen
BMW 2 Series 218i Active Tourer,2015,111000,45000,BMW
Mercedes-Benz CLA-Class CLA180 AMG Line Sunroof,2015,213000,34800,Mercedes-Benz
Nissan Skyline 2.5M (COE till 05/2028),1999,7000,340000,Nissan
Lamborghini Gallardo LP550-2 (COE till 10/2031),2012,83000,313966,Lamborghini
Maserati GranTurismo 4.2A (COE till 06/2032),2012,58000,179800,Maserati
Audi S5 Cabriolet 3.0A TFSI Quattro (COE till 01/2030),2010,121000,118888,Audi
Volkswagen Jetta GP 1.4A TSI,2016,137000,42800,Volkswagen
Mercedes-Benz C-Class C200 Mild Hybrid AMG Line Premium,2023,80,273988,Mercedes-Benz
Honda N-Van Turbo Style Fun Honda Sensing,2023,88,89988,Honda
BMW X3 sDrive20i,2020,28100,188800,BMW
Porsche 911 GT3 RS 3.8M (COE till 02/2031),2011,81888,650888,Porsche
BMW X5 xDrive40i M-Sport 7-Seater,2020,34000,302800,BMW
Mazda 2 1.5A,2016,94000,38900,Mazda
Ferrari 458 Italia Spider (COE till 01/2033),2013,32800,620000,Ferrari
Toyota Vellfire Hybrid 2.5A X,2021,16000,258800,Toyota
Mazda 6 Wagon 2.5A Luxury,2018,63500,100000,Mazda
Maserati Levante Diesel 3.0A,2018,55008,238889,Maserati
Porsche 718 Cayman GTS 2.5A PDK,2018,23900,346888,Porsche
Ferrari FF (COE till 01/2033),2013,60888,608888,Ferrari
Audi S5 Coupe 3.0A TFSI Quattro Sunroof,2019,53998,206000,Audi
Mazda 2 HB 1.5A R (COE till 10/2028),2008,121655,55800,Mazda
BMW M6 Cabriolet (New 10-yr COE),2013,133000,248800,BMW
Mercedes-Benz A-Class A200 AMG Line,2020,15890,170988,Mercedes-Benz
Opel Astra 1.0A Turbo,2016,78000,42800,Opel
Hyundai Elantra 1.6A (COE till 03/2027),2012,72000,39800,Hyundai
Mercedes-Benz GLC-Class GLC250 Coupe AMG Line 4MATIC,2019,84800,174888,Mercedes-Benz
Honda Shuttle 1.5A G Honda Sensing,2020,40120,95888,Honda
Lexus UX200 Executive,2019,89900,129800,Lexus
Volkswagen Golf 1.4A TSI,2017,97000,54800,Volkswagen
Mazda 3 1.6A (COE till 03/2026),2011,136000,34988,Mazda
Toyota C-HR Hybrid 1.8A S,2018,70000,80888,Toyota
Lexus NX Turbo NX200t Executive,2015,75000,65888,Lexus
Mercedes-Benz AMG GT S,2018,16800,438000,Mercedes-Benz
BMW 3 Series 316i (COE till 08/2033),2013,55000,123800,BMW
Mercedes-Benz C-Class C180K (COE till 12/2029),2009,120000,71658,Mercedes-Benz
Toyota Alphard 2.5A Elegance Moonroof,2020,67969,222800,Toyota
Bentley Bentayga 4.0A V8 Centenary Edition,2020,11898,645800,Bentley
Mercedes-Benz CLA-Class CLA180 AMG Line Premium Plus Sunroof,2020,60000,162800,Mercedes-Benz
Mercedes-Benz E-Class E300e Plug-in Hybrid Avantgarde,2022,12008,260800,Mercedes-Benz
Hyundai Avante 1.6A (COE till 04/2029),2009,153000,52988,Hyundai
Toyota Vios 1.5A E,2017,113000,53988,Toyota
Subaru Forester 2.0i-L Sunroof,2016,90000,53800,Subaru
Honda Civic 2.0M Si (COE till 10/2029),2009,161329,79800,Honda
Nissan X-Trail 2.0A 7-Seater Sunroof,2016,79688,51888,Nissan
Land Rover Range Rover Velar 2.0A Si4 R-Dynamic,2018,93000,165888,Land Rover
Honda Fit 1.3A G F-Package,2019,56000,79000,Honda
Toyota Estima 2.4A Aeras Premium Moonroof,2017,98075,94998,Toyota
Porsche Panamera 3.6A PDK Sunroof (COE till 09/2030),2011,112000,142800,Porsche
Toyota Wish 1.8A Elegance,2016,105479,54800,Toyota
Honda Edix 2.0A X (COE till 08/2028),2008,153000,62800,Honda
Mercedes-Benz C-Class C180 Avantgarde,2021,40000,171888,Mercedes-Benz
Audi A5 Sportback Mild Hybrid 2.0A TFSI S-tronic,2023,18230,210888,Audi
Honda Vezel 1.5A X,2018,78000,73800,Honda
Bentley Continental Flying Spur 6.0A (New 10-yr COE)),2005,73999,188888,Bentley
Mazda Axela Diesel 1.5A,2019,62000,79800,Mazda
Honda Crossroad 1.8A L (COE till 02/2030),2010,140000,85800,Honda
Toyota Harrier 2.4A G (COE till 09/2029),2009,130650,71888,Toyota
BMW M135i 5DR (New 10-yr COE),2013,89000,151888,BMW
Nissan Cefiro 2.3A (COE till 05/2026),2006,183000,25988,Nissan
BMW 5 Series 535i Sunroof (COE till 12/2030),2010,174000,106800,BMW
Toyota Corolla Altis 1.6A Elegance,2016,86000,55800,Toyota
Lexus LS600HL Hybrid (COE till 06/2031),2011,143000,95988,Lexus
Mercedes-Benz C-Class C180 CGI (COE till 09/2030),2010,147000,81800,Mercedes-Benz
Hyundai Elantra 1.6A GLS,2018,83568,60800,Hyundai
Toyota C-HR Hybrid 1.8A S,2017,87000,69800,Toyota
Mercedes-Benz CLA-Class CLA180 Urban,2017,84000,74800,Mercedes-Benz
Audi A5 Sportback 2.0A TFSI S-tronic Design,2019,50000,136888,Audi
Volvo V40 Diesel D2,2015,99471,25999,Volvo
Toyota Sienta 1.5A G,2017,60000,57800,Toyota
BMW 4 Series 420i Convertible M-Sport,2021,12700,229800,BMW
MINI Cooper S Paceman 1.6A,2014,125383,29888,MINI
Porsche 718 Cayman 2.0A PDK,2017,55000,226500,Porsche
BMW 3 Series 330i Touring M-Sport Pro,2023,9140,313800,BMW
Infiniti Q30 Diesel 1.5A T,2016,139000,52800,Infiniti
Nissan Note 1.2A,2018,78000,66000,Nissan
BMW X1 sDrive18i M-Sport,2018,108000,114500,BMW
Honda Fit 1.3A G (COE till 06/2028),2008,78000,53800,Honda
Mitsubishi Lancer EX 1.6A Sports,2016,122848,49800,Mitsubishi
BMW 2 Series 216i Gran Coupe Sport,2023,11000,167800,BMW
Toyota Alphard 2.5A S C-Package Moonroof,2018,91000,178888,Toyota
Mitsubishi Outlander 2.0A,2019,68000,96888,Mitsubishi
Volkswagen Passat 1.8A TSI Highline,2018,67000,89988,Volkswagen
Kia Carens 2.0A GDI,2016,74000,48555,Kia
Kia Cerato 1.6A EX,2019,67000,87800,Kia
BMW 2 Series 216i Active Tourer,2019,49538,109800,BMW
BMW 4 Series 420i Coupe M-Sport,2021,41748,193800,BMW
Subaru Forester 2.0A XT Sunroof,2017,68145,70800,Subaru
Toyota Wish 1.8A XE (COE till 06/2028),2008,140000,54800,Toyota
Mercedes-Benz CLA-Class CLA180 Urban,2019,50200,112800,Mercedes-Benz
Mazda 3 1.5A Sunroof,2016,140000,39800,Mazda
Mitsubishi Attrage 1.2A (OPC),2021,29012,80800,Mitsubishi
Subaru Forester 2.0A XT Sunroof,2017,78123,67800,Subaru
Kia Stonic 1.0T EX,2019,101900,71800,Kia
Lexus NX Turbo NX200t Luxury Sunroof,2017,145000,102800,Lexus
BMW X5 Mild Hybrid xDrive40i M-Sport 7-Seater,2022,45000,378888,BMW
Toyota Camry 2.0A,2015,84800,44900,Toyota
Volkswagen Golf Mild Hybrid 1.5A eTSI DSG R-Line,2023,10000,160788,Volkswagen
Lexus ES250 Sunroof,2015,140000,62800,Lexus
Toyota Raize 1.0A X,2021,25000,103800,Toyota
Mercedes-Benz C-Class C180 Avantgarde,2015,163000,55000,Mercedes-Benz
Nissan Sylphy 1.6A,2018,83000,74800,Nissan
Honda Civic 1.6A VTi,2016,76000,58800,Honda
BMW X5 xDrive35i 7-Seater,2016,48300,105000,BMW
Honda Civic 1.6A VTi,2017,112000,62800,Honda
Volkswagen Golf 1.4A TSI (New 5-yr COE),2014,133000,59888,Volkswagen
Kia Stinger 2.0A Sunroof,2019,65000,156800,Kia
Toyota Camry 2.5A,2016,154000,49888,Toyota
Honda Stream 1.8A RSZ (COE till 05/2029),2009,140500,70800,Honda
Audi S5 Cabriolet 3.0A TFSI Quattro (COE till 06/2030),2010,142200,107800,Audi
Volkswagen Touran Sport 1.4A TSI (COE till 04/2029),2009,158000,63800,Volkswagen
Honda Fit 1.3A G F-Package,2016,125000,37800,Honda
Toyota Vios 1.5A E,2020,55000,86800,Toyota
Toyota Wish 1.8A,2015,102000,40800,Toyota
Mercedes-Benz E-Class E200 CGI (COE till 02/2030),2010,167000,79800,Mercedes-Benz
Honda Shuttle 1.5A G,2018,105000,67800,Honda
Mercedes-Benz C-Class C200K (COE till 10/2028),2008,150500,62800,Mercedes-Benz
Volkswagen Sportsvan 1.4A Highline Sunroof,2018,70300,81800,Volkswagen
BMW 7 Series 740Li Sunroof (COE till 04/2030),2010,176000,105800,BMW
BMW 3 Series 316i (COE till 07/2032),2013,141000,118888,BMW
Honda CR-V 2.0A (COE till 09/2027),2007,141000,48800,Honda
Audi R8 Spyder 4.2A FSI Quattro R-tronic (COE till 06/2031),2012,44000,249800,Audi
Mercedes-Benz C-Class C180K (COE till 05/2028),2008,155000,57800,Mercedes-Benz
Toyota Corolla Axio 1.5A G,2017,83000,53800,Toyota
Nissan Sylphy 1.6A,2019,13000,79800,Nissan
Renault Grand Scenic Diesel 1.5A dCi Moonroof,2019,41230,99800,Renault
Honda HR-V 1.5A DX,2017,80100,62800,Honda
Toyota Harrier 2.0A Premium Panoramic Roof,2016,71301,68800,Toyota
Citroen Grand C4 Picasso 1.6A THP Panoramic Roof,2015,107500,34388,Citroen
Volkswagen Tiguan 2.0A R-Line 380 TSI Panoramic Roof,2017,83000,95800,Volkswagen
Volvo XC90 T6 R-Design Sunroof,2017,66000,169800,Volvo
Hyundai Tucson 1.6A GLS DCT Turbo,2019,85800,106700,Hyundai
Honda Freed Hybrid 1.5A G 7-Seater,2019,79000,102800,Honda
Suzuki Swift Hybrid 1.2A GLX,2021,17900,92800,Suzuki
Honda Shuttle Hybrid 1.5A,2019,80000,92888,Honda
Mazda 5 2.0A SP Sunroof,2015,87000,22800,Mazda
Toyota Voxy Hybrid 1.8A X,2020,26000,149800,Toyota
Jaguar XJ 2.0A TSS Premium Luxury SWB Sunroof,2015,92000,81800,Jaguar
Toyota Camry Hybrid 2.5A Ascent Sport,2020,34000,142800,Toyota
BMW 1 Series 116i Luxury,2021,32000,146800,BMW
Kia Stinger 3.3A Sunroof,2017,110000,123800,Kia
Opel Mokka 1.2A Turbo GS,2022,20000,134800,Opel
Audi A5 Coupe 2.0A TFSI Quattro (COE till 07/2030),2010,125000,90800,Audi
Honda Freed 1.5A G (COE till 04/2029),2009,142150,70800,Honda
Toyota Vios 1.5A E (COE till 12/2025),2010,160000,24800,Toyota
Toyota Vios 1.5A E (COE till 08/2025),2010,131500,22800,Toyota
Toyota C-HR Hybrid 1.8A G,2018,58000,84800,Toyota
Toyota Wish 1.8A X (COE till 11/2028),2008,142000,118300,Toyota
Kia Cerato 1.6A SX Sunroof,2018,55000,79800,Kia
Honda Civic 1.6A VTi,2016,96000,55800,Honda
BMW M Series M4 Coupe (COE till 02/2032),2014,112000,259800,BMW
Mitsubishi Lancer EX 1.6A,2016,25000,44800,Mitsubishi
Peugeot 308 1.2A PureTech Allure,2016,119800,34800,Peugeot
Hyundai i30 1.6A Sunroof (COE till 11/2028),2008,130000,59800,Hyundai
Mercedes-Benz CLA-Class CLA45 AMG 4MATIC (New 10-yr COE),2015,61000,219800,Mercedes-Benz
Nissan Cabstar 3.0M,2017,60347,46800,Nissan
Suzuki Swift Hybrid 1.2A GLX (OPC),2021,40800,75800,Suzuki
Mazda 6 2.0A Executive,2019,60000,92111,Mazda
BMW 2 Series 216d Gran Tourer Luxury,2015,118000,46800,BMW
Volkswagen Tiguan 2.0A TSI R-Line,2022,38000,210800,Volkswagen
Volkswagen Touran 1.4A TSI R-Line,2020,44200,138800,Volkswagen
Mercedes-Benz GLC-Class GLC300 Coupe 4MATIC,2020,58000,215800,Mercedes-Benz
Hyundai Avante 1.6A Elite Sunroof,2021,90000,108800,Hyundai
Volvo XC40 T5 R-Design,2019,71000,144800,Volvo
Volvo XC40 T4 Momentum,2018,56500,115800,Volvo
Lamborghini Huracan EVO RWD,2021,6200,998800,Lamborghini
Toyota Corolla Altis 1.6A (COE till 12/2028),2008,121300,57800,Toyota
Hyundai Accent 1.4A,2020,88000,80800,Hyundai
Volkswagen Touran 1.4A TSI Comfortline,2017,60000,76800,Volkswagen
BMW 5 Series 520i Luxury,2018,60000,127800,BMW
Nissan Kicks e-POWER Hybrid 1.2A Premium Plus,2020,31920,115800,Nissan
Mercedes-Benz GLE-Class GLE450 Mild Hybrid AMG Line 4MATIC,2020,69922,291800,Mercedes-Benz
Mercedes-Benz SLK-Class SLK200 (COE till 03/2032),2012,137500,118800,Mercedes-Benz
Honda Grace Hybrid 1.5A DX,2019,48100,94800,Honda
Lexus RX400h Hybrid Sunroof (COE till 06/2028),2008,150000,54800,Lexus
Lexus RX300 Executive,2020,84800,205800,Lexus
Citroen C4 1.2A PureTech,2017,115200,52800,Citroen
Volvo XC60 T5 2.0A,2017,146000,78800,Volvo
Citroen C4 Cactus 1.2A PureTech,2018,63000,65800,Citroen
Land Rover Range Rover Sport 3.0A Supercharged,2018,33000,242800,Land Rover
Mercedes-Benz E-Class E250 CGI (COE till 04/2030),2010,139000,91000,Mercedes-Benz
Honda Fit 1.3A GF,2020,49800,82500,Honda
Nissan Elgrand 2.5A Highway Star,2015,150000,53800,Nissan
BMW 3 Series 318i Shadow Edition,2017,116000,92800,BMW
Honda Shuttle 1.5A G Honda Sensing,2021,25120,106800,Honda
Honda Fit 1.3A,2021,28000,99800,Honda
Mazda 5 2.0A SP Sunroof,2015,98600,30800,Mazda
Skoda Kodiaq 2.0A TSI Laurin & Klement,2019,39500,135800,Skoda
Hyundai Sonata 2.0A GLS,2015,94500,34800,Hyundai
Honda Freed Hybrid 1.5A G Honda Sensing,2019,57000,98800,Honda
BMW X4 xDrive30i M-Sport,2019,33600,192800,BMW
Mazda 3 1.5A Deluxe Sunroof,2015,64000,31800,Mazda
Citroen Grand C4 Picasso 1.6A THP Sunroof,2015,100003,36500,Citroen
Honda HR-V 1.5A LX,2017,116000,64800,Honda
Honda Vezel Hybrid 1.5A X Honda Sensing,2016,95000,48800,Honda
Toyota Harrier Hybrid 2.5A Premium,2022,19000,223800,Toyota
BMW 2 Series 216i Gran Tourer,2017,87000,83800,BMW
SEAT Ateca 1.4A TSI Xcellence,2019,43000,116800,SEAT
Subaru Forester 2.0i-S EyeSight Sunroof,2020,62800,117800,Subaru
Audi Q5 2.0A TFSI Quattro S-tronic Sport,2018,132000,147800,Audi
BMW 2 Series 218i Active Tourer,2015,108000,39800,BMW
Nissan Almera 1.5M,2015,88600,29800,Nissan
BMW 3 Series 316i Sport (New 10-yr COE),2014,90000,124800,BMW
Mercedes-Benz C-Class C200 Coupe AMG Line Sunroof,2019,47000,162500,Mercedes-Benz
Honda Vezel 1.5A X,2016,79800,42800,Honda
Hyundai TL Tucson 2.0A GLS,2017,68800,64800,Hyundai
Mazda 3 1.5A Deluxe Sunroof,2015,95500,35800,Mazda
Nissan Note 1.2A,2019,62794,75800,Nissan
Toyota Alphard 2.5A X 8-Seater,2020,30500,226800,Toyota
Peugeot 3008 1.2A PureTech EAT8 Allure,2020,51690,129800,Peugeot
Volkswagen Beetle 1.2A TSI Sunroof,2016,93000,53000,Volkswagen
Toyota Vellfire 2.5A Z G-Edition Moonroof,2016,75500,126800,Toyota
Lexus UX200 Executive,2021,33907,169800,Lexus
Volvo S60 T2,2018,74500,86800,Volvo
Volvo V40 Cross Country T4 Sunroof,2017,88000,73000,Volvo
Toyota Yaris Cross Hybrid 1.5A Active,2022,11800,131800,Toyota
BMW 5 Series 520i,2016,121000,69800,BMW
Hyundai Elantra 1.6A GLS Elite,2017,90000,60888,Hyundai
Toyota Vellfire 2.5A Elegance 7-Seater Moonroof,2018,46096,185800,Toyota
Mercedes-Benz CLA-Class CLA200 Sunroof (New 10-yr COE),2014,129000,125800,Mercedes-Benz
Toyota Vellfire 2.5A Z G-Edition Moonroof,2015,148223,92800,Toyota
Toyota Corolla Altis 1.6A Standard,2018,96000,83800,Toyota
Volkswagen Golf 1.4A TSI,2015,78000,32800,Volkswagen
Toyota Harrier 2.0A Premium Panoramic Roof,2015,90000,41800,Toyota
Honda Grace Hybrid 1.5A DX,2018,82000,80800,Honda
Toyota Camry Hybrid 2.5A Ascent Sport,2020,34000,137800,Toyota
Audi A6 Plug-in Hybrid 2.0A 50 TFSI e Quattro S-Tronic Sport,2023,7160,265800,Audi
Hyundai i30 1.6A (COE till 02/2029),2009,146000,59800,Hyundai
Peugeot 208 1.2A PureTech Active,2017,106000,44800,Peugeot
Nissan X-Trail 2.0A Premium 7-Seater,2018,99400,88800,Nissan
Volvo V40 Cross Country T4 Sunroof,2017,103000,68800,Volvo
BMW X2 sDrive20i M-Sport,2020,54000,155000,BMW
Honda Shuttle 1.5A G,2018,69783,65800,Honda
Mercedes-Benz C-Class C200,2015,110000,60000,Mercedes-Benz
Audi TT Coupe 1.8A TFSI S-tronic,2018,67000,132800,Audi
Subaru Impreza WRX 2.5M STI-S (COE till 11/2027),2007,295000,83800,Subaru
Nissan Qashqai 1.2A DIG-T,2015,119000,35800,Nissan
Lexus ES250 Luxury Sunroof,2020,43757,178800,Lexus
Audi Q3 Sportback 1.4A TFSI S-tronic,2020,47000,165800,Audi
Honda Shuttle 1.5A G Honda Sensing,2019,55870,90800,Honda
Audi TTS Coupe 2.0A TFSI Quattro S-tronic (COE till 09/2029),2009,102000,105800,Audi
Mitsubishi Outlander 2.0A Sunroof,2018,153595,88800,Mitsubishi
BMW 7 Series 730Li Sunroof (COE till 12/2029),2009,78000,104800,BMW
Volkswagen Golf 1.4A TSI Sunroof,2015,105000,39800,Volkswagen
Mercedes-Benz GLA-Class GLA200 Urban Edition,2014,119578,43800,Mercedes-Benz
Infiniti Q50 2.0A T,2016,115000,57800,Infiniti
Lexus CT Hybrid CT200h Premium (COE till 05/2031),2011,142283,98800,Lexus
Subaru Forester 2.0i-L Sunroof,2016,81181,46800,Subaru
Subaru Forester 2.0A XT Sunroof,2015,135725,33800,Subaru
Mercedes-Benz C-Class C180 Coupe,2018,71000,128800,Mercedes-Benz
Toyota Hiace Commuter 2.8A GL,2023,19,150888,Toyota
Volkswagen Golf GTI 5DR Sunroof (COE till 11/2027),2007,157823,58800,Volkswagen
Volkswagen Golf 1.4A TSI,2014,100000,22300,Volkswagen
Mercedes-Benz CLA-Class CLA180,2014,79268,39800,Mercedes-Benz
Mercedes-Benz C-Class C180 (COE till 10/2028),2013,113922,79800,Mercedes-Benz
Mercedes-Benz Citan 109 CDI Van Extra-Long 2 Seaters,2015,80552,18800,Mercedes-Benz
BMW 2 Series 216i Gran Tourer,2021,57096,136800,BMW
Mercedes-Benz C-Class C180 Coupe,2017,83000,102800,Mercedes-Benz
Kia Stonic 1.0T,2020,47505,85800,Kia
Toyota Vios 1.5A E (COE till 05/2025),2010,112761,19800,Toyota
Suzuki Swift 1.6A (COE till 06/2025),2010,141000,18800,Suzuki
Nissan Qashqai 1.2A DIG-T,2018,109000,71888,Nissan
Toyota Harrier 2.0A Premium Panoramic Roof,2016,83000,52088,Toyota
Volkswagen Scirocco 1.4A TSI (COE till 02/2025),2010,178108,15800,Volkswagen
Volkswagen Golf 1.4A TSI R-Line Sunroof,2016,88500,51888,Volkswagen
Audi A3 Sedan 1.4A TFSI Attraction,2016,73000,47999,Audi
Hyundai Santa Fe 2.4A GLS Sunroof,2017,94166,71800,Hyundai
Toyota Camry 2.0A,2015,104792,44800,Toyota
Honda Vezel 1.5A X,2020,27188,97800,Honda
Audi R8 4.2A FSI Quattro R-tronic (COE till 06/2031),2011,85493,224800,Audi
Nissan Fairlady 370Z (COE till 03/2029),2009,135411,89500,Nissan
Honda Jazz 1.5A RS,2017,65365,58888,Honda
Audi TT Roadster 2.0A TFSI S-tronic,2021,50000,233888,Audi
Mitsubishi Lancer 1.6A GLX MR (COE till 03/2030),2010,135000,75888,Mitsubishi
Porsche Cayenne Diesel 3.0A Tip (COE till 07/2030),2011,145000,146888,Porsche
Toyota Corolla Axio Hybrid 1.5A,2021,17611,126800,Toyota
Honda HR-V 1.5A LX,2019,81569,92800,Honda
Suzuki Jimny Sierra 1.5A JC,2023,9,149800,Suzuki
Hyundai TL Tucson 2.0A GLS,2017,94000,68888,Hyundai
Toyota Corolla Altis 1.6A,2017,130000,58888,Toyota
Toyota Raize 1.0A X,2023,1300,120988,Toyota
Toyota Camry 2.5A,2014,148000,28888,Toyota
Mercedes-Benz GLA-Class GLA200 Urban Edition,2016,130000,73800,Mercedes-Benz
Toyota Harrier 2.0A Premium Panoramic Roof,2017,97000,85888,Toyota
Mazda CX-3 1.5A Classic,2021,45000,118000,Mazda
BMW 3 Series 330i,2019,53000,176800,BMW
Mercedes-Benz A-Class A200 AMG Line,2021,17000,162800,Mercedes-Benz
Audi Q5 Mild Hybrid 2.0A TFSI Quattro S-tronic,2023,4800,239800,Audi
BMW 3 Series 328i (COE till 09/2031),2012,141000,152800,BMW
Toyota Corolla Altis 1.6A (COE till 06/2026),2011,130000,33800,Toyota
Toyota Wish 1.8A,2015,88000,42800,Toyota
Peugeot Partner 1.5M BlueHDi LWB,2020,53566,68888,Peugeot
Volkswagen Sharan 2.0A TSI Panoramic Roof,2017,80000,83888,Volkswagen
Audi A3 Sedan 1.0A TFSI S-tronic,2019,58500,98800,Audi
Mercedes-Benz E-Class E200 Avantgarde,2017,76000,120300,Mercedes-Benz
Kia Cerato 1.6A LX,2019,67000,74500,Kia
Honda Fit Hybrid 1.5A,2020,56000,99800,Honda
Volkswagen Scirocco 1.4A TSI (COE till 11/2025),2010,134000,26800,Volkswagen
Renault Scenic Diesel 1.5A dCi,2019,94000,90800,Renault
Honda Fit 1.3A G (COE till 04/2029),2009,156000,58800,Honda
Toyota C-HR 1.2A Turbo Luxury,2017,119000,76800,Toyota
BMW 6 Series 630i Gran Turismo Luxury Sunroof,2023,800,328800,BMW
Honda Vezel 1.5A X,2019,40000,89800,Honda
Mercedes-Benz A-Class A180,2015,170000,63800,Mercedes-Benz
Toyota Sienta 1.5A Elegance,2019,57188,95800,Toyota
BMW 4 Series 420i Convertible M-Sport,2023,11000,283800,BMW
Honda Vezel 1.5A X,2016,115941,48800,Honda
Honda N-Box L,2023,39,134800,Honda
Jaguar XF 2.0A GTDI Luxury Sunroof,2017,90000,105900,Jaguar
Volkswagen Passat 1.4A TSI,2014,133000,19800,Volkswagen
Toyota Alphard 2.5A S C-Package,2018,60000,183800,Toyota
Porsche Macan 2.0A PDK Panoramic Roof,2016,103000,145000,Porsche
Hyundai Accent 1.4A,2018,30038,60800,Hyundai
Volkswagen Sharan 2.0A TSI Panoramic Roof,2018,69000,101800,Volkswagen
Audi A3 Sedan 1.0A TFSI S-tronic,2017,61538,65888,Audi
Skoda Karoq 1.5A TSI Style,2020,100088,121800,Skoda
Mercedes-Benz E-Class E200 CGI (COE till 10/2030),2010,167000,97800,Mercedes-Benz
Lexus GS300 Luxury (COE till 08/2030),2010,167236,90998,Lexus
Mercedes-Benz E-Class E250 CGI (COE till 11/2029),2009,108136,81800,Mercedes-Benz
Honda Jazz 1.3A L (COE till 01/2029),2009,155000,52800,Honda
Toyota Alphard 2.5A Elegance Sunroof,2016,120000,119800,Toyota
Mercedes-Benz A-Class A180 Progressive,2019,61000,114800,Mercedes-Benz
Volkswagen Golf 1.4A TSI Sunroof,2014,52000,16800,Volkswagen
Toyota Sienta Hybrid 1.5A G,2017,89000,70800,Toyota
Mercedes-Benz GLC-Class GLC250 4MATIC,2017,123399,110800,Mercedes-Benz
Mercedes-Benz A-Class Saloon A250 AMG Line,2020,34588,189888,Mercedes-Benz
Mercedes-Benz GLA-Class GLA180 Urban Edition,2020,42562,116000,Mercedes-Benz
Toyota Previa 2.4A Aeras Moonroof,2017,55000,102800,Toyota
Suzuki Swift Hybrid 1.2A GLX,2021,21000,95800,Suzuki
Nissan Note 1.2A DIG-S,2016,89222,33800,Nissan
Nissan Sylphy 1.6A,2015,142000,25300,Nissan
Mazda 3 Mild Hybrid 1.5A Elegance Sunroof,2022,22000,128800,Mazda
BMW 3 Series 328i (COE till 01/2032),2012,132000,148800,BMW
Audi S4 Sedan 3.0A TFSI Quattro Tip,2017,98300,134800,Audi
Maserati GranCabrio Sport 4.7A,2019,6000,350000,Maserati
Toyota Corolla Altis 1.6A Elegance,2018,104000,70800,Toyota
Honda Civic Type-R 2.0M (COE till 05/2027),2007,204000,84888,Honda
Mazda CX-5 2.0A Premium,2018,46000,104800,Mazda
Mercedes-Benz GLA-Class GLA180 Progressive,2022,14500,194800,Mercedes-Benz
Mercedes-Benz E-Class E250,2015,130000,56800,Mercedes-Benz
Nissan Kicks e-POWER Hybrid 1.2A Premium Plus,2022,27000,129800,Nissan
MINI Cooper S 2.0A 3DR,2015,66650,53388,MINI
Hyundai i30 1.4A T-GDi DCT Turbo,2020,53000,101800,Hyundai
Land Rover Defender 90 Puma (COE till 08/2028),2008,137000,92800,Land Rover
Kia Sportage 2.0A (COE till 09/2028),2008,160000,57300,Kia
Mercedes-Benz S-Class S320L,2017,57500,177800,Mercedes-Benz
Kia Carens Diesel 1.7A Sunroof,2016,92000,57800,Kia
Lexus RX400h Hybrid Sunroof (COE till 05/2028),2008,161000,52998,Lexus
Mercedes-Benz GLB-Class GLB35 AMG 4MATIC 7-Seater,2021,44000,248800,Mercedes-Benz
Volkswagen Arteon 2.0A TSI R-Line,2023,1600,242888,Volkswagen
Mercedes-Benz C-Class C180 Exclusive,2016,121000,75800,Mercedes-Benz
BMW 3 Series 325i Convertible (COE till 05/2029),2009,162000,75800,BMW
Audi A4 Mild Hybrid 2.0A TFSI S-tronic,2023,8000,210000,Audi
Honda Vezel 1.5A X,2018,60000,68800,Honda
Kia Cerato 1.6A LX,2019,75000,86800,Kia
BMW 6 Series 640i Gran Coupe Sunroof (COE till 03/2032),2013,129000,153800,BMW
Volkswagen Touran 1.4A TSI (COE till 06/2031),2011,142000,87998,Volkswagen
Mercedes-Benz A-Class A200 Sport,2021,15000,160800,Mercedes-Benz
Peugeot 3008 1.6A PureTech EAT8 Active,2019,45000,105800,Peugeot
Mercedes-Benz GLA-Class GLA180 Urban Edition,2019,98000,119888,Mercedes-Benz
Toyota Harrier 2.0A Premium Panoramic Roof,2017,76000,87777,Toyota
MINI Cooper S Cabriolet (COE till 05/2028),2008,154000,56800,MINI
Renault Scenic Diesel 1.5A dCi Sunroof,2019,76000,87800,Renault
Nissan Juke 1.6A (COE till 01/2031),2011,153800,78200,Nissan
Volkswagen Scirocco 1.4A TSI (COE till 03/2026),2011,155000,29998,Volkswagen
Honda Vezel 1.5A X,2015,70363,34800,Honda
Jaguar F-PACE 3.0A V6 Supercharged Prestige,2016,120650,99800,Jaguar
Volkswagen Passat 1.8A TSI (COE till 04/2031),2011,111500,85800,Volkswagen
Honda Jazz 1.5A RS (COE till 08/2025),2010,140000,21900,Honda
Mercedes-Benz C-Class C180 Avantgarde,2018,48331,122800,Mercedes-Benz
Volkswagen Golf 1.2A TSI,2017,127000,48800,Volkswagen
Kia Carens Diesel 1.7A Sunroof,2016,104600,51800,Kia
Hyundai Elantra 1.6A GLS S,2017,65000,57933,Hyundai
Nissan Serena e-POWER Hybrid 1.2A Highway Star Premium,2023,1800,203800,Nissan
BMW 7 Series 730Li M Sport,2021,11000,318800,BMW
Subaru XV 1.6i-S,2017,122000,54443,Subaru
Mazda 8 2.3A,2014,155000,24800,Mazda
Mazda 2 HB 1.5A Standard,2021,30000,92888,Mazda
Volvo XC90 T5 Momentum,2017,56863,138800,Volvo
Toyota Alphard 2.5A Elegance Moonroof,2016,59000,106888,Toyota
Mercedes-Benz E-Class E200 Exclusive,2021,58000,220800,Mercedes-Benz
BMW 2 Series 218i Coupe M-Sport Sunroof,2016,120000,69800,BMW
Ford Focus 1.0A GTDI Titanium,2016,52000,44800,Ford
Infiniti Q50 2.0A T,2017,61900,87800,Infiniti
Maserati Quattroporte Diesel 3.0A,2017,64000,179800,Maserati
Hyundai Sonata VIII 2.0A GLS Sunroof,2016,129333,46413,Hyundai
Peugeot 308 SW 1.2A PureTech Allure Glass Roof,2017,130000,49900,Peugeot
BMW 3 Series 318i Luxury,2018,83531,97800,BMW
Honda Jazz 1.5A RS,2019,17700,83800,Honda
BMW M135i xDrive,2020,30000,191800,BMW
MINI Cooper S 2.0A 5DR,2015,80000,52800,MINI
Volvo XC90 2.5T (COE till 03/2030),2010,125000,91800,Volvo
Maserati GranTurismo 4.2A (COE till 11/2031),2012,89000,160000,Maserati
Volvo XC60 T5 Momentum,2017,80000,113800,Volvo
Audi A3 Cabriolet 1.8A TFSI S-tronic (COE till 12/2030),2011,121000,100000,Audi
Mercedes-Benz A-Class Saloon A180 Progressive,2022,14000,167800,Mercedes-Benz
Porsche Panamera S 3.0A PDK,2016,20400,256800,Porsche
Toyota Alphard Hybrid 2.5A X,2022,17768,273800,Toyota
Mitsubishi Eclipse Cross 1.5A Sunroof,2019,90131,108000,Mitsubishi
Honda Vezel 1.5A X,2016,102000,46998,Honda
Mercedes-Benz B-Class B200 SE,2021,34000,162800,Mercedes-Benz
Suzuki Swift Sport 1.6M (COE till 02/2029),2009,199900,60800,Suzuki
Nissan X-Trail 2.0A 7-Seater Sunroof,2016,108000,50800,Nissan
Hyundai Elantra 1.6A (COE till 06/2028),2013,120000,56800,Hyundai
Audi A1 1.4A TFSI S-tronic S-Line,2015,51000,37800,Audi
Mazda 6 2.0A,2016,88500,49888,Mazda
Porsche Panamera 3.6A PDK Edition,2015,49000,163800,Porsche
Porsche Boxster S 3.4A Tip (COE till 10/2027),2008,149000,83800,Porsche
Audi A5 Sportback 2.0A TFSI S-tronic Design,2018,43000,129800,Audi
Porsche Cayenne 3.0A Tip,2021,20500,440800,Porsche
Porsche 911 Turbo S Coupe 3.8A PDK (New 10-yr COE),2014,105000,628000,Porsche
Lexus ES250 Executive Sunroof,2017,15300,105800,Lexus
Porsche Panamera 3.6A PDK (COE till 03/2033),2013,160000,192777,Porsche
Toyota Alphard 3.5A S C-Package Moonroof,2019,50000,222800,Toyota
Mazda 6 2.0A Executive,2016,118000,48800,Mazda
Honda Accord Euro R 2.0M (COE till 03/2026),2006,210000,49888,Honda
Mercedes-Benz E-Class E250 Exclusive,2017,120000,129800,Mercedes-Benz
Mercedes-Benz SLK-Class SLK200K (COE till 12/2029),2009,180000,83800,Mercedes-Benz
Toyota Noah Hybrid 1.8A X,2021,54000,181800,Toyota
Mercedes-Benz C-Class C180 Avantgarde,2016,65000,75800,Mercedes-Benz
Audi R8 4.2A FSI Quattro (COE till 07/2028),2008,125000,154800,Audi
Lexus RX Turbo RX200t Executive,2016,130000,88800,Lexus
Toyota Voxy Hybrid 1.8A ZS,2023,78,225800,Toyota
Subaru Forester 2.0i-L Sunroof,2017,116000,64800,Subaru
BMW X1 sDrive18i xLine,2022,11000,179777,BMW
Volkswagen Passat 1.8A TFSI,2017,83000,80800,Volkswagen
Mercedes-Benz S-Class S400L,2017,63000,165777,Mercedes-Benz
Honda Fit 1.3A G F-Package,2020,53000,87777,Honda
Subaru Impreza 4D 1.5A R (COE till 12/2028),2008,110000,48998,Subaru
Mercedes-Benz GLC-Class GLC250 4MATIC Sunroof,2016,128000,95800,Mercedes-Benz
BMW X3 sDrive20i,2021,33000,208888,BMW
Lexus RX300 Executive,2022,25000,249800,Lexus
Toyota Noah Hybrid 1.8A X,2019,45000,130777,Toyota
Audi Q3 Mild Hybrid 1.5A TFSI S-tronic,2023,20000,209777,Audi
Audi Q2 1.0A TFSI S-tronic,2017,78000,71888,Audi
Subaru XV 2.0i-S EyeSight,2019,96000,84800,Subaru
Suzuki Swift Hybrid 1.2A GLX,2021,29000,94800,Suzuki
Honda City 1.5A SV,2018,71500,73188,Honda
BMW 7 Series 730Li Sunroof,2018,90831,174800,BMW
Mercedes-Benz C-Class C180K (COE till 05/2028),2008,133000,57300,Mercedes-Benz
Mitsubishi Colt Plus 1.5A Sports (COE till 10/2025),2010,155000,20300,Mitsubishi
Kia Carens Diesel 1.7A,2016,130000,54800,Kia
BMW 3 Series 316i Sport (COE till 09/2033),2013,111000,131800,BMW
Porsche Macan 2.0A PDK,2019,52000,230000,Porsche
Ferrari Portofino 3.9A,2019,21854,758800,Ferrari
Hyundai Santa Fe Hybrid 1.6A Turbo 7-Seater Sunroof,2023,14000,221800,Hyundai
Porsche Macan GTS 3.0A PDK,2016,94000,183777,Porsche
Mercedes-Benz S-Class S320L,2016,109000,148777,Mercedes-Benz
BMW 1 Series 116i (COE till 06/2031),2011,113000,90800,BMW
Honda Shuttle 1.5A G Honda Sensing,2021,15000,109800,Honda
Mercedes-Benz A-Class A45 AMG 4MATIC Sunroof (New 10-yr COE),2013,149000,188800,Mercedes-Benz
Mercedes-Benz B-Class B180 Progressive,2022,29000,168800,Mercedes-Benz
Mazda MX-5 2.0A,2016,50369,71888,Mazda
Jaguar XJ 5.0A Sunroof (COE till 12/2031),2012,165000,96777,Jaguar
Bentley Continental GT 4.0A V8,2015,74000,270000,Bentley
Mercedes-Benz GLA-Class GLA180 Urban Edition,2019,113181,114500,Mercedes-Benz
Mitsubishi Colt Plus Ralliart 1.5A Turbo (COE till 12/2027),2008,157000,56300,Mitsubishi
Suzuki Swift 1.5A (COE till 12/2028),2008,158000,53388,Suzuki
Honda Shuttle 1.5A G,2019,40200,80188,Honda
Mazda 2 1.5A (COE till 03/2031),2011,150000,82800,Mazda
Toyota Wish 1.8A Elegance,2016,118000,47580,Toyota
BMW 3 Series 323i (COE till 04/2028),2008,190000,54800,BMW
Honda Freed 1.5A G Honda Sensing (OPC),2019,55000,91500,Honda
Toyota Dyna 150 3.0M,2018,90000,76800,Toyota
Toyota Harrier 2.0A Elegance Panoramic Roof,2016,50000,82800,Toyota
Audi TT Coupe 2.0A TFSI Quattro,2015,90000,89777,Audi
BMW 7 Series 740Li Luxury Sunroof,2016,119000,135777,BMW
Audi A3 Sportback 1.0A TFSI S-tronic,2018,80000,91800,Audi
Audi A7 Sportback 2.8A FSI Quattro S-tronic (COE till 04/2031),2011,125000,119800,Audi
Mercedes-Benz GLA-Class GLA200 AMG Line,2021,44000,184800,Mercedes-Benz
Volvo S80 T5,2016,141000,51800,Volvo
Toyota Voxy Hybrid 1.8A V,2019,84564,136800,Toyota
Toyota Wish 1.8A Elegance,2017,112600,72800,Toyota
Volkswagen Beetle Dune 1.4A TSI,2018,54150,99800,Volkswagen
Jaguar XE Diesel 2.0A Prestige,2016,116000,63800,Jaguar
Volkswagen Golf GTI 5DR Sunroof,2020,53004,161800,Volkswagen
BMW 2 Series 216i Gran Coupe Sport,2022,8000,157777,BMW
Nissan Note 1.2A DIG-S,2017,10000,44900,Nissan
Volkswagen Tiguan 2.0A R-Line 380 TSI,2017,95000,98777,Volkswagen
Volkswagen Touran 1.4A TSI Comfortline Sunroof,2018,41000,96777,Volkswagen
Mitsubishi Colt Ralliart Version-R 1.5A Turbo (COE till 01/2029),2009,112000,62098,Mitsubishi
Ford Fiesta 1.0A Ecoboost Titanium,2016,79000,43777,Ford
Toyota Sienta 1.5A Standard,2021,30000,122800,Toyota
BMW 5 Series 523i Highline (COE till 08/2030),2010,133000,100800,BMW
Ford Mustang 5.0A GT,2018,21000,193777,Ford
Mercedes-Benz S-Class S320L,2020,37000,299777,Mercedes-Benz
Honda Vezel 1.5A X,2016,92000,44500,Honda
Honda Jazz 1.3A,2019,72000,76500,Honda
Jaguar XE 2.0A i4,2019,62000,114800,Jaguar
Mazda CX-5 2.0A,2014,90000,24800,Mazda
Mazda 6 2.0A,2018,128000,76000,Mazda
Volkswagen Golf GTI 5DR Sunroof (COE till 03/2029),2009,170000,73800,Volkswagen
Honda Stream 1.8A (COE till 05/2028),2008,129000,58800,Honda
Mazda CX-3 2.0A Standard,2019,69000,90800,Mazda
Mazda 3 Mild Hybrid 1.5A Elegance Sunroof,2019,67000,96800,Mazda
Mercedes-Benz C-Class C180 Avantgarde,2018,80000,109800,Mercedes-Benz
Porsche 718 Cayman 2.0A PDK,2020,23200,323800,Porsche
Mercedes-Benz S-Class S350L Sunroof (COE till 01/2027),2007,163000,49777,Mercedes-Benz
Mercedes-Benz E-Class E300 AMG Line,2021,25600,266000,Mercedes-Benz
Toyota Corolla Axio 1.5A X,2017,95558,48800,Toyota
Mercedes-Benz E-Class E63 S AMG 4MATIC+,2018,70500,328000,Mercedes-Benz
Toyota Harrier Turbo 2.0A G Panoramic Roof,2018,82000,112800,Toyota
Audi A3 Sedan 1.0A TFSI S-tronic,2017,99000,69800,Audi
Mercedes-Benz E-Class E200 Mild Hybrid Avantgarde,2022,34000,237777,Mercedes-Benz
Mazda 3 1.5A Sunroof,2016,85000,37700,Mazda
Volkswagen Scirocco GP 1.4A TSI,2016,91000,53777,Volkswagen
Honda Vezel Hybrid 1.5A X Honda Sensing,2016,83400,53800,Honda
Honda Fit 1.3A G F-Package,2020,740000,86777,Honda
Peugeot 5008 Diesel 1.6A BlueHDi EAT6 Sunroof,2016,132000,42800,Peugeot
Honda Jazz 1.5A RS,2017,100000,50988,Honda
Audi A3 Sportback 1.0A TFSI S-tronic,2019,49000,105800,Audi
Mitsubishi Fuso Fighter FM65,2017,50000,90800,Mitsubishi
Honda Freed Hybrid 1.5A G 7-Seater,2019,32000,105388,Honda
Mazda 5 2.0A Sunroof,2017,104600,65000,Mazda
Mercedes-Benz GLC-Class GLC43 AMG 4MATIC,2019,85000,187777,Mercedes-Benz
Nissan Qashqai 1.2A DIG-T Premium,2016,90586,43800,Nissan
Renault Kadjar 1.2A TCe,2017,110000,68800,Renault
Nissan Sylphy 1.6A,2021,62888,102888,Nissan
Nissan X-Trail 2.0A Premium 7-Seater Sunroof,2015,80000,36800,Nissan
Hyundai Verna 1.4A (COE till 12/2028),2008,107000,50800,Hyundai
Mercedes-Benz C-Class C300 AMG Line Premium Plus,2019,86000,178777,Mercedes-Benz
Infiniti Q30 Diesel 1.5A T Premium,2018,103300,75800,Infiniti
Toyota Raize 1.2A G,2023,38,128800,Toyota
Mazda 3 1.5A Sunroof,2016,85000,42700,Mazda
Volvo S60 T5,2018,63400,92900,Volvo
BMW X1 sDrive18i,2017,123429,84800,BMW
Peugeot 3008 Diesel 1.6A BlueHDi,2016,130000,38800,Peugeot
Honda Jazz 1.5A RS,2018,75680,70900,Honda
BMW 1 Series 118i 5DR M-Sport,2020,47596,138800,BMW
BMW 1 Series 116d,2017,117000,67800,BMW
Mercedes-Benz C-Class C180 Avantgarde,2017,89000,94888,Mercedes-Benz
Citroen DS4 Crossback Diesel 1.6A BlueHDi,2017,104123,54800,Citroen
Land Rover Discovery Sport 2.0A SE 7-Seater Sunroof,2018,77000,129000,Land Rover
Honda Civic 1.5A VTEC Turbo Sunroof,2018,97600,88800,Honda
Toyota Alphard Hybrid 2.5A SR C-Package Moonroof,2023,200,313999,Toyota
Mercedes-Benz CLA-Class CLA180 Shooting Brake,2016,93800,62500,Mercedes-Benz
BMW 2 Series 216i Gran Tourer,2018,82688,94888,BMW
Toyota Alphard 2.5A Elegance Sunroof,2016,88000,114555,Toyota
MINI Cooper S Clubman 2.0A,2017,106188,91888,MINI
Kia Cerato 1.6A SX Sunroof (OPC),2019,53120,76800,Kia
Mitsubishi Attrage 1.2A (OPC),2019,26778,55800,Mitsubishi
Chevrolet Orlando 1.4A Turbo,2017,79000,58888,Chevrolet
Toyota Corolla Altis 1.6A Classic,2016,83000,51700,Toyota
Toyota Yaris Cross 1.5A G,2022,500,122000,Toyota
Subaru Forester 2.0A XT Sunroof,2016,153000,46800,Subaru
Lexus IS Hybrid IS300h Executive,2018,62000,125999,Lexus
Kia Cerato K3 1.6A EX,2015,95000,25888,Kia
Subaru Forester 2.0A XT Sunroof,2015,95000,35888,Subaru
Audi A4 2.0A TFSI S-tronic,2019,119862,120800,Audi
Toyota Harrier 2.0A Elegance Panoramic Roof,2015,112000,43588,Toyota
Toyota Wish 1.8A,2016,133672,49800,Toyota
BMW 1 Series 116i Sportline,2021,21000,137555,BMW
Mercedes-Benz GLC-Class GLC250 Coupe 4MATIC Sunroof,2017,86084,122800,Mercedes-Benz
Mazda 6 2.5A Premium,2018,83000,84888,Mazda
BMW X3 sDrive20i,2018,98280,142800,BMW
Kia Cerato K3 1.6A SX,2015,109000,37800,Kia
BMW 4 Series 435i Gran Coupe M-Sport Sunroof,2015,32000,94800,BMW
Toyota Allion 1.5A (COE till 04/2029),2009,127000,60800,Toyota
Mitsubishi Attrage 1.2A Sports,2020,47970,76555,Mitsubishi
Volkswagen Scirocco GP 1.4A TSI,2015,92000,29800,Volkswagen
Honda Shuttle 1.5A G,2016,81400,37568,Honda
Honda Fit 1.3A G (COE till 11/2028),2008,120000,52888,Honda
Mazda Biante 2.0A,2016,96000,60118,Mazda
BMW 5 Series 530e Plug-in Hybrid,2018,80000,145800,BMW
Mitsubishi Lancer 1.6A GLX (COE till 03/2025),2010,129000,15800,Mitsubishi
Honda Stream 1.8A (COE till 05/2028),2008,129000,55508,Honda
Maserati Ghibli S 3.0A,2016,82000,156899,Maserati
Honda City 1.5A SV,2017,63000,52858,Honda
Mercedes-Benz GLC-Class GLC200,2019,76000,172800,Mercedes-Benz
McLaren 12C Spider (COE till 02/2033),2013,33333,523456,McLaren
Mercedes-Benz C-Class C180 Coupe,2018,80000,113800,Mercedes-Benz
Lexus IS Turbo IS300 Executive,2018,47000,115800,Lexus
Mercedes-Benz C-Class C180 Avantgarde,2017,95000,90800,Mercedes-Benz
Hyundai i30 1.4A T-GDi DCT Turbo,2019,54000,85788,Hyundai
Honda HR-V 1.5A DX,2017,88178,58800,Honda
Honda Airwave 1.5A M (COE till 04/2029),2009,150000,58800,Honda
Honda Fit 1.3A,2022,26730,106388,Honda
BMW 3 Series 316i,2015,114122,35800,BMW
Volvo XC40 T4 Momentum,2019,37888,132800,Volvo
BMW 7 Series 740Li Sunroof (COE till 11/2030),2010,133000,102488,BMW
Toyota Corolla Axio Hybrid 1.5A,2021,19000,109800,Toyota
Audi A4 1.8A TFSI MU Attraction,2015,123558,46800,Audi
Mercedes-Benz C-Class C180K (COE till 11/2027),2008,124000,53800,Mercedes-Benz
BMW 3 Series 316i (New 5-yr COE),2014,108700,75658,BMW
Volkswagen Scirocco GP 1.4A TSI,2016,83000,54800,Volkswagen
Honda Vezel 1.5A X,2016,86000,49308,Honda
Honda Civic 1.6A VTi,2018,83344,83800,Honda
Lexus ES250 Luxury Sunroof,2017,94085,98800,Lexus
Honda HR-V 1.5A DX,2017,81868,63800,Honda
Mercedes-Benz C-Class C180 (COE till 10/2031),2012,128588,92788,Mercedes-Benz
Honda Vezel 1.5A X,2019,43700,88888,Honda
Mitsubishi Attrage 1.2A,2018,45688,53888,Mitsubishi
Kia Cerato Forte 1.6A EX (COE till 06/2025),2010,130200,18758,Kia
Mazda 6 2.0A Executive,2016,94228,57800,Mazda
Subaru XV 2.0i-S EyeSight,2020,56000,105900,Subaru
Toyota Raize 1.0A XS,2022,12800,113800,Toyota
Rolls-Royce Silver Shadow (COE till 12/2033),1978,6900,218000,Rolls-Royce
BMW X3 sDrive20i M-Sport,2018,148000,141800,BMW
MINI Cooper S 2.0A 5DR,2016,61000,69800,MINI
Volkswagen Passat 1.8A TFSI Highline Sunroof,2017,119500,65800,Volkswagen
Honda Crossroad 1.8A LX (COE till 06/2029),2009,128316,76448,Honda
Honda Accord 2.4A (COE till 02/2029),2009,160000,59800,Honda
Mercedes-Benz C-Class C180 Coupe (COE till 05/2031),2012,128500,94108,Mercedes-Benz
Toyota Harrier 2.0A Elegance,2015,116000,47800,Toyota
Land Rover Range Rover Evoque 2.0A 5DR Sunroof,2017,102400,109880,Land Rover
Kia Stonic 1.0T EX,2019,79886,78800,Kia
BMW Z4 sDrive23i (COE till 02/2029),2009,131000,78880,BMW
Toyota Picnic 2.0A (COE till 09/2027),2007,140000,49800,Toyota
BMW 6 Series 640i Gran Coupe M-Sport Sunroof (COE till 01/2033),2013,127000,166800,BMW
Honda Stream 1.8A X (COE till 08/2028),2008,116000,60800,Honda
BMW 4 Series 420i Gran Coupe M-Sport,2022,30000,229888,BMW
Hyundai Elantra 1.6A,2016,114000,38800,Hyundai
Toyota Sienta Hybrid 1.5A G,2017,78000,60800,Toyota
BMW 2 Series 218i Gran Coupe M-Sport,2022,25888,174555,BMW
Mercedes-Benz B-Class B200 (COE till 08/2032),2012,103000,103800,Mercedes-Benz
Toyota Prius Hybrid 1.8A,2017,29600,67800,Toyota
Toyota Alphard 2.5A Elegance Sunroof,2016,158845,126800,Toyota
Jaguar E-PACE 2.0A Prestige,2019,62000,129800,Jaguar
BMW 5 Series 530e Plug-in Hybrid,2020,46800,186988,BMW
Mercedes-Benz CLS-Class CLS350 Coupe Mild Hybrid Sunroof,2019,76000,220000,Mercedes-Benz
Mercedes-Benz A-Class A180 Style,2017,104000,76500,Mercedes-Benz
Toyota Sienta 1.5A Elegance,2019,87000,92800,Toyota
Porsche Boxster 2.7A PDK (COE till 03/2033),2013,105000,218800,Porsche
Toyota Alphard Hybrid 2.5A Elegance,2023,16180,346888,Toyota
Toyota Harrier 2.0A Elegance Panoramic Roof,2015,108663,46300,Toyota
Mercedes-Benz CLA-Class CLA200 Progressive,2020,11000,154800,Mercedes-Benz
Mercedes-Benz CLA-Class CLA180 AMG Line,2020,61000,165888,Mercedes-Benz
Volkswagen Touran Sport 1.4A TSI (COE till 12/2028),2009,139401,62800,Volkswagen
Mazda CX-9 2.5A Turbo Luxury,2019,35783,142800,Mazda
Mercedes-Benz GLE-Class GLE400 4MATIC,2015,121000,114800,Mercedes-Benz
Mercedes-Benz CLA-Class CLA180 AMG Line,2019,56300,118800,Mercedes-Benz
Honda Civic Type-R 2.0M VTEC Turbo GT,2016,69000,83800,Honda
Mercedes-Benz GLA-Class GLA180 Urban Edition,2019,41000,131800,Mercedes-Benz
Subaru Forester 2.0i-L Sunroof,2018,108500,77800,Subaru
Hyundai Tucson 1.6A GLS T-GDi DCT Turbo S,2017,75500,79888,Hyundai
Volvo XC60 2.0T (COE till 04/2031),2011,130000,96800,Volvo
Toyota Prius Plus Hybrid 1.8A,2020,51200,135988,Toyota
Audi Q3 Sportback 1.4A TFSI S-tronic,2020,19507,167800,Audi
Honda Freed 1.5A B Honda Sensing,2022,29641,133888,Honda
Honda Shuttle Hybrid 1.5A LED,2020,55248,110800,Honda
Mazda MX-5 RF 2.0M,2019,20000,168800,Mazda
Nissan Sylphy 1.6A,2018,50000,80000,Nissan
Mitsubishi Lancer EX 1.6A,2016,42000,43300,Mitsubishi
Porsche 911 GT3 RS 4.0A PDK,2015,49000,599000,Porsche
Mercedes-Benz GLB-Class GLB200 AMG Line Premium Plus,2020,53263,187800,Mercedes-Benz
Mercedes-Benz SLK-Class SLK200K (COE till 12/2029),2010,160000,75000,Mercedes-Benz
Honda Jazz 1.3A,2016,86000,36800,Honda
Toyota Harrier Turbo 2.0A M,2018,63000,107388,Toyota
Mazda 3 1.5A Sunroof,2017,90000,60800,Mazda
Volvo V40 T2,2017,78000,67800,Volvo
Honda HR-V 1.5A DX,2022,25000,142800,Honda
Nissan Teana 2.5A,2016,75000,53800,Nissan
Honda HR-V 1.5A LX,2016,68000,48800,Honda
Honda Vezel 1.5A X,2017,87507,55800,Honda
Audi Q7 2.0A TFSI Quattro Tip 7-Seater,2021,33000,296888,Audi
Hyundai Avante 1.6A S,2021,46200,112800,Hyundai
Audi SQ5 3.0A TFSI Quattro,2017,65000,166800,Audi
Mercedes-Benz S-Class S500L Mild Hybrid AMG Line 4MATIC Premium Executive,2021,20000,454888,Mercedes-Benz
Honda Vezel Hybrid 1.5A  e:HEV X Honda Sensing,2022,20200,149800,Honda
Subaru Legacy 2.5i-S Sunroof,2015,123889,33300,Subaru
Mercedes-Benz CLA-Class CLA180,2014,85700,31500,Mercedes-Benz
Hyundai Avante 1.6A S,2021,60000,111800,Hyundai
Kia Cerato 1.6A EX,2020,53807,97800,Kia
Toyota Prius Hybrid 1.8A S,2018,75080,84800,Toyota
Mercedes-Benz C-Class C180 Avantgarde,2017,90500,90800,Mercedes-Benz
Mercedes-Benz GLS-Class GLS400 4MATIC Sunroof,2019,53000,310800,Mercedes-Benz
Nissan Sylphy 1.6A Premium,2016,37315,49800,Nissan
Honda Shuttle 1.5A G LED,2018,58000,75800,Honda
Toyota C-HR Hybrid 1.8A S,2018,78000,75800,Toyota
Volvo XC40 T5 R-Design,2021,35397,176500,Volvo
Honda Jazz 1.3A,2018,60600,71800,Honda
Volkswagen Touran Diesel 1.6A TDI Sunroof,2015,95700,32500,Volkswagen
Subaru Forester 2.0A XT Sunroof,2016,125110,58800,Subaru
Honda Shuttle 1.5A G,2017,68399,60800,Honda
Kia Carens Diesel 1.7A Sunroof,2016,110000,52800,Kia
Honda Odyssey 2.4A EXV-S Navi Res Sunroof,2015,97878,40800,Honda
Citroen Grand C4 Picasso Diesel 1.6A BlueHDi Panoramic Roof,2017,120000,56955,Citroen
Volkswagen Golf 1.2A TSI,2017,71000,63800,Volkswagen
Skoda Kodiaq 2.0A TSI Laurin & Klement,2019,55043,135800,Skoda
Kia Stonic 1.0T EX,2020,58000,98800,Kia
Kia Cerato K3 1.6A SX Sunroof,2018,85000,68800,Kia
Nissan Sylphy 1.6A,2019,73000,78999,Nissan
Honda Civic 2.0A (COE till 05/2026),2006,43000,35800,Honda
Mercedes-Benz CLA-Class CLA180 Progressive,2022,25000,186688,Mercedes-Benz
Chevrolet Cruze 1.4A Turbo,2017,75568,53500,Chevrolet
Mazda 5 2.0A SP Sunroof,2016,86800,55500,Mazda
BMW 2 Series 216i Active Tourer,2019,59990,113500,BMW
Mitsubishi Attrage 1.2A (OPC),2016,68775,32588,Mitsubishi
Lexus UX200 Luxury,2019,29900,135800,Lexus
BMW X1 sDrive18i xLine,2021,37667,158800,BMW
Nissan Qashqai 1.2A DIG-T,2015,110168,34800,Nissan
Renault Kadjar 1.2A TCe,2017,88823,63800,Renault
Hyundai Kona Hybrid 1.6A DCT Sunroof,2022,16500,134800,Hyundai
Skoda Kodiaq RS 2.0A TSI 7-Seater,2022,13989,233800,Skoda
Honda Civic HB 1.5A VTEC Turbo,2018,80000,95800,Honda
Honda Vezel Hybrid 1.5A X,2020,66000,106800,Honda
Kia Cerato K3 1.6A SX Sunroof,2017,114200,54800,Kia
Citroen Grand C4 SpaceTourer 1.2A PureTech EAT6,2018,82000,91955,Citroen
Mercedes-Benz C-Class C200 Coupe AMG Line Sunroof,2018,135000,133500,Mercedes-Benz
Honda Freed 1.5A G Honda Sensing,2022,13000,153800,Honda
Honda HR-V 1.5A LX,2017,90000,67800,Honda
Kia Cerato 1.6A SX Sunroof,2019,62949,90800,Kia
Honda Shuttle Hybrid 1.5A,2017,58500,66800,Honda
Toyota Alphard 2.5A S C-Package Moonroof,2019,41000,200800,Toyota
Toyota C-HR Hybrid 1.8A G,2017,67400,76800,Toyota
Toyota Camry 2.4A (COE till 04/2028),2008,145288,48500,Toyota
Mazda 3 HB Mild Hybrid 1.5A Astina Sunroof,2021,30000,123800,Mazda
Honda CR-V 2.4A Sunroof,2016,102000,64800,Honda
Rolls-Royce Cullinan 6.75A,2022,1000,1888800,Rolls-Royce
Subaru Forester 2.0i-L Sunroof,2017,149000,63800,Subaru
Mitsubishi Outlander 2.4A Sunroof,2016,115000,49800,Mitsubishi
MINI Cooper S Clubman 2.0A,2018,37000,125800,MINI
Honda Odyssey 2.4A EXV-S Sunroof,2016,125960,71888,Honda
BMW 5 Series 520i,2018,95628,132800,BMW
Honda Vezel Hybrid 1.5A X,2017,83138,63800,Honda
Honda Vezel 1.5A X Honda Sensing,2015,89500,37800,Honda
Mercedes-Benz C-Class C180 CGI (COE till 08/2032),2013,90000,120800,Mercedes-Benz
Suzuki Vitara 1.4A GLX,2020,19335,101800,Suzuki
BMW 5 Series 530i Luxury,2017,117426,130800,BMW
Toyota Voxy Hybrid 1.8A X,2020,23000,167800,Toyota
Volkswagen Beetle 1.2A TSI Sunroof,2015,104300,40800,Volkswagen
SEAT Ibiza 1.0A EcoTSI DSG Style,2021,10300,97955,SEAT
Porsche Cayman 2.7A Tip (COE till 06/2028),2008,67000,170000,Porsche
Citroen C5 Aircross 1.6A PureTech EAT8 Shine,2019,58000,99800,Citroen
Mercedes-Benz C-Class C180 Avantgarde,2020,43000,159800,Mercedes-Benz
Chevrolet Orlando 1.4A Turbo,2017,96000,53800,Chevrolet
Honda Fit Hybrid 1.5A F,2018,57000,75888,Honda
Mitsubishi Attrage 1.2A Sports,2018,49000,61800,Mitsubishi
Toyota Vellfire 2.5A Z G-Edition Moonroof,2019,65000,193800,Toyota
Honda Freed Hybrid 1.5A G,2018,77000,92800,Honda
Mercedes-Benz C-Class C43 AMG 4MATIC,2017,152000,138800,Mercedes-Benz
BMW 2 Series 218i Active Tourer M-Sport,2023,7100,201800,BMW
Ford Focus Titanium 1.6A,2016,68500,38800,Ford
Mercedes-Benz E-Class E300 Avantgarde,2019,50000,177300,Mercedes-Benz
BMW 2 Series 216i Gran Coupe Sport,2023,12487,165800,BMW
Mercedes-Benz S-Class S320L,2019,46000,252888,Mercedes-Benz
Honda Fit 1.3A,2021,38000,97988,Honda
Hyundai Tucson 2.0A GLS,2016,105000,49800,Hyundai
Honda Vezel 1.5A X,2016,66000,48800,Honda
Toyota Corolla Altis 1.6A Elegance,2016,98000,46800,Toyota
Subaru Forester 2.0i-L Sunroof,2016,150096,42800,Subaru
Toyota Corolla Altis 1.6A Classic,2015,141000,32800,Toyota
Toyota Estima 2.4A Aeras Premium Moonroof,2015,88000,49800,Toyota
Toyota Camry 2.0A,2018,61669,90777,Toyota
Mercedes-Benz E-Class E300 Coupe AMG Line,2018,64000,183800,Mercedes-Benz
Mercedes-Benz C-Class C180 Coupe,2018,64597,128800,Mercedes-Benz
Audi A6 2.0A TFSI MU (COE till 03/2029),2009,115000,65800,Audi
Mazda MX-5 RF 2.0M,2018,41000,124800,Mazda
Mercedes-Benz GLA-Class GLA180 Urban Edition,2018,79800,103800,Mercedes-Benz
Toyota Hiace 3.0M,2018,79656,55800,Toyota
Mercedes-Benz GLA-Class GLA200 AMG Line Sunroof,2018,94800,114800,Mercedes-Benz
BMW 1 Series 118i 5DR M-Sport Highline,2020,34905,145800,BMW
BMW 2 Series 216i Gran Tourer,2018,90000,91800,BMW
Toyota Estima 2.4A Aeras (COE till 11/2027),2007,149212,57800,Toyota
Honda Odyssey 2.4A EXV-S Sunroof,2015,128000,44800,Honda
Mercedes-Benz GLB-Class GLB180 Progressive,2022,12000,203800,Mercedes-Benz
Hyundai Tucson Hybrid 1.6A GLS T-GDi DCT Turbo S Sunroof,2021,42000,172388,Hyundai
Toyota Previa 2.4A Aeras Moonroof,2017,110000,103800,Toyota
Toyota Vios 1.5A E (COE till 01/2029),2009,133000,51800,Toyota
Mazda CX-8 2.5A Luxury 7-Seater,2021,19000,182800,Mazda
BMW X3 Mild Hybrid xDrive20i,2022,29888,242888,BMW
Audi A4 2.0A TFSI S-tronic,2018,101000,105800,Audi
Mercedes-Benz C-Class C180 Avantgarde,2017,100000,95800,Mercedes-Benz
Toyota Estima 2.4A Aeras (COE till 08/2028),2008,139943,66800,Toyota
Honda Shuttle 1.5A G,2018,79813,63800,Honda
Toyota Camry 2.0A,2019,62900,121800,Toyota
Toyota Prius Plus Hybrid 1.8A,2018,30000,103800,Toyota
Hyundai i30 1.4A T-GDi DCT Turbo (OPC),2018,36200,67999,Hyundai
Mitsubishi Evolution 10 GSR SST (COE till 03/2028),2008,187000,109800,Mitsubishi
Renault Megane Sedan Diesel 1.5T dCi,2017,95000,48800,Renault
Volkswagen Tiguan 2.0A TSI R-Line,2015,130000,54988,Volkswagen
Toyota Wish 1.8A X,2015,140500,41800,Toyota
BMW 7 Series 740Li Sunroof,2022,16000,390600,BMW
Mercedes-Benz GLC-Class GLC250 4MATIC Sunroof,2017,75000,133800,Mercedes-Benz
Mercedes-Benz GLB-Class GLB35 AMG 4MATIC 7-Seater,2023,13291,299888,Mercedes-Benz
BMW 2 Series 216i Gran Coupe Sport,2022,16800,158600,BMW
BMW 2 Series 220i Coupe M-Sport Sunroof,2023,3599,248800,BMW
Toyota Estima 2.4A Aeras Premium Moonroof,2017,66000,114800,Toyota
Audi S3 Sportback 2.0A TFSI Quattro,2017,70500,126800,Audi
Toyota Alphard Hybrid 2.5A SR C-Package,2022,28000,305388,Toyota
Nissan Qashqai 1.2A DIG-T,2017,85000,61888,Nissan
Toyota Corolla Altis 1.6A Elegance,2016,108000,44800,Toyota
Toyota Alphard Hybrid 2.5A X,2022,22545,265800,Toyota
Hyundai i30 1.4A T-GDi DCT Turbo,2018,69000,71800,Hyundai
Subaru Forester 2.0i-L Sunroof,2017,131617,60800,Subaru
Toyota Wish 1.8A X Elegance,2016,158399,50800,Toyota
Toyota Harrier Turbo 2.0A M,2020,56678,155800,Toyota
Mercedes-Benz C-Class C200 Mild Hybrid Avantgarde,2019,75552,162800,Mercedes-Benz
Hyundai Elantra 1.6A GLS S,2017,85000,59800,Hyundai
Mercedes-Benz CLA-Class CLA200 Progressive,2019,60800,149800,Mercedes-Benz
Toyota Sienta Hybrid 1.5A X,2020,36000,115800,Toyota
Volkswagen Golf 1.4A TSI (New 5-yr COE),2014,121000,59800,Volkswagen
Honda Stepwagon 1.5A Spada,2018,58000,119800,Honda
Honda Fit Hybrid 1.5A,2018,56000,72800,Honda
Peugeot 308 1.2A PureTech Allure Glass Roof,2016,103000,46800,Peugeot
Honda Vezel 1.5A X (OPC),2016,55830,38800,Honda
Audi TT Coupe 2.0A TFSI S-tronic (COE till 01/2028),2008,95282,66800,Audi
BMW 5 Series 520i Luxury,2018,126000,118800,BMW
Mercedes-Benz CLA-Class CLA200 Coupe Urban,2018,50188,113800,Mercedes-Benz
Hyundai Avante 1.6A (COE till 02/2029),2009,128506,51800,Hyundai
Mitsubishi Attrage 1.2A,2017,65000,50800,Mitsubishi
Toyota Estima 2.4A Aeras Premium Moonroof,2019,53130,145800,Toyota
Infiniti Q30 Diesel 1.5A T Premium,2018,79000,79800,Infiniti
Toyota Estima 2.4A X (COE till 01/2029),2009,132384,69800,Toyota
Toyota Vios 1.5A E (COE till 03/2029),2009,133000,54800,Toyota
Honda Freed 1.5A G 7-Seater Honda Sensing,2020,60000,123800,Honda
Mercedes-Benz CLA-Class CLA200 AMG Line Premium Plus Sunroof,2022,9120,218800,Mercedes-Benz
Honda Freed Hybrid 1.5A G 7-Seater,2018,78000,92800,Honda
Hyundai Elantra 1.6A GLS S,2018,88446,61800,Hyundai
Hyundai Elantra 1.6A (COE till 04/2027),2012,138000,42800,Hyundai
Nissan Teana 2.5A (COE till 01/2029),2009,138332,53800,Nissan
Honda Vezel 1.5A X,2016,87000,42800,Honda
Toyota Noah Hybrid 1.8A X,2019,65682,137000,Toyota
Mazda 5 2.0A SP Sunroof,2016,95000,46800,Mazda
Toyota Harrier Hybrid 2.5A Premium,2022,13500,213800,Toyota
Toyota Estima 2.4A X (COE till 03/2029),2009,158000,72800,Toyota
BMW 3 Series 320i Highline,2020,51000,178800,BMW
Hyundai Avante 1.6A (COE till 08/2029),2010,131440,55800,Hyundai
BMW 4 Series 428i Gran Coupe Sunroof,2015,119000,75988,BMW
Renault Scenic Diesel 1.5A dCi,2018,60026,67800,Renault
BMW X2 sDrive18i M-Sport X,2022,6100,192800,BMW
Toyota Wish 1.8A Elegance,2017,95058,65800,Toyota
BMW 2 Series 216d Gran Tourer,2016,84200,67800,BMW
Hyundai Avante 1.6A S,2021,33800,117800,Hyundai
Honda Stream 1.8A (COE till 08/2028),2008,161000,56988,Honda
Mazda CX-3 2.0A Standard,2018,62133,73300,Mazda
Volkswagen Scirocco GP 1.4A TSI Sunroof,2016,135000,55800,Volkswagen
Kia Cerato 1.6A GT Line SX Sunroof,2020,35362,100800,Kia
Volvo S60 T5,2018,63636,97800,Volvo
Honda Fit 1.3A G (COE till 06/2028),2008,133961,49800,Honda
BMW 5 Series 520i Luxury,2017,148000,110800,BMW
Nissan Note 1.2A,2018,75000,65800,Nissan
Bentley Flying Spur 6.0A W12,2020,12000,788800,Bentley
Chevrolet Orlando 1.4A Turbo,2015,95000,31888,Chevrolet
Porsche Panamera 3.6A PDK (COE till 07/2030),2011,139000,129800,Porsche
Kia Cerato 1.6A SX Sunroof,2018,75000,73800,Kia
Mitsubishi Fuso Fighter FK62,2019,56826,113800,Mitsubishi
Audi Q2 1.0A TFSI S-tronic,2017,75000,80800,Audi
Mercedes-Benz GLA-Class GLA180 Urban Edition,2019,63800,120500,Mercedes-Benz
BMW XM,2023,80,858800,BMW
Honda Civic 1.5A VTEC Turbo Sunroof,2016,68625,65800,Honda
Mercedes-Benz S-Class S320L,2019,56000,254800,Mercedes-Benz
Mercedes-Benz S-Class S450L Mild Hybrid,2023,50,545800,Mercedes-Benz
Porsche Panamera 3.6A PDK (COE till 03/2033),2013,91574,184800,Porsche
Porsche Macan S 3.0A PDK,2017,56000,189800,Porsche
Mercedes-Benz B-Class B180 Style,2015,101000,32988,Mercedes-Benz
Toyota Wish 1.8A Elegance,2016,186581,42800,Toyota
Toyota Hiace 2.0A DX,2021,51393,85800,Toyota
Toyota Harrier 2.0A Premium Panoramic Roof,2015,83181,47800,Toyota
Mercedes-Benz E-Class E250,2015,53700,61988,Mercedes-Benz
BMW 5 Series 520i Luxury,2019,51300,149800,BMW
Honda Vezel 1.5A X Honda Sensing,2016,82500,41800,Honda
Honda Jazz 1.5A RS,2016,111094,39800,Honda
Mercedes-Benz A-Class A45 AMG 4MATIC,2017,73000,126300,Mercedes-Benz
Mitsubishi Attrage 1.2A Sports,2018,86000,54800,Mitsubishi
Mercedes-Benz E-Class E200 Avantgarde,2020,40000,189500,Mercedes-Benz
Hyundai Venue 1.6A GLS,2020,76900,91800,Hyundai
Honda Odyssey 2.4A Absolute,2017,106477,78800,Honda
Toyota Harrier 2.0A Premium Panoramic Roof,2016,82000,67800,Toyota
Honda Jazz 1.3A,2016,134000,35800,Honda
Toyota Camry 2.0A,2019,46248,109888,Toyota
Toyota Wish 1.8A Elegance,2015,115227,40300,Toyota
Hyundai Elantra 1.6A,2015,103000,31800,Hyundai
Volkswagen Golf Mild Hybrid 1.5A eTSI DSG Life Plus,2021,25400,136800,Volkswagen
Mazda RX-8 1.3A (COE till 09/2029),2009,93000,79500,Mazda
Toyota Wish 1.8A,2018,83000,80000,Toyota
MINI Cooper S 1.6A (COE till 01/2029),2009,157099,57800,MINI
Lamborghini Aventador LP700-4 (COE till 11/2031),2012,59345,603800,Lamborghini
Honda HR-V 1.5A LX,2016,61000,48800,Honda
Toyota Sienta 1.5A Elegance,2019,76005,92800,Toyota
MINI One 1.5A 5DR,2018,64584,71800,MINI
BMW X1 sDrive18i,2017,131690,75500,BMW
Mazda 5 2.0A SP Sunroof,2016,82000,49088,Mazda
Nissan NV200 1.6A DX,2021,27250,70800,Nissan
Lexus IS250 (COE till 03/2026),2006,198000,32800,Lexus
Nissan X-Trail 2.0A Premium 7-Seater Sunroof,2016,86000,54800,Nissan
Toyota Sienta 1.5A G LED,2016,86000,53800,Toyota
Nissan Qashqai 1.2A DIG-T Premium,2015,64411,35800,Nissan
Kia Cerato 1.6A LX (OPC),2018,27055,68800,Kia
Toyota Corolla Altis 1.6A Elegance,2016,132000,49800,Toyota
Honda Vezel 1.5A X,2017,78171,60800,Honda
Toyota Wish 1.8A X,2016,90000,53800,Toyota
Citroen C3 Aircross 1.2A PureTech Shine (OPC),2018,52562,60800,Citroen
Toyota Wish 1.8A,2016,105200,53800,Toyota
Honda Jazz 1.3A,2019,45000,73800,Honda
Hyundai Avante 1.6A  S,2020,29274,113800,Hyundai
BMW 2 Series 216i Gran Tourer,2019,45000,116800,BMW
Toyota Estima 2.4A Aeras Premium Moonroof,2015,111238,46800,Toyota
Jaguar XF 2.0A TSS,2017,93000,83800,Jaguar
Honda HR-V 1.5A LX,2016,107124,54888,Honda
Toyota Sienta 1.5A Standard,2019,43000,93800,Toyota
Mercedes-Benz GLA-Class GLA200 Urban Edition,2014,52276,34800,Mercedes-Benz
Nissan X-Trail 2.0A 7-Seater Sunroof,2016,93000,58800,Nissan
Mercedes-Benz E-Class E250 Edition E Sunroof,2016,121000,79800,Mercedes-Benz
Mercedes-Benz E-Class E200 Avantgarde,2022,60000,251800,Mercedes-Benz
Mercedes-Benz GLB-Class GLB200 AMG Line Premium 7-Seater,2023,2380,246800,Mercedes-Benz
BMW M135i 5DR (COE till 11/2031),2013,137000,129800,BMW
Skoda Kodiaq 1.4A TSI Ambition Plus 7-Seater Sunroof,2019,45000,125800,Skoda
Mitsubishi Outlander 2.4A Sunroof,2015,100450,33700,Mitsubishi
Hyundai Elantra 1.6A GLS S (OPC),2018,60200,60800,Hyundai
Audi A1 Sportback 1.0A TFSI S-tronic S-Line,2021,63000,133999,Audi
Mercedes-Benz A-Class A180 Progressive,2022,12000,158800,Mercedes-Benz
Toyota Camry 2.4A (COE till 05/2026),2006,171236,29300,Toyota
Subaru Forester 2.0i-L Sunroof,2019,69931,88800,Subaru
BMW 3 Series 325i Convertible M-Sport (COE till 03/2029),2009,141000,76800,BMW
Hyundai Accent 1.4A,2020,13500,87800,Hyundai
Toyota Previa 2.4A (COE till 07/2026),2006,167371,40800,Toyota
Toyota Vellfire 2.5A Z G-Edition Moonroof,2017,107000,136800,Toyota
Toyota Prius Hybrid 1.8A,2017,83215,69800,Toyota
Nissan Qashqai 1.2A DIG-T Premium,2016,135296,39800,Nissan
Lexus ES250 Luxury Sunroof,2017,91000,103800,Lexus
Audi A6 1.8A TFSI Ultra,2015,90118,56200,Audi
Mercedes-Benz CLA-Class CLA200 AMG Line (New 10-yr COE),2013,117678,131800,Mercedes-Benz
Mazda 3 HB 1.5A Deluxe Sunroof,2018,88000,71800,Mazda
Honda Jazz 1.5A RS,2016,108000,47800,Honda
Mercedes-Benz CLA-Class CLA180 AMG Line Premium Sunroof,2015,158200,37800,Mercedes-Benz
Toyota Vellfire 2.5A Elegance Moonroof,2018,97000,176800,Toyota
Nissan X-Trail 2.0A 7-Seater Sunroof,2016,85000,55800,Nissan
Honda Civic 1.6A VTi (COE till 05/2028),2008,165000,56800,Honda
Toyota Raize 1.2A X,2022,15742,118888,Toyota
Mazda 3 1.5A Deluxe Sunroof,2016,107445,48800,Mazda
BMW X3 sDrive20i Sunroof,2017,117716,97800,BMW
Honda Mobilio 1.5A RS i-VTEC Luxe,2017,75000,56888,Honda
Rolls-Royce Wraith 6.6A,2016,24800,860000,Rolls-Royce
Honda Odyssey 2.4A EXV-S Sunroof,2017,92000,81999,Honda
Ferrari 458 Italia (COE till 10/2031),2011,89200,538000,Ferrari
BMW 5 Series 520i Mild Hybrid,2020,34439,185000,BMW
Audi RS 3 Sportback 2.5A TFSI Quattro (COE till 04/2031),2012,183314,142888,Audi
BMW 3 Series 320i (COE till 09/2031),2012,175875,138000,BMW
Mercedes-Benz GLB-Class GLB200 Progressive,2021,31000,220800,Mercedes-Benz
MINI Cooper S Coupe 1.6A (COE till 02/2032),2012,120000,106000,MINI
Mercedes-Benz E-Class E250 CGI Coupe (COE till 06/2031),2011,128000,99999,Mercedes-Benz
BMW 7 Series 730Li Sunroof,2020,54500,238800,BMW
Citroen Grand C4 Picasso Diesel 1.6A e-HDi Panoramic Roof,2015,172000,31500,Citroen
Toyota Sienta 1.5A G,2016,78000,46380,Toyota
Honda Shuttle 1.5A G,2019,62000,87800,Honda
Ferrari F8 Tributo,2020,10000,1130000,Ferrari
Ferrari F8 Tributo,2020,10000,1080000,Ferrari
BMW 2 Series 216i Gran Tourer,2019,75000,102000,BMW
Audi R8 4.2A FSI Quattro R-tronic (COE till 03/2028),2008,73000,143000,Audi
BMW 2 Series 216d Gran Tourer,2016,74000,63000,BMW
Toyota Harrier 2.0A Premium Style Mauve,2016,78000,75000,Toyota
Mercedes-Benz C-Class C200 CGI (COE till 09/2030),2010,177363,86800,Mercedes-Benz
Mercedes-Benz GLE-Class GLE450 Coupe AMG 4MATIC Sunroof,2017,85000,159000,Mercedes-Benz
Toyota Harrier Turbo 2.0A G Panoramic Roof,2018,58000,102000,Toyota
Toyota Harrier 2.0A Elegance Panoramic Roof,2017,76000,72000,Toyota
Nissan Qashqai 1.2A DIG-T Premium,2016,77000,39800,Nissan
Mazda 3 Mild Hybrid 1.5A Elegance Sunroof,2022,47000,132800,Mazda
Volkswagen Scirocco 1.4A TSI Sunroof (COE till 05/2031),2011,164000,86800,Volkswagen
Ferrari F8 Tributo,2022,9200,1188000,Ferrari
Mercedes-Benz GLC-Class GLC250 Coupe AMG Line 4MATIC Sunroof,2019,66000,183000,Mercedes-Benz
Ferrari F8 Tributo,2020,8800,1099000,Ferrari
BMW M5 Sunroof (COE till 10/2032),2012,93000,198000,BMW
Porsche Panamera 3.6A PDK (COE till 12/2030),2011,120000,138000,Porsche
Mercedes-Benz GLC-Class GLC200,2019,53000,158000,Mercedes-Benz
Nissan Note 1.2A,2019,59000,71000,Nissan
Honda Civic 1.6A (COE till 04/2029),2009,150000,62000,Honda
Mercedes-Benz GLC-Class GLC200 Coupe,2017,75000,132000,Mercedes-Benz
Toyota Alphard 2.4A,2015,80000,55500,Toyota
BMW X6 xDrive35i Sunroof (COE till 07/2032),2013,111350,171000,BMW
Porsche Macan 2.0A PDK,2022,15000,400000,Porsche
Audi A3 Sedan 1.4A TFSI Ambiente,2015,157000,34500,Audi
Mercedes-Benz B-Class B180 Style,2015,80000,48000,Mercedes-Benz
Toyota Alphard 2.5A Elegance Sunroof,2017,58044,161888,Toyota
BMW X3 sDrive20i,2015,104000,42800,BMW
MINI Cooper Clubman 1.6A (COE till 03/2031),2012,93500,90888,MINI
Bentley Flying Spur 4.0A V8 S Sunroof,2017,89400,350800,Bentley
Porsche 911 Carrera S Coupe 3.0A PDK,2018,47000,468000,Porsche
Audi Q3 1.4A TFSI S-tronic,2021,45015,172000,Audi
Mercedes-Benz E-Class E250 AMG Line Edition E,2015,148000,69800,Mercedes-Benz
Mercedes-Benz S-Class S320L,2016,150000,138800,Mercedes-Benz
Mitsubishi Fuso Canter FEA01,2016,168888,45888,Mitsubishi
Toyota Sienta Hybrid 1.5A G LED Toyota Safety Sense,2020,56823,119888,Toyota
BMW 5 Series 520i Luxury,2016,103341,77800,BMW
Kia Carens 2.0A GDI,2016,118000,48800,Kia
Toyota Wish 1.8A (COE till 10/2028),2008,144000,64800,Toyota
Volkswagen Golf 1.4A TSI Highline Sunroof,2019,44000,97888,Volkswagen
Mazda 6 2.0A Executive,2018,43000,85888,Mazda
Honda Mobilio 1.5A RS i-VTEC Luxe,2016,126316,43800,Honda
Lamborghini Gallardo LP570-4 Superleggera (COE till 08/2030),2010,42000,333000,Lamborghini
Mercedes-Benz S-Class S300L Sunroof (COE till 11/2026),2006,177000,49800,Mercedes-Benz
BMW X3 sDrive20i M-Sport Sunroof,2017,98000,101800,BMW
BMW 6 Series 640i Cabriolet (COE till 08/2029),2011,95000,118000,BMW
Lamborghini Urus,2018,49000,690888,Lamborghini
Mercedes-Benz CLA-Class CLA180 (New 10-yr COE),2014,92000,123800,Mercedes-Benz
Rolls-Royce Dawn 6.6A,2017,6900,1180000,Rolls-Royce
BMW 5 Series 530i,2019,39000,179888,BMW
Porsche 911 Carrera 3.0A PDK (COE till 02/2033),2023,10000,599000,Porsche
Porsche Macan 2.0A PDK,2019,33000,238000,Porsche
Lamborghini Gallardo LP560-4 (COE till 02/2033),2013,50000,368000,Lamborghini
Honda HR-V 1.5A LX,2017,38000,70000,Honda
Toyota C-HR Hybrid 1.8A S,2019,42000,98800,Toyota
BMW 5 Series 523i Sunroof (COE till 05/2031),2011,119000,99800,BMW
Volkswagen Golf 1.2A TSI,2017,142000,59800,Volkswagen
Toyota Vios 1.5A E (COE till 09/2028),2013,112000,63500,Toyota
Nissan Presage 2.5A Highway Star (COE till 10/2027),2007,177450,50998,Nissan
Porsche Cayenne Hybrid S 3.0A (COE till 12/2032),2012,137700,172000,Porsche
Land Rover Defender 90 Hardtop,2015,32100,95800,Land Rover
Bentley Continental GT 4.0A V8 (COE till 10/2032),2012,82000,268800,Bentley
Subaru Forester 2.0A XT Sunroof,2015,127752,34998,Subaru
Lamborghini Aventador LP700-4 (COE till 03/2032),2012,31000,595888,Lamborghini
BMW M3 Sedan,2015,133000,155800,BMW
Mercedes-Benz G-Class G63 AMG (COE till 12/2032),2013,83490,388000,Mercedes-Benz
Mitsubishi Triton L200 Double-Cab 2.5M (New 5-yr COE),2014,145000,58800,Mitsubishi
Jaguar F-PACE 2.0A R-Sport Sunroof,2018,109300,138000,Jaguar
BMW 5 Series 523i Highline (COE till 05/2031),2011,115500,97800,BMW
Mitsubishi Attrage 1.2A Sports,2016,72098,34998,Mitsubishi
BMW 5 Series 535i M-Sport Sunroof (COE till 05/2031),2011,92000,122000,BMW
Mitsubishi Triton L200 Double-Cab 2.5A,2015,190000,28800,Mitsubishi
Mercedes-Benz C-Class C180 CGI Sunroof (COE till 07/2033),2013,110300,124800,Mercedes-Benz
Mercedes-Benz AMG GT R,2020,17000,705888,Mercedes-Benz
BMW X3 sDrive20i M-Sport,2021,20000,225800,BMW
Mercedes-Benz CLA-Class CLA200 AMG Line (New 10-yr COE),2014,97000,127800,Mercedes-Benz
Nissan GTR 3.8A (COE till 02/2029),2009,120000,238000,Nissan
Audi TT Roadster 2.0A (COE till 08/2030),2010,90000,120800,Audi
Ferrari F430 F1 Spider (COE till 12/2030),2011,52000,408800,Ferrari
BMW M5 Sunroof (COE till 09/2031),2012,100000,155000,BMW
Mitsubishi Triton L200 Double-Cab 2.5M,2016,151000,48800,Mitsubishi
Audi R8 4.2A FSI Quattro R-tronic (COE till 07/2030),2010,93000,201500,Audi
Honda Vezel Hybrid 1.5A e:HEV X Honda Sensing,2022,4686,158800,Honda
Citroen Berlingo 1.6A e-HDi,2016,128500,23800,Citroen
Nissan Sylphy 1.6A,2018,101000,76800,Nissan
Toyota Estima 2.4A (COE till 04/2029),2009,130000,85800,Toyota
Audi TT Roadster 1.8A TFSI S-tronic,2018,25400,136800,Audi
Volkswagen Tiguan 2.0A TSI (COE till 08/2025),2010,98000,29800,Volkswagen
Jaguar XJS 3.6A (COE till 02/2029),1991,159769,129000,Jaguar
Toyota Hiace 3.0M DX,2016,222000,38000,Toyota
Mercedes-Benz C-Class C180 Avantgarde,2015,107000,51000,Mercedes-Benz
Porsche Macan 2.0A PDK,2016,68555,146888,Porsche
Volkswagen Scirocco 1.4A TSI (COE till 08/2025),2011,177000,24800,Volkswagen
Hyundai Elantra 1.6A GLS S,2016,167000,40500,Hyundai
Rolls-Royce Ghost EWB (COE till 05/2033),2013,44000,638000,Rolls-Royce
BMW Z4 sDrive20i (COE till 05/2033),2013,45300,155000,BMW
Lamborghini Aventador LP700-4 (COE till 02/2031),2011,20100,588888,Lamborghini
Mitsubishi Evolution 10 GSR SST (COE till 04/2028),2008,208000,123800,Mitsubishi
Toyota Sienta Hybrid 1.5A X,2020,40000,120688,Toyota
BMW 3 Series 325i Sunroof (COE till 03/2030),2010,112888,73888,BMW
Jaguar S-Type 3.0SE (COE till 04/2029),1999,115759,73998,Jaguar
BMW 2 Series 220i Coupe M-Sport Sunroof (New 10-yr COE),2014,96000,158000,BMW
BMW M340i xDrive,2019,38000,254900,BMW
Mercedes-Benz CLS-Class CLS350 Mild Hybrid Sunroof,2019,57000,243000,Mercedes-Benz
Mercedes-Benz S-Class S450L Mild Hybrid AMG Line 4MATIC Sunroof,2022,27000,499980,Mercedes-Benz
Lamborghini Aventador LP700-4 (COE till 04/2032),2013,30000,758000,Lamborghini
BMW 7 Series 725d Exclusive,2020,35000,233000,BMW
Rolls-Royce Phantom (COE till 04/2030),2010,48500,588000,Rolls-Royce
BMW X3 xDrive28i Sunroof (COE till 11/2031),2012,161547,123888,BMW
Lamborghini Gallardo LP560-4 (COE till 04/2031),2012,68000,293000,Lamborghini
Mercedes-Benz SL-Class SL350 (COE till 09/2030),2010,87000,109800,Mercedes-Benz
MINI John Cooper Works GP 2.0A,2020,28000,179000,MINI
Audi R8 4.2A FSI Quattro R-tronic (COE till 10/2028),2008,147300,153000,Audi
McLaren 600LT,2021,8000,888000,McLaren
Infiniti QX80 5.6A,2016,60000,128800,Infiniti
Maserati GranCabrio 4.7A (COE till 01/2033),2013,32000,208000,Maserati
Mercedes-Benz E-Class E220d Premium,2017,130000,113000,Mercedes-Benz
Lexus RC F 5.0A,2015,76000,153800,Lexus
Mercedes-Benz CLA-Class CLA180 Progressive,2022,21775,178800,Mercedes-Benz
Mazda 3 1.6A (COE till 04/2029),2009,146000,69800,Mazda
Kia Cerato K3 1.6A SX,2016,114800,38800,Kia
Toyota Harrier 2.0A Premium Panoramic Roof,2016,68000,73800,Toyota
Mercedes-Benz A-Class A200 Style,2016,78000,63800,Mercedes-Benz
Honda Fit 1.3A GF,2020,25000,89800,Honda
BMW 3 Series 318i,2016,114910,54800,BMW
Mercedes-Benz A-Class A200 Style,2016,118000,54800,Mercedes-Benz
MINI Cooper 1.6A (COE till 04/2026),2011,150000,28900,MINI
Mercedes-Benz C-Class C180 Avantgarde,2017,56800,102800,Mercedes-Benz
Mazda CX-5 2.0A,2016,138000,53800,Mazda
Mazda 5 2.0A SP Sunroof,2016,92800,55800,Mazda
Kia Stonic 1.0T,2019,144820,73800,Kia
BMW 2 Series 218i Active Tourer,2015,99600,31800,BMW
Toyota Harrier 2.0A Elegance Panoramic Roof,2017,48000,83800,Toyota
Subaru XV 1.6i-S,2015,122163,35800,Subaru
BMW X1 sDrive18i xLine,2021,50000,153800,BMW
Honda Shuttle 1.5A G LED (OPC),2018,82000,52800,Honda
Suzuki Swift Sport 1.6A (COE till 08/2030),2011,74000,77800,Suzuki
Mazda 6 2.0A,2015,73128,35800,Mazda
Mazda 5 2.0A Sunroof,2015,88552,34800,Mazda
Mercedes-Benz E-Class E200 Avantgarde,2016,106800,99800,Mercedes-Benz
BMW 2 Series 216d Gran Tourer,2016,132200,57800,BMW
Toyota Camry 2.5A,2016,43386,66800,Toyota
Mercedes-Benz B-Class B170 (COE till 02/2029),2009,160000,62800,Mercedes-Benz
Honda Vezel 1.5A X Honda Sensing,2017,69500,64800,Honda
Toyota Wish 1.8A X,2017,81300,65800,Toyota
Chevrolet Orlando 1.4A Turbo,2017,74000,53555,Chevrolet
Volvo XC40 T5 Momentum,2018,90000,107777,Volvo
Toyota Wish 1.8A Elegance,2015,128000,42500,Toyota
BMW X1 sDrive18i Sunroof (COE till 05/2029),2010,123450,78800,BMW
Mercedes-Benz Maybach GLS-Class GLS600 Mild Hybrid 4MATIC,2022,28000,886800,Mercedes-Benz
Toyota Wish 1.8A (COE till 06/2026),2006,145000,34800,Toyota
Nissan Qashqai 1.2A DIG-T Premium,2015,96000,26800,Nissan
Toyota Dyna 150 3.0M (New 5-yr COE),2014,135000,56888,Toyota
Mercedes-Benz A-Class A180d AMG Line,2017,90000,75388,Mercedes-Benz
BMW X6 xDrive35i Sunroof,2016,145500,129900,BMW
Toyota Rav4 2.0A Premium,2018,55124,110888,Toyota
Toyota Corolla Altis 1.6A,2015,75200,38800,Toyota
Honda Vezel 1.5A X,2016,69000,43555,Honda
BMW 3 Series 318i,2015,77530,48000,BMW
Mercedes-Benz E-Class E200 Exclusive Sunroof,2019,88670,159800,Mercedes-Benz
Honda Stream 1.8A X (COE till 11/2027),2007,183000,47800,Honda
Honda Odyssey 2.4A EXV-S Navi Res Sunroof,2016,120000,77800,Honda
Honda Vezel 1.5A X,2018,84000,70800,Honda
Toyota Dyna 150 2.8M,2022,115,109800,Toyota
Audi A4 1.4A TFSI S-tronic,2017,73200,81888,Audi
Mercedes-Benz GLA-Class GLA180,2019,65000,113555,Mercedes-Benz
Mazda CX-9 2.5A Turbo,2018,67000,124888,Mazda
Toyota Sienta 1.5A G,2016,86000,43800,Toyota
Audi A4 2.0A TFSI S-tronic,2018,67000,109000,Audi
Kia Cerato 1.6A EX,2018,65000,74777,Kia
Maserati GranTurismo 4.2A (COE till 02/2032),2012,98000,149800,Maserati
Toyota Sienta Hybrid 1.5A X,2022,58000,136800,Toyota
Toyota Raize 1.0A XS,2020,20000,93800,Toyota
Toyota Noah Hybrid 1.8A X,2019,41000,146800,Toyota
Hyundai Elantra 1.6A GLS (OPC),2018,30000,63800,Hyundai
Mazda 6 2.0A,2018,105000,76800,Mazda
Renault Grand Scenic Diesel 1.5A dCi BOSE Edition Sunroof,2019,89000,98800,Renault
Volkswagen Passat 1.8A TFSI,2016,97000,59900,Volkswagen
Honda Vezel Hybrid 1.5A X Honda Sensing,2016,83000,49800,Honda
Toyota C-HR Hybrid 1.8A S LED,2018,66000,78800,Toyota
Honda Jazz 1.3A,2016,96000,38500,Honda
Mercedes-Benz S-Class S350L Sunroof (COE till 04/2029),2009,139000,72800,Mercedes-Benz
Toyota Corolla Altis 1.6A Classic,2016,118000,52800,Toyota
Jaguar XE Diesel 2.0A Prestige,2017,87000,79800,Jaguar
Honda Vezel 1.5A G,2023,25,148888,Honda
Volvo S60 T5,2016,130000,44800,Volvo
Audi A1 Sportback 1.4A TFSI S-tronic (New 10-yr COE),2014,80000,119800,Audi
Mazda 2 HB 1.5A Deluxe,2019,66000,81800,Mazda
Mitsubishi Attrage 1.2A,2017,93000,49800,Mitsubishi
Toyota Wish 1.8A Elegance,2017,60000,67800,Toyota
BMW 2 Series 216d Gran Tourer Luxury,2017,115000,66800,BMW
Mazda 3 1.5A Sunroof,2015,133000,23800,Mazda
BMW X1 sDrive18i,2018,139383,104500,BMW
BMW Z4 sDrive23i (COE till 10/2030),2011,145000,102800,BMW
BMW 2 Series 218i Gran Coupe M-Sport,2020,45555,138888,BMW
Honda Vezel 1.5A X Honda Sensing,2017,63000,55800,Honda
Mazda 3 HB 1.5A Deluxe Sunroof,2018,89000,77800,Mazda
Volvo S60 T5,2016,164000,45800,Volvo
Toyota Alphard 2.5A SA Moonroof,2017,88000,138800,Toyota
Mercedes-Benz GLC-Class GLC250 Coupe AMG Line 4MATIC,2019,67000,187800,Mercedes-Benz
Volkswagen Polo 1.0A TSI Comfortline,2021,14000,108800,Volkswagen
Hyundai Accent 1.4A,2018,58000,59800,Hyundai
Mazda 6 2.0A,2018,115818,76500,Mazda
Mercedes-Benz GLA-Class GLA180 Urban Edition,2020,55314,138000,Mercedes-Benz
Hyundai Elantra 1.6A GLS S,2018,60000,62500,Hyundai
Mercedes-Benz A-Class Saloon A200 Progressive,2020,34405,143000,Mercedes-Benz
Honda Shuttle 1.5A G LED,2018,64125,67800,Honda
Mitsubishi Lancer EX 1.5A GLS (COE till 10/2028),2008,109000,57500,Mitsubishi
Porsche 718 Cayman 2.0A PDK,2020,55000,302888,Porsche
Skoda Superb 2.0A TSI Laurin & Klement,2021,48664,163000,Skoda
Nissan Qashqai Mild Hybrid 1.3A Turbo Prestige,2022,18000,175800,Nissan
Subaru XV 1.6i-S,2017,86037,65800,Subaru
Volkswagen Sharan 2.0A TSI Panoramic Roof,2017,103854,93800,Volkswagen
Volkswagen Jetta Sport 1.4A TSI (COE till 12/2030),2011,149502,74800,Volkswagen
Toyota Camry 2.0A (COE till 05/2028),2008,139801,51800,Toyota
Skoda Kodiaq 1.4A TSI Ambition Plus 7-Seater,2019,89580,129300,Skoda
Honda Civic 1.6A VTi,2018,92000,74800,Honda
Hyundai Elantra 1.6A GLS,2017,78000,58800,Hyundai
Kia Stonic 1.0T EX (OPC),2020,14000,87800,Kia
Honda HR-V 1.5A LX,2016,128105,54800,Honda
Maserati GranCabrio 4.7A (COE till 10/2031),2011,41000,165888,Maserati
Mazda 2 1.5A (OPC),2018,61000,53800,Mazda
BMW 7 Series 740Li Sunroof (COE till 11/2030),2010,117000,102800,BMW
Audi A3 Sportback 1.0A TFSI S-tronic,2018,55650,86800,Audi
Honda Vezel 1.5A X Honda Sensing,2017,85000,58800,Honda
Mazda 2 HB 1.5A Deluxe,2020,37000,94800,Mazda
Kia Sorento Diesel 2.2A CRDi Sunroof,2017,120000,76800,Kia
Honda Civic 1.6A VTi,2017,101000,63800,Honda
Ford Focus 1.0A Titanium,2018,90000,60900,Ford
Mercedes-Benz C-Class C180 Avantgarde,2019,104000,137800,Mercedes-Benz
Nissan Pulsar 1.2A DIG-T,2017,57000,53800,Nissan
Honda Fit 1.3A G,2015,101421,34800,Honda
Mercedes-Benz CLA-Class CLA200 AMG Line,2020,48000,156800,Mercedes-Benz
BMW 2 Series 216i Gran Tourer,2020,70000,139800,BMW
SEAT Arona 1.0A EcoTSI FR,2019,60711,82500,SEAT
Mercedes-Benz C-Class C180 Avantgarde,2017,135800,95888,Mercedes-Benz
Mercedes-Benz C-Class C200 Avantgarde,2014,92884,43500,Mercedes-Benz
Mazda 3 2.0A Sport,2017,80000,59900,Mazda
Honda HR-V 1.5A LX,2016,120000,50900,Honda
Nissan Qashqai 1.2A DIG-T Premium,2016,72000,46399,Nissan
Mercedes-Benz GLC-Class GLC250 4MATIC Sunroof,2019,61000,169800,Mercedes-Benz
Honda Vezel 1.5A RS,2019,56000,98800,Honda
Toyota Estima 2.4A Aeras Premium Moonroof,2017,65000,112800,Toyota
Honda Shuttle 1.5A G LED,2017,75000,55800,Honda
Hyundai Avante 1.6A S (COE till 08/2029),2009,231000,56800,Hyundai
Mitsubishi Attrage 1.2A Sports (OPC),2019,27000,63800,Mitsubishi
Toyota Camry Hybrid 2.5A Ascent,2021,63000,142800,Toyota
Mercedes-Benz CLA-Class CLA180 Shooting Brake Urban,2017,87000,83800,Mercedes-Benz
Volkswagen Passat 1.8A TFSI Highline Sunroof,2019,55000,112800,Volkswagen
MINI Cooper S Cabriolet 2.0A,2018,75000,118800,MINI
Mercedes-Benz C-Class C180K (COE till 10/2028),2008,152249,62800,Mercedes-Benz
Honda Shuttle Hybrid 1.5A,2018,62000,85800,Honda
Toyota Wish 1.8A Elegance,2015,110000,40599,Toyota
Mitsubishi Fuso Canter FEA01,2015,123101,19800,Mitsubishi
Honda HR-V 1.5A LX,2020,43000,109800,Honda
Subaru Forester 2.0i-L Sunroof,2017,62000,67800,Subaru
Hyundai Elantra 1.6A GLS,2018,78000,68800,Hyundai
Volkswagen Tiguan 1.4A TSI R-Line Panoramic Roof,2020,40904,146800,Volkswagen
Toyota Wish 1.8A (COE till 09/2030),2011,148966,88000,Toyota
Honda Fit 1.3A G F-Package,2016,68000,44388,Honda
Kia Cerato K3 SX 1.6A Sunroof,2017,57798,64888,Kia
Subaru Forester 2.0A XT Sunroof,2016,93000,58800,Subaru
Honda Freed Hybrid 1.5A G,2019,62188,102800,Honda
Mercedes-Benz GLC-Class GLC250d AMG Line 4MATIC,2017,79000,106800,Mercedes-Benz
Hyundai Elantra 1.6A Elite,2015,106000,35399,Hyundai
Mercedes-Benz AMG GT 63 S 4MATIC+,2019,21998,518800,Mercedes-Benz
Toyota Raize 1.0A X,2022,18377,116800,Toyota
Toyota Prius Hybrid 1.8A S,2017,89000,63999,Toyota
Honda Shuttle Hybrid 1.5A X,2018,56000,79800,Honda
Mitsubishi ASX 2.0A,2017,80000,66800,Mitsubishi
BMW 3 Series 328i (COE till 08/2031),2012,140000,143800,BMW
Mazda Biante 2.0A,2015,126404,30800,Mazda
Audi A4 1.4A TFSI S-tronic,2017,105788,70998,Audi
Mercedes-Benz CLA-Class CLA180 AMG Line,2021,21110,186800,Mercedes-Benz
Mitsubishi Attrage 1.2A Sports,2018,60000,60800,Mitsubishi
Honda Civic 1.6A VTi,2021,39700,118800,Honda
Skoda Kodiaq 1.4A TSI Ambition Plus 7-Seater Sunroof,2019,49700,123800,Skoda
Subaru XV 2.0i-S EyeSight,2019,32700,107800,Subaru
Mercedes-Benz GLA-Class GLA200 Sport Executive,2021,35000,171800,Mercedes-Benz
Honda Jazz 1.3A,2019,15500,74800,Honda
Mercedes-Benz C-Class C180 Mild Hybrid Avantgarde,2022,17000,224888,Mercedes-Benz
Honda Fit 1.3A GF,2019,88140,70800,Honda
Toyota Vellfire 2.5A X Moonroof,2019,65566,181800,Toyota
Hyundai i30 1.4A T-GDi DCT Turbo,2018,97000,70800,Hyundai
Mercedes-Benz GLB-Class GLB200 AMG Line 7-Seater,2022,15000,222800,Mercedes-Benz
Subaru Forester 2.0i-S EyeSight Sunroof,2020,62700,129800,Subaru
Nissan Qashqai 1.2A Premium,2016,92846,41800,Nissan
Kia Cerato K3 1.6A,2016,76800,46800,Kia
BMW 5 Series 520i Luxury,2016,118800,68800,BMW
Renault Grand Scenic Diesel 1.5A dCi Moonroof,2018,98257,78000,Renault
Mercedes-Benz E-Class E200 Exclusive,2020,72000,185800,Mercedes-Benz
Volkswagen Golf 1.2A TSI,2014,150000,18000,Volkswagen
Hyundai Elantra 1.6A GLS S (OPC),2018,40028,69800,Hyundai
Honda Vezel Hybrid 1.5A RS,2017,82894,61800,Honda
Volvo V40 T4 Momentum,2018,108800,87800,Volvo
Honda Shuttle 1.5A G,2018,68800,73800,Honda
Toyota Corolla Altis 1.6A Elegance,2019,88800,90800,Toyota
Opel Cascada 1.6A Turbo,2014,97208,35800,Opel
Audi A3 Sedan 1.4A TFSI CoD S-tronic,2018,37000,105000,Audi
Nissan Qashqai 1.2A DIG-T,2019,105334,86500,Nissan
Jaguar XE Diesel 2.0A Prestige,2017,78888,82888,Jaguar
Kia Sorento Diesel 2.2A CRDi Sunroof,2017,107000,91777,Kia
Volkswagen Jetta GP 1.4A TSI,2016,119800,42800,Volkswagen
Volkswagen Golf 1.4A TSI (New 5-yr COE),2013,84000,65800,Volkswagen
Honda Vezel Hybrid 1.5A X,2018,76812,88800,Honda
Opel Grandland X 1.2A Turbo Innovation Premium,2018,60232,85800,Opel
Citroen DS4 Crossback Diesel 1.6A BlueHDi,2017,86258,55800,Citroen
Opel Zafira Grand Tourer 1.4A Turbo,2020,66277,104800,Opel
Honda Jazz 1.5A RS,2016,128200,39800,Honda
Mercedes-Benz B-Class B180 Style,2016,102350,52800,Mercedes-Benz
BMW 2 Series 218i Active Tourer,2015,86800,42800,BMW
Toyota Harrier 2.0A Luxury,2021,56000,164800,Toyota
Mercedes-Benz C-Class C180K (COE till 01/2029),2009,192000,63800,Mercedes-Benz
Ford Mustang 2.3A Ecoboost,2018,78000,156800,Ford
Toyota Camry 2.0A (COE till 11/2028),2008,120000,57800,Toyota
Mercedes-Benz CLA-Class CLA180,2016,96888,69800,Mercedes-Benz
Volkswagen Golf Sport 1.4A TSI (COE till 10/2030),2011,141000,85800,Volkswagen
Subaru XV 1.6i-S,2017,111131,57000,Subaru
Hyundai Tucson 1.6A GLS T-GDi DCT Turbo,2017,89000,71800,Hyundai
Honda Vezel 1.5A X Honda Sensing,2016,100000,43800,Honda
BMW 1 Series 116d,2016,120000,53800,BMW
BMW 6 Series 640i Gran Coupe Sunroof (COE till 08/2032),2013,156000,169800,BMW
Subaru Forester 2.0i-L Sunroof,2015,101800,37800,Subaru
Honda Fit 1.3A G Skyroof (COE till 06/2029),2009,274000,64800,Honda
Nissan NV350 2.5M,2019,57419,54800,Nissan
Mitsubishi Lancer 1.3M GLXI (COE till 03/2029),1999,250000,82800,Mitsubishi
Kia Carens Diesel 1.7A,2018,107467,83300,Kia
Volkswagen New Beetle 1.6A (COE till 03/2029),2009,56000,56500,Volkswagen
Toyota Estima 2.4A Aeras Moonroof (COE till 03/2028),2008,142000,62500,Toyota
BMW X6 Mild Hybrid xDrive40i M-Sport,2022,10000,384800,BMW
Lexus ES250 Luxury Sunroof,2017,114000,97900,Lexus
MINI Cooper S Cabriolet 2.0A,2016,77500,75000,MINI
Honda Jazz 1.3A,2017,74000,52900,Honda
Porsche 718 Boxster 2.0A PDK,2018,48300,253888,Porsche
Subaru Forester 2.0i-L Sport Sunroof,2018,53381,85800,Subaru
Toyota Harrier 2.0A Premium,2016,140000,65800,Toyota
Honda HR-V 1.5A LX,2016,105000,53800,Honda
Honda Shuttle 1.5A G,2017,76000,63888,Honda
Toyota Corolla Altis 1.6A Elegance,2018,65400,91800,Toyota
Hyundai Avante 1.6A Sunroof (COE till 11/2027),2007,141000,42500,Hyundai
Toyota Sienta Hybrid 1.5A G,2020,66000,109900,Toyota
Toyota Rav4 2.0A Premium,2019,105000,115800,Toyota
Toyota Camry 2.5A,2016,112000,55800,Toyota
Mercedes-Benz CLA-Class CLA200 Shooting Brake Urban,2017,110000,85800,Mercedes-Benz
BMW 5 Series 530i M-Sport,2019,64000,180800,BMW
Jaguar XF 2.0A R-Sport,2021,28800,195800,Jaguar
BMW 3 Series 320i Highline,2020,44000,178800,BMW
Toyota Alphard 2.5A Elegance Moonroof,2019,76000,197800,Toyota
Toyota Estima 2.4A Aeras (COE till 09/2030),2010,130000,95800,Toyota
Mercedes-Benz C-Class C180 Mild Hybrid Avantgarde,2023,3900,232800,Mercedes-Benz
Toyota Sienta Hybrid 1.5A X,2021,45008,120800,Toyota
Lexus NX Turbo NX300 Executive,2019,116000,151800,Lexus
Audi TTS Coupe 2.0A TFSI Quattro S-tronic (COE till 05/2030),2010,141000,113800,Audi
Volvo XC40 T5 R-Design,2019,12700,146800,Volvo
Honda Crossroad 1.8A L (COE till 12/2028),2008,165000,69800,Honda
Honda Freed Hybrid 1.5A G 7-Seater Honda Sensing,2020,40400,127800,Honda
Mazda 3 Mild Hybrid 1.5A Classic,2022,11000,120800,Mazda
Audi A5 Sportback Mild Hybrid 2.0A TFSI S-tronic,2020,65800,163800,Audi
Toyota Wish 1.8A,2018,77000,79800,Toyota
Mercedes-Benz A-Class A200 Style,2016,94000,68800,Mercedes-Benz
Toyota Alphard 2.4A (COE till 01/2031),2011,205539,109800,Toyota
Mercedes-Benz B-Class B200 Turbo (COE till 04/2029),2010,117000,63500,Mercedes-Benz
Mercedes-Benz S-Class S450L Mild Hybrid 4MATIC,2021,35000,409800,Mercedes-Benz
Honda Fit 1.3A G (COE till 06/2024),2009,169063,6800,Honda
BMW X1 sDrive18i,2020,45777,157800,BMW
Mazda 3 1.5A Sunroof,2015,150000,21800,Mazda
BMW 2 Series 216i Gran Coupe Sport,2022,20000,154800,BMW
Land Rover Defender 90 Puma (COE till 04/2031),2011,120000,125800,Land Rover
Mercedes-Benz E-Class E43 AMG 4MATIC,2018,127000,205800,Mercedes-Benz
Porsche Cayenne S 2.9A,2023,2000,503800,Porsche
Toyota Camry 2.5A,2016,81000,68800,Toyota
Suzuki Swift 1.0A Turbo GLX,2020,41000,91800,Suzuki
Toyota Vellfire 3.5A Z G-Edition,2016,98000,109800,Toyota
Toyota Corolla Altis 1.6A Elegance,2016,92000,46800,Toyota
Mercedes-Benz B-Class B180,2015,126000,26300,Mercedes-Benz
Audi S5 Sportback 3.0A TFSI Quattro (COE till 06/2030),2010,110000,114800,Audi
Hyundai Avante 1.6A GLS,2019,32500,76800,Hyundai
Mercedes-Benz E-Class E43 AMG 4MATIC,2018,72500,219800,Mercedes-Benz
Porsche Panamera S 4.8A PDK (COE till 08/2030),2010,120000,131800,Porsche
Honda Shuttle 1.5A G Honda Sensing,2021,37000,107800,Honda
Mercedes-Benz C-Class C180 Avantgarde,2018,69000,112800,Mercedes-Benz
Mitsubishi Attrage 1.2A Sports,2018,59223,61800,Mitsubishi
Toyota Vios 1.5A G,2018,69000,69800,Toyota
Volkswagen Golf 1.4A TSI Comfortline,2019,66000,95800,Volkswagen
Mercedes-Benz CLA-Class CLA250 Sport,2015,130000,60000,Mercedes-Benz
Mercedes-Benz C-Class C180 Coupe,2018,46381,118000,Mercedes-Benz
Audi A4 2.0A TFSI S-tronic,2018,64000,97800,Audi
Audi A3 Sedan 1.4A TFSI Attraction,2016,165000,46800,Audi
Mercedes-Benz CLA-Class CLA180 Urban,2018,74000,101800,Mercedes-Benz
Toyota Sienta 1.5A Elegance,2019,74000,99800,Toyota
Hyundai Accent 1.4A,2015,78000,19800,Hyundai
Volvo XC90 T6 R-Design Sunroof,2016,107000,129800,Volvo
Peugeot 308 SW 1.2A PureTech Allure Glass Roof,2016,88000,40800,Peugeot
Kia Cerato 1.6A EX,2021,26000,113800,Kia
Mercedes-Benz GLC-Class GLC300 Coupe Mild Hybrid AMG Line,2022,18800,269800,Mercedes-Benz
McLaren 720S,2019,12800,888888,McLaren
BMW M5 (COE till 08/2029),2009,160000,145888,BMW
Kia Cerato Forte 1.6A SX (COE till 01/2025),2010,178000,11988,Kia
Kia Cerato 1.6A LX,2018,83223,75800,Kia
Audi TT Coupe 2.0A TFSI S-tronic,2019,51000,169800,Audi
Honda Jazz 1.3A,2018,64000,72800,Honda
Toyota Sienta 1.5A Elegance,2018,62980,86800,Toyota
Audi S3 Sportback 2.0A TFSI Quattro (COE till 08/2030),2010,220000,99800,Audi
Toyota Vellfire 2.5A Z G-Edition Moonroof,2019,141500,199000,Toyota
BMW 1 Series 116d,2015,130000,39888,BMW
Volkswagen Passat 1.8A TFSI,2018,72058,83000,Volkswagen
Honda Vezel 1.5A X,2020,69126,103000,Honda
Honda Vezel 1.5A X,2017,81900,56000,Honda
Volkswagen Scirocco 1.4A TSI (COE till 09/2030),2010,78000,79800,Volkswagen
Porsche Macan 2.0A,2014,64815,89500,Porsche
Toyota Wish 1.8A Elegance,2015,96000,41800,Toyota
Honda Vezel 1.5A X Honda Sensing,2016,68000,47800,Honda
Kia Carens Diesel 1.7A SX  (OPC),2018,15943,80800,Kia
Mitsubishi Attrage 1.2A Sports (OPC),2019,18269,59800,Mitsubishi
Mitsubishi Attrage 1.2A Sports (OPC),2018,19000,56800,Mitsubishi
Mercedes-Benz GLA-Class GLA180,2017,112000,72200,Mercedes-Benz
Mercedes-Benz E-Class E220d Premium,2017,52000,119200,Mercedes-Benz
Subaru XV 1.6i-S,2016,88000,49800,Subaru
Mazda 3 1.5A Sunroof,2017,78000,55800,Mazda
Mercedes-Benz A-Class A180 Style,2017,58000,79800,Mercedes-Benz
Nissan NV350 2.5M,2016,87000,35800,Nissan
Audi Q2 1.4A TFSI CoD S-tronic,2018,46000,104800,Audi
Volkswagen New Beetle 1.6A (COE till 07/2025),2010,120000,21800,Volkswagen
BMW 2 Series 216i Active Tourer,2019,98000,103800,BMW
Mitsubishi Attrage 1.2A Sports,2018,79000,61800,Mitsubishi
Honda Freed 1.5A B Honda Sensing,2021,20888,132800,Honda
Toyota C-HR Hybrid 1.8A S,2018,53400,81800,Toyota
Audi S5 Sportback 3.0A TFSI Quattro Tip,2018,38500,178999,Audi
Toyota Sienta Hybrid 1.5A X,2019,41000,99800,Toyota
Toyota Corolla Altis 1.6A Elegance,2015,103000,34500,Toyota
Honda Shuttle 1.5A G LED,2018,58000,78800,Honda
Audi A3 Sportback 1.0A TFSI S-tronic,2018,119854,90000,Audi
Toyota C-HR Hybrid 1.8A S,2017,68000,65500,Toyota
Mercedes-Benz GLA-Class GLA180 Urban Edition,2019,47000,117800,Mercedes-Benz
Toyota Camry 2.0A,2015,111000,42500,Toyota
Volkswagen T-Cross 1.0A TSI R-Line,2022,6928,136800,Volkswagen
Volvo XC60 T5 Momentum,2019,36860,165800,Volvo
Hyundai Avante 1.6A GLS,2019,72054,78000,Hyundai
Kia Cerato 1.6A EX,2019,62987,84000,Kia
Honda Fit 1.3A (OPC),2021,13500,86800,Honda
Kia Cerato K3 1.6A Sunroof,2017,130000,50800,Kia
Porsche Cayenne 3.0A Tip,2018,63000,275000,Porsche
Toyota Wish 1.8A,2016,107000,53800,Toyota
Renault Grand Scenic Diesel 1.5A dCi Moonroof,2019,90000,98800,Renault
BMW X1 sDrive18i,2018,94300,94800,BMW
BMW 3 Series 316i Luxury (New 10-yr COE),2014,49000,116800,BMW
Kia Sorento Diesel 2.2A CRDi,2018,93000,98800,Kia
Land Rover Discovery Sport 2.0A Si4 7-Seater,2018,99000,134366,Land Rover
Mercedes-Benz A-Class A180,2014,141000,26800,Mercedes-Benz
Volkswagen Beetle 1.2A TSI,2018,31893,88888,Volkswagen
Volkswagen Golf 1.4A TSI EQP Sunroof,2015,142959,24388,Volkswagen
Porsche Macan S 3.0A PDK (New 10-yr COE),2014,155000,218800,Porsche
Mercedes-Benz E-Class E220d AMG Line Premium Plus Panoramic Roof,2017,90000,112800,Mercedes-Benz
Mercedes-Benz E-Class E300 Coupe Mild Hybrid AMG Line Premium Plus Night Edition,2021,35800,269800,Mercedes-Benz
Maserati GranTurismo 4.2A (COE till 08/2030),2010,88000,129800,Maserati
Audi Q7 2.0A TFSI Quattro Tip 7-Seater,2018,55750,169900,Audi
Nissan X-Trail 2.0A Premium 7-Seater Sunroof,2018,78500,90800,Nissan
Volvo XC60 T5 2.0A (COE till 09/2030),2011,105000,89800,Volvo
Toyota Wish 1.8A,2016,109145,50800,Toyota
Toyota Raize Hybrid 1.2A G,2022,12107,143800,Toyota
Subaru Forester 2.0A XT Sunroof,2016,89000,61000,Subaru
Nissan Teana 2.0A XL,2016,92300,55800,Nissan
Hyundai Avante 1.6A GLS S,2019,58000,77800,Hyundai
Honda Civic 1.6A VTi,2021,59000,117800,Honda
BMW 2 Series 216d Gran Tourer Luxury,2016,75000,56800,BMW
Honda Vezel Hybrid 1.5A e-HEV X Honda Sensing,2023,68,188888,Honda
Toyota C-HR Hybrid 1.8A G,2017,112000,61000,Toyota
Mazda 3 HB 1.5A,2015,137299,33800,Mazda
Mercedes-Benz C-Class C180K (COE till 08/2030),2011,162000,75888,Mercedes-Benz
Mercedes-Benz CLA-Class CLA180 (New 5-yr COE),2015,133000,128000,Mercedes-Benz
Toyota Harrier Turbo 2.0A M,2020,54800,149800,Toyota
Maserati GranCabrio Sport 4.7A (COE till 03/2033),2013,6000,248000,Maserati
Honda Vezel Hybrid 1.5A X,2017,93000,52800,Honda
Mercedes-Benz GLC-Class GLC250 AMG Line 4MATIC,2019,76386,154800,Mercedes-Benz
Porsche Macan Diesel S 3.0A PDK (New 10-yr COE),2014,106000,209800,Porsche
Toyota Esquire 2.0A Gi Sunroof,2017,92200,93800,Toyota
Honda Stream 1.8A RSZ (COE till 11/2028),2008,120000,65800,Honda
Mercedes-Benz B-Class B180 Style,2016,97000,59500,Mercedes-Benz
Volkswagen Touran 1.4A TSI (COE till 01/2026),2011,148000,27800,Volkswagen
Volkswagen Sharan 2.0A TSI Panoramic Roof,2021,64000,168800,Volkswagen
Mercedes-Benz A-Class A180 AMG Line,2017,64600,89000,Mercedes-Benz
Toyota Corolla Altis 1.6A Standard,2020,50000,108800,Toyota
Peugeot Partner 1.5A BlueHDi LWB,2019,90000,56800,Peugeot
Toyota Camry Hybrid 2.5A Ascent Sport,2020,34810,136888,Toyota
Nissan Fairlady 370Z Roadster (COE till 10/2030),2010,141000,123800,Nissan
Porsche Cayenne 3.6A Tip,2014,89000,85800,Porsche
Peugeot Partner 1.5A BlueHDi LWB,2020,80868,67800,Peugeot
BMW X1 sDrive16i M-Sport,2022,9800,204800,BMW
Nissan NV200 1.6A DX,2020,95500,60800,Nissan
Honda Fit 1.3A Honda Sensing,2022,11300,116800,Honda
Mitsubishi Eclipse Cross 1.5A Sunroof,2019,104000,102777,Mitsubishi
Audi Q5 2.0A TFSI Quattro,2017,80000,88800,Audi
Volkswagen Passat 1.8A TFSI Highline Sunroof,2019,50155,115800,Volkswagen
Volkswagen Jetta GP 1.4A TSI Highline,2016,70200,42800,Volkswagen
Nissan Cabstar 3.0M,2017,93528,45800,Nissan
Mitsubishi Triton L200 Double-Cab 2.5A (New 5-yr COE),2014,136482,61800,Mitsubishi
Honda Jazz 1.3A,2018,38367,60800,Honda
Audi A1 Sportback 1.0A TFSI S-tronic,2017,43000,68800,Audi
Volkswagen Polo GP 1.2A TSI Sunroof,2015,120000,31800,Volkswagen
Skoda Kodiaq 1.4A TSI Ambition Plus 7-Seater,2021,48000,160800,Skoda
Volvo XC40 T5 R-Design,2020,40000,168800,Volvo
Audi A3 Sedan 1.4A TFSI CoD S-tronic,2018,85000,95800,Audi
Mercedes-Benz E-Class E200 CGI (COE till 12/2029),2009,135000,81800,Mercedes-Benz
Mazda CX-5 2.0A Premium,2019,63000,106800,Mazda
Maserati GranTurismo 4.2A (COE till 03/2033),2013,90000,188888,Maserati
Mazda CX-5 2.0A Premium,2015,96204,44800,Mazda
Hyundai Avante 1.6A Elite Sunroof,2022,31215,136800,Hyundai
BMW 2 Series 216i Gran Coupe Sport,2022,29000,155800,BMW
Mercedes-Benz E-Class E300 Avantgarde,2020,62275,203800,Mercedes-Benz
Toyota Yaris Cross 1.5A XB,2022,24700,108000,Toyota
Porsche Cayman 2.9A PDK (COE till 08/2030),2010,138000,149800,Porsche
Volkswagen Jetta 1.4A TSI Sportline Sunroof,2016,101000,48800,Volkswagen
Kia Stonic 1.0T SX Sunroof,2020,68000,94800,Kia
Skoda Superb 1.8A Elegance (COE till 06/2030),2010,186000,69999,Skoda
Lexus IS Turbo IS200t Executive,2017,129200,97200,Lexus
Mazda 2 1.5A SP,2016,125000,35800,Mazda
Lexus ES250 Luxury Sunroof,2015,108500,61800,Lexus
Mercedes-Benz GLB-Class GLB180 Progressive,2022,5000,217800,Mercedes-Benz
Toyota Corolla Altis 1.6A (COE till 08/2029),2009,127010,60800,Toyota
BMW 2 Series 218i Gran Coupe Luxury,2021,31000,155000,BMW
BMW 4 Series 420i Convertible M-Sport,2018,46259,155000,BMW
Lexus NX Turbo NX200t Classic,2015,135000,57800,Lexus
Porsche Cayenne Coupe 3.0A Tip Sunroof,2021,67279,388800,Porsche
Isuzu FRR90,2018,157750,81800,Isuzu
BMW 3 Series 320i Efficient Dynamics,2015,157000,37000,BMW
BMW 2 Series 216d Gran Tourer,2017,80000,73800,BMW
Mercedes-Benz C-Class C180 Mild Hybrid Avantgarde,2022,26689,212800,Mercedes-Benz
Chevrolet Orlando 1.4A Turbo,2016,121000,49800,Chevrolet
Skoda Octavia Mild Hybrid 1.5A TSI e-TEC Style,2021,54000,134888,Skoda
Toyota Corolla Altis 1.6A Elegance,2018,79000,76800,Toyota
Mercedes-Benz E-Class E200 Mild Hybrid Avantgarde,2023,18485,269800,Mercedes-Benz
Honda Vezel 1.5A X,2015,139000,32800,Honda
Mazda 3 1.5A Sunroof,2016,143600,42800,Mazda
Honda Fit 1.3A G F-Package,2016,113000,47800,Honda
Toyota Corolla Altis 1.6A Classic,2015,118000,35800,Toyota
MINI One 1.5A 5DR,2020,30000,111800,MINI
Subaru XV 1.6i-S,2015,99500,35800,Subaru
Toyota Wish 1.8A (COE till 01/2026),2006,86000,33800,Toyota
Mazda 3 1.5A Sunroof,2018,82000,77800,Mazda
Mazda 5 2.0A Sunroof,2017,61000,67800,Mazda
BMW M235i Gran Coupe xDrive,2023,11000,297800,BMW
Kia Stonic 1.0T SX Sunroof,2019,77000,80800,Kia
Toyota Harrier 2.0A Premium Panoramic Roof,2015,116000,58888,Toyota
Honda Stepwagon 1.5A Spada,2017,124890,97800,Honda
Toyota Harrier Turbo 2.0A M,2020,50000,158800,Toyota
Honda Fit 1.3A G F-Package,2020,69000,89800,Honda
Toyota Yaris Cross 1.5A XB,2021,39123,113800,Toyota
Nissan NV200 1.6A,2021,44000,66800,Nissan
Hyundai Elantra 1.6A GLS S,2018,40000,73800,Hyundai
Toyota Voxy Hybrid 1.8A X,2021,53000,168800,Toyota
Nissan Sylphy 1.6A Premium,2019,60000,80800,Nissan
Hyundai Avante 1.6A S,2021,38000,117800,Hyundai
Toyota Vios 1.5A E (New 5-yr COE),2013,100000,63800,Toyota
Toyota Sienta Hybrid 1.5A X,2021,30000,123800,Toyota
Subaru Forester 2.0i-L Sunroof,2017,65000,72500,Subaru
Mercedes-Benz GLC-Class GLC300 Mild Hybrid 4MATIC Avantgarde,2023,6000,318800,Mercedes-Benz
BMW X1 sDrive16i xLine,2022,14248,197800,BMW
Mitsubishi ASX 2.0A,2017,98100,57800,Mitsubishi
Mercedes-Benz C-Class C200 Mild Hybrid AMG Line Premium Plus Sunroof,2020,49000,168800,Mercedes-Benz
Renault Scenic Diesel 1.5A dCi,2019,70000,87800,Renault
BMW 4 Series 420i Gran Coupe M-Sport,2022,18500,240800,BMW
Toyota Camry 2.0A,2014,92000,30800,Toyota
MINI Cooper S Countryman 2.0A,2017,44500,105800,MINI
Toyota Sienta Hybrid 1.5A G,2021,55000,136800,Toyota
Toyota Noah Hybrid 1.8A X,2023,20,245800,Toyota
Mercedes-Benz GL-Class GL350 BlueTEC CDI AMG Sport,2015,73749,102800,Mercedes-Benz
Mercedes-Benz A-Class A200 Style,2016,94000,58000,Mercedes-Benz
Mazda 6 2.0A,2017,105000,62800,Mazda
Toyota Alphard 2.5A S C-Package Moonroof,2021,35000,289800,Toyota
Porsche Macan S 3.0A PDK (New 10-yr COE),2015,84000,239800,Porsche
BMW X6 xDrive35i Sunroof,2014,104920,85800,BMW
Land Rover Defender 90 Hardtop,2015,65410,89800,Land Rover
Nissan Serena e-POWER Hybrid 1.2A Touring Tokidoki Edition Premium,2018,18000,138000,Nissan
SEAT Ibiza 1.0A EcoTSI DSG FR,2017,98000,53800,SEAT
Chevrolet Orlando 1.4A Turbo,2017,108000,52802,Chevrolet
Mazda 3 1.5A Deluxe Sunroof,2017,106000,52800,Mazda
BMW Z4 sDrive23i (COE till 04/2030),2010,177000,92800,BMW
Renault Kangoo II Express 1.5M,2017,128038,35500,Renault
Honda Civic 1.6A  VTi,2018,70000,79800,Honda
Subaru XV 1.6i-S,2016,170000,39800,Subaru
Opel Astra 1.4A Turbo Innovation,2021,65600,106800,Opel
BMW X1 sDrive20i M-Sport,2019,95000,128888,BMW
Land Rover Defender 90 Hardtop,2017,13000,138000,Land Rover
Toyota Alphard 3.5A SA C-Package Moonroof,2017,83257,139800,Toyota
Honda Vezel 1.5A G Honda Sensing,2022,25000,127988,Honda
Lexus ES250 Executive Sunroof,2019,87000,140800,Lexus
BMW 5 Series 520i,2016,116000,77500,BMW
Porsche Cayenne 3.6A Tip Sunroof,2016,149000,200888,Porsche
Mitsubishi Lancer 1.6M (COE till 01/2027),2007,152000,34800,Mitsubishi
Toyota ProAce 1.6M,2018,124040,52000,Toyota
Porsche Cayenne 3.0A Platinum Edition,2023,4200,499800,Porsche
Kia Forte K3 1.6A,2016,86000,42888,Kia
Kia Cerato 1.6A SX Sunroof,2018,28000,82800,Kia
Toyota Hiace 2.0A DX,2021,34000,85800,Toyota
Toyota Dyna 150 3.0M,2017,45000,62800,Toyota
Toyota Vellfire 2.4A V (COE till 02/2029),2009,147889,90800,Toyota
Mazda Biante 2.0A,2015,140438,35800,Mazda
Audi A7 Sportback 3.0A TFSI Quattro S-Line (COE till 09/2031),2011,135000,117600,Audi
Land Rover Discovery Sport 2.0A SE Si4 7-Seater,2017,70000,105800,Land Rover
Kia Cerato 1.6A SX Sunroof,2019,60000,85800,Kia
Mitsubishi Lancer EX 1.6A,2015,138100,19300,Mitsubishi
Toyota Estima 2.4A Aeras Premium Moonroof,2017,70000,97000,Toyota
BMW X4 xDrive20i M-Sport Sunroof,2016,108000,101800,BMW
Honda City 1.5A SV,2015,83000,37888,Honda
Subaru Forester 2.0A XT Sunroof,2017,95000,75800,Subaru
Suzuki Grand Vitara 2.0A (COE till 03/2030),2010,150000,73800,Suzuki
Toyota Alphard 2.5A S C-Package Moonroof,2023,13500,299800,Toyota
BMW 5 Series 520i (COE till 10/2031),2012,164808,119900,BMW
BMW 5 Series 520i Luxury,2019,62000,156800,BMW
Volkswagen Touran 1.4A TSI Comfortline Sunroof,2020,35000,132800,Volkswagen
Toyota Noah Hybrid 1.8A X,2021,36000,168800,Toyota
Toyota Yaris Cross 1.5A XB,2022,27500,118800,Toyota
Toyota Vellfire 2.5A Elegance Moonroof,2019,29000,204800,Toyota
Toyota Harrier 2.0A Elegance Panoramic Roof,2017,70000,72800,Toyota
Subaru Forester 2.0A XT Sunroof,2016,82000,50800,Subaru
Mazda 3 Mild Hybrid 1.5A Astina,2021,49852,123800,Mazda
Mazda 3 1.5A Deluxe Sunroof (New 10-yr COE),2014,120000,105000,Mazda
Toyota Camry 2.0A,2015,150000,42800,Toyota
Subaru XV 1.6i-S,2015,113060,36800,Subaru
BMW 3 Series 316i,2015,99700,36800,BMW
Honda Jazz 1.5A RS,2017,89000,53800,Honda
Honda Shuttle 1.5A G LED,2017,80000,53800,Honda
Volvo V40 T4 Momentum,2019,66000,101988,Volvo
Mercedes-Benz CLA-Class CLA180 Shooting Brake,2016,107000,65800,Mercedes-Benz
Toyota Vellfire 2.5A Z G-Edition Moonroof,2018,113745,175800,Toyota
Toyota Harrier 2.0A Premium Panoramic Roof,2017,98000,76800,Toyota
Mercedes-Benz GLA-Class GLA45 AMG 4MATIC,2015,131400,73800,Mercedes-Benz
Honda Vezel 1.5A X,2016,70000,37800,Honda
Lexus NX Turbo NX200t Executive,2017,96600,102800,Lexus
Toyota Noah Hybrid 1.8A X,2022,30000,180800,Toyota
Porsche 911 Turbo S Coupe 3.8A PDK (New 10-yr COE),2014,77000,668888,Porsche
Toyota Camry Hybrid 2.5A Ascent,2021,46000,141388,Toyota
Audi SQ5 3.0A TFSI Quattro (New 10-yr COE),2013,148000,208888,Audi
Honda Vezel Hybrid 1.5A  e:HEV X Honda Sensing,2022,7500,168800,Honda
Citroen C4 Picasso Diesel 1.6A e-HDi,2015,187000,27800,Citroen
Mercedes-Benz GLC-Class GLC250 Coupe AMG Line 4MATIC,2019,71000,187800,Mercedes-Benz
Kia Cerato K3 1.6A SX Sunroof,2017,50000,63288,Kia
Land Rover Range Rover Evoque 2.0A 5DR Sunroof,2018,74142,125800,Land Rover
Mazda CX-3 2.0A Deluxe (OPC),2019,39890,82800,Mazda
Peugeot RCZ 1.6M Turbo (COE till 03/2032),2012,90000,103800,Peugeot
Hyundai Tucson 1.6A GLS T-GDi DCT Turbo S Sunroof,2021,56000,175800,Hyundai
Kia Cerato K3 1.6A,2018,112095,63800,Kia
Honda Vezel Hybrid 1.5A X,2018,93000,77800,Honda
Audi S4 3.0A TFSI Quattro S-tronic (COE till 02/2032),2012,160000,139888,Audi
Audi A3 Sedan 1.0A TFSI S-tronic,2017,108000,69888,Audi
Toyota Sienta Hybrid 1.5A G,2020,38000,119988,Toyota
BMW 7 Series 730Li Sunroof,2015,90000,89550,BMW
Porsche Cayenne Hybrid S (COE till 01/2032),2012,176766,150800,Porsche
Toyota Harrier 2.0A Premium Panoramic Roof,2016,108000,61800,Toyota
Mercedes-Benz E-Class E200 Coupe,2019,24500,189800,Mercedes-Benz
BMW 3 Series 316i (New 10-yr COE),2014,92000,141000,BMW
Honda Shuttle Hybrid 1.5A,2018,38985,78800,Honda
BMW 2 Series 220i Coupe,2018,64000,138800,BMW
BMW 3 Series 318i M-Sport,2021,21900,186800,BMW
Honda Shuttle 1.5A G Honda Sensing,2022,109,127800,Honda
Mercedes-Benz S-Class S500L Mild Hybrid AMG Line 4MATIC Premium Executive,2022,4702,518800,Mercedes-Benz
Mercedes-Benz GLA-Class GLA180 Urban Edition,2017,118000,89800,Mercedes-Benz
Jaguar XF 2.0A GTDI Luxury,2017,78123,102500,Jaguar
Honda Jazz 1.5A RS,2016,114500,44800,Honda
Volkswagen Sportsvan 1.4A TSI Comfortline,2016,142000,43000,Volkswagen
Honda Civic 1.6A VTi,2016,131095,58800,Honda
Infiniti Q30 1.6A T Premium,2018,93000,91800,Infiniti
Toyota Wish 1.8A Elegance,2018,55785,83998,Toyota
Mitsubishi Attrage 1.2A,2018,42095,53800,Mitsubishi
Toyota Sienta Hybrid 1.5A X,2021,37095,128800,Toyota
Nissan Sylphy 1.8A Signature Series,2017,96000,58800,Nissan
Honda Shuttle 1.5A G LED Honda Sensing,2021,15335,114800,Honda
Jaguar XF 2.0A TSS,2015,71355,73998,Jaguar
Audi Q7 3.0A TFSI Quattro S-Line 7-Seater (333bhp),2016,60000,136950,Audi
Land Rover Range Rover Evoque 2.0A 5DR,2017,80000,133400,Land Rover
Toyota Alphard Hybrid 2.5A X,2022,14000,262800,Toyota
Honda Civic 1.6A VTi,2019,101081,88800,Honda
BMW 2 Series 216i Active Tourer,2019,30555,118800,BMW
Volkswagen Tiguan 1.4A TSI BMT R-Line,2016,136790,57800,Volkswagen
BMW 5 Series 520i Mild Hybrid,2021,33600,207800,BMW
Mercedes-Benz C-Class C180ML (COE till 04/2027),2007,147715,43998,Mercedes-Benz
Honda Accord Euro S 2.4A (COE till 01/2029),2009,131208,67998,Honda
Toyota Harrier Turbo 2.0A M,2020,23075,159800,Toyota
BMW X1 sDrive18i,2020,28110,154800,BMW
Mercedes-Benz A-Class A200 Progressive,2018,44182,118800,Mercedes-Benz
BMW 4 Series 420i Gran Coupe M-Sport,2017,62000,116800,BMW
Toyota Wish 1.8A (COE till 02/2026),2006,150280,28800,Toyota
Skoda Octavia 2.0A TSI RS,2018,78000,108800,Skoda
Mazda 3 1.5A,2015,100372,33800,Mazda
Toyota Noah Hybrid 1.8A X,2023,68,209800,Toyota
Audi A4 1.4A TFSI S-tronic,2017,66000,91800,Audi
Mercedes-Benz E-Class E200 (COE till 01/2032),2012,66000,108800,Mercedes-Benz
Honda HR-V 1.5A DX,2016,143610,55800,Honda
MINI One 1.4A (COE till 04/2029),2009,145000,50800,MINI
Audi A4 2.0A Mild Hybrid 2.0A TFSI S-tronic,2023,2800,215888,Audi
Lexus ES250 Luxury Sunroof,2015,105339,58998,Lexus
Porsche Macan S 3.0A PDK,2015,139000,105800,Porsche
BMW 5 Series 520i Highline (COE till 05/2032),2012,82753,123998,BMW
Volkswagen Transporter 2.0A,2014,130000,15800,Volkswagen
Renault Megane RS 2.0M R26 (COE till 09/2029),2009,20000,86888,Renault
Mazda CX-7 (COE till 10/2026),2012,99107,39998,Mazda
Volvo S60 T5 Momentum,2016,108221,61998,Volvo
Land Rover Defender 90 Hardtop,2016,67000,180800,Land Rover
Mazda 3 HB 1.5A Deluxe Sunroof,2015,83000,24000,Mazda
BMW 2 Series 216d Active Tourer,2016,120000,54600,BMW
Toyota Estima 2.4A Aeras S (COE till 08/2029),2009,149339,78800,Toyota
Mitsubishi Fuso Canter FEB21,2016,108323,44800,Mitsubishi
Toyota Noah Hybrid 1.8A X,2020,35000,167800,Toyota
Ferrari F8 Tributo,2023,10,1398800,Ferrari
Maserati Quattroporte S 3.0A,2016,71100,175800,Maserati
Mercedes-Benz CLA-Class CLA200 AMG Line Premium Plus,2022,17800,202800,Mercedes-Benz
Mercedes-Benz CLA-Class CLA200 AMG Line,2021,13000,190800,Mercedes-Benz
Mercedes-Benz SLK-Class SLK200 ML AMG (COE till 08/2027),2007,145000,60800,Mercedes-Benz
Subaru Forester 2.0i-L Sport Sunroof,2018,89339,73800,Subaru
Mercedes-Benz C-Class C180 Avantgarde,2016,118339,71800,Mercedes-Benz
Audi Q5 2.0A TFSI Quattro,2016,120000,76800,Audi
Nissan Qashqai 1.2A DIG-T,2018,50000,72800,Nissan
Toyota Dyna 150 3.0M,2019,72000,89800,Toyota
Mercedes-Benz S-Class S320L,2018,54555,222800,Mercedes-Benz
Mercedes-Benz G-Class G63 AMG 4MATIC,2022,43639,799000,Mercedes-Benz
MINI Cooper S 1.6A Camden Sunroof (COE till 09/2030),2010,133000,85000,MINI
Toyota Estima 2.4A Aeras Premium Moonroof,2015,108110,48000,Toyota
Volkswagen Golf 1.2A TSI,2017,46888,55555,Volkswagen
Mercedes-Benz E-Class E350e Plug-in Hybrid Avantgarde,2018,65000,163800,Mercedes-Benz
Porsche Boxster S 3.4A Tip (COE till 03/2030),2010,112800,137800,Porsche
Mercedes-Benz CLA-Class CLA200 AMG Line Premium,2022,9000,198800,Mercedes-Benz
Toyota Raize 1.2A G,2023,9800,125000,Toyota
Citroen C4 Cactus 1.2A PureTech,2016,15000,38800,Citroen
MINI Cooper S Clubman 2.0A,2016,150000,66500,MINI
Audi A3 Sportback 1.4A TFSI S-tronic Ambiente,2015,150000,36800,Audi
Skoda Rapid Spaceback 1.4A TSI Ambition,2019,46877,84888,Skoda
Skoda Octavia 1.0A TSI Ambition,2018,105000,72800,Skoda
Audi A3 Sedan 1.0A TFSI S-tronic,2020,40000,122800,Audi
Volkswagen Sportsvan 1.4A TSI Comfortline,2017,58593,63800,Volkswagen
Audi A5 Sportback Mild Hybrid 2.0A TFSI S-tronic,2023,15000,210000,Audi
Toyota Hiace 3.0A DX,2017,120000,56800,Toyota
BMW 4 Series 428i Gran Coupe M-Sport Sunroof,2015,92500,65888,BMW
Toyota Dyna 150 2.8M,2022,28500,109999,Toyota
MINI Cooper S Clubman 2.0A JCW Aero Kit,2020,25500,163500,MINI
Toyota Corolla Altis 1.6A Elegance,2017,72000,63555,Toyota
Volkswagen Tiguan 2.0A TSI R-Line,2022,20000,194800,Volkswagen
Volkswagen Tiguan 2.0A TSI R-Line,2022,19000,211800,Volkswagen
Lexus LS Hybrid LS500h Luxury MR,2018,72000,290800,Lexus
Mercedes-Benz B-Class B200 (New 5-yr COE),2014,91200,69888,Mercedes-Benz
Toyota Harrier 2.0A Elegance Panoramic Roof,2015,78290,45800,Toyota
Volvo XC60 T5 Momentum,2019,25000,152500,Volvo
Honda Jazz 1.3A,2020,52131,80600,Honda
Toyota Alphard 2.5A Elegance Sunroof,2015,120000,84800,Toyota
Audi Q5 2.0A TFSI Quattro S-tronic,2018,80000,139800,Audi
Land Rover Range Rover Mild Hybrid 3.0A SWB Autobiography,2022,5800,745800,Land Rover
BMW X5 xDrive40i M-Sport 7-Seater,2021,38873,317800,BMW
Subaru Forester 2.0i-L Sunroof,2017,77500,62088,Subaru
BMW X4 Mild Hybrid xDrive30i M-Sport,2022,8200,299800,BMW
Audi A3 Sportback 1.0A TFSI S-tronic,2019,52000,98500,Audi
Honda Civic 1.5A VTEC Turbo Sunroof,2016,126888,62000,Honda
Lexus IS250 (COE till 02/2029),2009,186800,73000,Lexus
Mercedes-Benz A-Class A180 Style,2017,107000,79800,Mercedes-Benz
BMW 5 Series ActiveHybrid 5 Sunroof (COE till 10/2031),2012,120000,130000,BMW
Mazda 6 2.0A Executive,2018,85105,72800,Mazda
BMW X1 sDrive18i,2019,61000,122222,BMW
Audi RS 3 Sportback 2.5A TFSI Quattro (COE till 04/2033),2013,122000,151800,Audi
BMW X7 xDrive40i Pure Excellence 7-Seater,2019,76297,318800,BMW
Porsche 911 Carrera GTS Coupe 3.8A PDK (COE till 04/2031),2011,95800,325000,Porsche
BMW 2 Series 216i Gran Tourer M-Sport,2018,88000,103000,BMW
BMW Z4 sDrive20i (COE till 11/2031),2012,150000,120000,BMW
BMW 3 Series 316i,2015,135000,36000,BMW
Toyota Alphard 2.5A Elegance Moonroof,2018,147000,175000,Toyota
Honda Jade 1.5A RS,2018,71034,84800,Honda
Mercedes-Benz CLA-Class CLA180 Progressive Sunroof,2023,12000,208800,Mercedes-Benz
Subaru Forester 2.0i-S EyeSight Sunroof,2019,65000,112000,Subaru
Subaru Forester 2.0i-S EyeSight Sunroof,2019,53000,109800,Subaru
Toyota Alphard 2.5A S C-Package,2018,79700,168800,Toyota
Suzuki Spacia Base GF,2023,290,80800,Suzuki
Nissan Note 1.2A,2019,57300,67800,Nissan
SEAT Arona 1.0A EcoTSI Style (OPC),2019,60000,66800,SEAT
BMW 6 Series 630i Gran Turismo Mild Hybrid M-Sport Sunroof,2023,6000,328800,BMW
BMW 3 Series 318i Sport Shadow Edition,2017,69294,85800,BMW
Mercedes-Benz GLB-Class GLB180 Progressive,2022,16000,205800,Mercedes-Benz
Nissan NV200 1.6A,2015,131900,26800,Nissan
BMW X3 sDrive20i xLine,2021,15000,218800,BMW
Mercedes-Benz C-Class C180 Mild Hybrid AMG Line,2022,29500,230800,Mercedes-Benz
Mercedes-Benz C-Class C180 Mild Hybrid AMG Line,2022,25000,215800,Mercedes-Benz
Mazda 3 1.5A Deluxe Sunroof,2015,137000,35900,Mazda
Lexus ES250 Luxury Sunroof,2016,137000,84800,Lexus
Subaru Forester 2.0i-L Sunroof,2016,114000,51800,Subaru
BMW 7 Series 740i Sunroof (COE till 04/2029),2009,138000,80800,BMW
Toyota Prius Plus Hybrid 1.8A,2018,87000,99800,Toyota
Honda Freed Hybrid 1.5A G 7-Seater Honda Sensing,2018,83000,95800,Honda
Kia Cerato K3 1.6A,2017,120000,58900,Kia
BMW 4 Series 435i Gran Coupe M-Sport Sunroof,2015,99850,88800,BMW
Renault Megane GT-Line Diesel 1.5A dCi,2017,100500,48880,Renault
Honda N-Van Turbo Style Fun Honda Sensing,2022,22500,74800,Honda
BMW 2 Series 216i Gran Coupe Sport,2022,17000,165800,BMW
Mercedes-Benz CLA-Class CLA180 AMG Line Sunroof,2020,34000,163600,Mercedes-Benz
BMW X3 sDrive20i M-Sport,2021,46000,212800,BMW
Toyota Wish 1.8A X,2017,89000,72988,Toyota
Toyota Sienta Hybrid 1.5A X,2021,36600,127800,Toyota
Toyota Noah Hybrid 1.8A X,2019,72000,139800,Toyota
Jaguar E-PACE 2.0A Prestige,2019,95000,128800,Jaguar
Volkswagen Golf 1.4A TSI Comfortline,2019,66000,95888,Volkswagen
Honda Vezel 1.5A X,2016,70000,47800,Honda
Hyundai TL Tucson 2.0A GLS,2016,80000,47888,Hyundai
Honda Jazz 1.5A RS,2016,115000,49888,Honda
Mazda 8 2.3A Sunroof,2014,152000,25900,Mazda
Mercedes-Benz B-Class B200 (COE till 08/2032),2012,128500,98800,Mercedes-Benz
Citroen Berlingo 1.6A BlueHDi,2018,88200,37800,Citroen
Nissan X-Trail 2.0A 7-Seater Sunroof,2016,81200,55800,Nissan
Nissan Note 1.2A,2018,74000,52688,Nissan
BMW 5 Series 523i (COE till 06/2030),2010,199000,83800,BMW
Toyota Alphard 2.5A S C-Package Moonroof,2017,72000,165800,Toyota
Citroen C4 Picasso Diesel 1.6A BlueHDi,2017,100200,53500,Citroen
Mercedes-Benz C-Class C200 Mild Hybrid Avantgarde,2019,72000,158000,Mercedes-Benz
Toyota Alphard 2.5A S C-Package Moonroof,2017,71000,153800,Toyota
Honda Shuttle Hybrid 1.5A,2021,32425,125800,Honda
Toyota Prius Alpha Hybrid 1.8A S,2018,63000,100800,Toyota
Honda Freed Hybrid 1.5A G,2021,36520,141800,Honda
Toyota Hiace 3.0A High Roof (COE till 12/2026),2012,194180,51800,Toyota
Volkswagen Touran 1.4A TSI Comfortline Sunroof,2020,40000,126688,Volkswagen
BMW 1 Series 116d,2017,97000,61800,BMW
Land Rover Range Rover Sport Diesel 3.0A 7-Seater,2017,166000,232800,Land Rover
BMW X5 LCI Mild Hybrid xDrive40i M Sport,2023,7000,418800,BMW
Mercedes-Benz C-Class C180 CGI Avantgarde (New 10-yr COE),2014,183000,116800,Mercedes-Benz
BMW 5 Series 520i,2016,125000,69588,BMW
Toyota Wish 1.8A (COE till 06/2028),2008,155500,56800,Toyota
Volkswagen Golf 1.4A TSI Comfortline,2019,88000,90800,Volkswagen
Toyota Camry 2.0A,2015,104800,47800,Toyota
Subaru Forester 2.0i-L Sunroof,2017,157000,65000,Subaru
Honda City 1.5A SV,2017,97000,52800,Honda
Honda Freed Hybrid 1.5A G Honda Sensing,2019,62000,108800,Honda
BMW Z4 sDrive23i (COE till 08/2030),2010,92250,95800,BMW
BMW 2 Series 216i Gran Tourer,2018,47800,107800,BMW
MINI One 1.5A 5DR,2023,5700,163800,MINI
Mercedes-Benz B-Class B180 Style,2018,86500,90800,Mercedes-Benz
Toyota Hiace 3.0M,2020,66300,73800,Toyota
Nissan NV350 2.5M,2017,110000,35800,Nissan
Mercedes-Benz GLE-Class GLE450 Mild Hybrid AMG Line 4MATIC,2020,87088,288800,Mercedes-Benz
SEAT Ateca 1.4A TSI Xcellence,2019,22813,110800,SEAT
Nissan Qashqai 1.2A DIG-T Premium,2016,130000,42800,Nissan
Toyota Camry 2.0A,2016,67300,57500,Toyota
Bentley Continental GT 4.0A V8,2016,24000,398800,Bentley
Mercedes-Benz C-Class C200,2015,148577,51000,Mercedes-Benz
Toyota Corolla Altis 1.8A (COE till 09/2028),2008,162000,52000,Toyota
Toyota Dyna 150 3.0M,2019,129008,85999,Toyota
Subaru Forester 2.0i-L Sunroof,2017,70000,68900,Subaru
Audi Q3 Sportback Mild Hybrid 1.5A TFSI S-tronic,2022,15000,206800,Audi
Mercedes-Benz C-Class C200 Avantgarde,2016,65000,82800,Mercedes-Benz
Mazda 2 HB 1.5A R (COE till 12/2027),2008,130000,40800,Mazda
Honda Civic 1.5A VTEC Turbo Sunroof,2018,97480,103800,Honda
Nissan Elgrand 2.5A Highway Star Moonroof,2019,87000,134888,Nissan
BMW 5 Series 525i XL (COE till 12/2028),2008,137414,58998,BMW
Nissan Sylphy 1.6A,2015,87000,30800,Nissan
Hyundai Tucson 1.6A GLS T-GDi DCT Turbo S Sunroof,2021,37000,176800,Hyundai
Mitsubishi Fuso Canter 3.0M,2016,98137,53800,Mitsubishi
Nissan NV200 1.5M,2019,82000,61800,Nissan
Mercedes-Benz C-Class C180 Avantgarde,2016,108000,77800,Mercedes-Benz
Mazda 6 2.5A Sunroof,2016,125280,56800,Mazda
Nissan NV350 2.5M,2020,23462,70800,Nissan
Nissan NV200 1.6A DX,2017,89097,44800,Nissan
Toyota Hiace 3.0M DX,2018,100000,54800,Toyota
Volvo S60 T5 R-Design Sunroof,2020,80000,145800,Volvo
Toyota Noah Hybrid 1.8A X,2022,18000,185800,Toyota
Toyota Rav4 2.4A (COE till 04/2029),2009,123000,92800,Toyota
Kia Cerato K3 1.6A,2014,130000,18000,Kia
Honda Jazz 1.5A RS,2017,91000,60800,Honda
BMW 2 Series 216d Gran Tourer Luxury,2016,122000,62800,BMW
Toyota Yaris Cross Hybrid 1.5A Active,2023,13000,150800,Toyota
Toyota Corolla Altis 1.6A,2016,73985,49800,Toyota
BMW M850i Coupe xDrive,2019,1900,390800,BMW
Mercedes-Benz A-Class A180,2015,70900,43000,Mercedes-Benz
Toyota Dyna 150 3.0M,2018,83212,76800,Toyota
Honda HR-V 1.5A DX,2019,58449,89800,Honda
Honda Civic 1.6A VTi,2017,74000,65500,Honda
BMW 4 Series 440i Convertible M-Sport,2018,91300,172000,BMW
Mercedes-Benz E-Class E200 Coupe,2018,33000,149800,Mercedes-Benz
Mercedes-Benz A-Class A180 Style,2018,84300,90800,Mercedes-Benz
Subaru Forester 2.0i-L Sunroof,2016,129000,51800,Subaru
Mazda 6 2.0A Executive,2017,88000,67800,Mazda
Hyundai Elantra 1.6A,2016,130000,38800,Hyundai
Toyota Raize 1.0A XS,2022,36980,121000,Toyota
Kia Cerato K3 1.6A,2018,98500,62500,Kia
Lexus UX200 Luxury,2020,33800,159000,Lexus
Mercedes-Benz E-Class E220d AMG Line Premium Plus,2016,110000,102800,Mercedes-Benz
Skoda Karoq 1.5A TSI Ambition,2019,99000,96800,Skoda
Land Rover Range Rover Evoque 2.0A 5DR,2017,80000,101800,Land Rover
Mazda CX-8 2.5A Luxury 7-Seater,2020,61200,169800,Mazda
Suzuki Swift Sport 1.6A,2017,85000,54800,Suzuki
Mercedes-Benz GLE-Class GLE450 Mild Hybrid AMG Line 4MATIC,2020,45800,292500,Mercedes-Benz
Mercedes-Benz GLC-Class GLC43 AMG 4MATIC,2022,2500,340000,Mercedes-Benz
BMW 3 Series 318i M-Sport,2022,31000,192800,BMW
Audi Q2 1.0A TFSI S-tronic,2019,37471,118800,Audi
Volvo XC90 T5 Momentum,2016,113800,99800,Volvo
Toyota Harrier Turbo 2.0A G Panoramic Roof,2017,90000,100800,Toyota
Mercedes-Benz E-Class E250 Avantgarde,2018,118000,138800,Mercedes-Benz
Toyota Previa 2.4A Aeras Moonroof,2020,57750,191800,Toyota
Honda Vezel Hybrid 1.5A X Honda Sensing,2017,73600,59500,Honda
Nissan Kicks e-POWER Hybrid 1.2A Premium Plus,2023,5412,138998,Nissan
Porsche 911 Carrera 4 Coupe 3.4A PDK (COE till 08/2033),2013,49105,369998,Porsche
Nissan Qashqai 1.2A DIG-T Premium,2017,84000,66800,Nissan
Mazda 6 2.0A,2021,50430,123500,Mazda
Hyundai Accent 1.4A 5DR,2015,131050,33800,Hyundai
Toyota Wish 1.8A X,2016,90000,53800,Toyota
Toyota Wish 1.8A,2016,79800,59800,Toyota
Mazda 8 2.3A Sunroof,2015,127000,35800,Mazda
Honda HR-V 1.5A LX,2018,128580,78800,Honda
Honda Vezel 1.5A X Honda Sensing,2019,62465,86800,Honda
Nissan NV200 1.5M,2018,70000,49800,Nissan
Kia Stonic Mild Hybrid 1.0A Sunroof,2021,38800,105800,Kia
Opel Astra 1.0A Turbo (OPC),2017,56000,49888,Opel
Mazda 5 2.0A Sunroof,2016,98000,59800,Mazda
Honda Jazz 1.5A RS,2016,95000,39888,Honda
Mercedes-Benz E-Class E200 Avantgarde,2016,116000,98800,Mercedes-Benz
Mazda 3 1.5A,2017,90000,51800,Mazda
Toyota Sienta Hybrid 1.5A X,2021,37000,127800,Toyota
Kia Carens Diesel 1.7A SX,2016,135000,52888,Kia
Subaru Forester 2.0A X (COE till 12/2028),2008,145000,67000,Subaru
Toyota Wish 1.8A,2016,77323,57800,Toyota
Nissan Qashqai 1.2A DIG-T,2016,93200,41900,Nissan
Toyota Dyna 150 3.0M (New 5-yr COE),2008,174860,51800,Toyota
Nissan Note 1.2A,2016,78000,39800,Nissan
Subaru XV 1.6i-S,2016,159000,47000,Subaru
MINI One 1.6A (COE till 08/2031),2011,89088,72800,MINI
Mercedes-Benz C-Class Plug-in Hybrid C300e AMG Line,2021,21900,215000,Mercedes-Benz
Audi A1 Sportback 1.0A TFSI S-tronic,2017,61730,64500,Audi
Jaguar XE Diesel 2.0A Prestige,2016,106850,58800,Jaguar
Volkswagen Jetta Sport 1.4A TSI (COE till 12/2025),2011,144000,28800,Volkswagen
Audi Q3 Sportback Mild Hybrid 1.5A TFSI S-tronic,2022,5150,217800,Audi
Mercedes-Benz C-Class C180 Avantgarde,2018,88200,118000,Mercedes-Benz
Mercedes-Benz S-Class S320L,2019,65400,238000,Mercedes-Benz
BMW 5 Series 520i Luxury,2019,72000,159800,BMW
BMW 7 Series 730i M-Sport Sunroof,2017,84000,136800,BMW
Mercedes-Benz G-Class G350d AMG Line 4MATIC Premium,2020,30500,461800,Mercedes-Benz
BMW X3 M40i,2019,98000,198800,BMW
Honda HR-V 1.5A DX,2019,85000,87800,Honda
Renault Megane Sedan 1.2A Privilege TCe,2017,97000,55800,Renault
Toyota Alphard 2.5A S C-Package Moonroof,2016,129900,117500,Toyota
Mercedes-Benz E-Class E250 Avantgarde,2017,146000,113800,Mercedes-Benz
Infiniti Q50 2.0A T,2017,71024,72800,Infiniti
Honda HR-V 1.5A DX,2019,28766,96800,Honda
BMW 2 Series 216i Active Tourer,2019,91531,106800,BMW
Audi A4 1.8A TFSI MU (COE till 11/2027),2008,157000,81200,Audi
Nissan Qashqai 1.2A DIG-T Premium,2017,79000,54999,Nissan
Mercedes-Benz CLA-Class CLA180 Urban,2017,95331,84800,Mercedes-Benz
Nissan Qashqai 2.0A Premium Moonroof,2016,89247,57800,Nissan
Honda Shuttle 1.5A G Honda Sensing,2021,33200,108800,Honda
Audi A4 1.8A TFSI MU (COE till 06/2030),2010,98000,81800,Audi
Porsche Boxster 2.7A PDK (COE till 09/2032),2012,61800,230800,Porsche
Honda Vezel Hybrid 1.5A X,2017,80500,66500,Honda
Toyota Corolla Altis 1.6A,2016,99000,52800,Toyota
Lexus NX Turbo NX200t Executive,2016,122399,75800,Lexus
Subaru XV 2.0i-S EyeSight GT Edition,2020,63000,112800,Subaru
Mercedes-Benz A-Class A180 Style,2017,135000,72800,Mercedes-Benz
Mercedes-Benz C-Class C63 S AMG,2016,90500,215800,Mercedes-Benz
Mercedes-Benz S-Class S500L Sunroof,2015,132000,164800,Mercedes-Benz
Toyota Corolla Axio 1.5A,2021,22100,110800,Toyota
Mercedes-Benz S-Class S300L (COE till 03/2027),2007,179000,49800,Mercedes-Benz
Lexus LS500 Luxury MR,2018,112390,259500,Lexus
Mercedes-Benz E-Class E200 Exclusive,2020,7550,215000,Mercedes-Benz
Audi Q3 Mild Hybrid 1.5A TFSI S-tronic,2022,8020,211000,Audi
Porsche Macan S 3.0A PDK,2016,170200,139800,Porsche
Subaru Forester 2.0A XT Sunroof,2017,108000,73800,Subaru
BMW 7 Series 740Li Luxury Sunroof,2017,111600,171500,BMW
Toyota Noah 2.0A X Welcab,2023,4800,195300,Toyota
Hyundai Avante 1.6A GLS S,2019,98000,79800,Hyundai
Mercedes-Benz B-Class B180 Style,2016,128000,51300,Mercedes-Benz
Mercedes-Benz B-Class B180 Style,2016,98129,58800,Mercedes-Benz
Honda Shuttle Hybrid 1.5A,2018,50000,86800,Honda
BMW 5 Series 520i (COE till 06/2028),2008,162000,57500,BMW
Land Rover Discovery Sport 2.0A Si4 SE 7-Seater Sunroof,2018,76000,129800,Land Rover
Land Rover Range Rover Diesel 3.0A TDV6 Vogue,2017,128000,250800,Land Rover
Audi RS 5 Coupe 4.2A FSI Quattro (COE till 12/2030),2011,152000,139000,Audi
Lexus RX300 Executive,2021,50169,226800,Lexus
Volvo S60 T2,2017,75000,78800,Volvo
Toyota Alphard Hybrid 2.5A X Moonroof,2022,18000,277800,Toyota
Mercedes-Benz E-Class E250 Avantgarde,2017,113831,127800,Mercedes-Benz
Mercedes-Benz C-Class C200 AMG Line Panoramic Roof,2015,117750,55800,Mercedes-Benz
Hyundai Avante 1.6A GLS S,2020,33000,95800,Hyundai
Volkswagen Golf 1.4A (COE till 01/2025),2010,150008,17500,Volkswagen
BMW X3 xDrive30i xLine,2019,60800,187800,BMW
Toyota Previa 2.4A Moonroof,2014,155218,36800,Toyota
Mercedes-Benz CLA-Class CLA180 AMG Line,2020,25000,148800,Mercedes-Benz
Volkswagen Sharan 2.0A TSI Panoramic Roof,2017,91725,88800,Volkswagen
MINI Cooper S 2.0A 5DR,2021,13000,177800,MINI
Peugeot Partner 1.5A BlueHDi LWB,2020,67051,65800,Peugeot
Mercedes-Benz S-Class S450L Mild Hybrid AMG Line 4MATIC,2021,44000,425800,Mercedes-Benz
Toyota Wish 2.0A (COE till 11/2024),2010,120000,15900,Toyota
MINI Cooper Cabriolet 1.5A,2019,50000,125800,MINI
Mercedes-Benz C-Class C180 AMG Line,2019,65000,142800,Mercedes-Benz
Honda Odyssey 2.4A EXV-S Sunroof,2021,39500,179888,Honda
Toyota Estima 2.4A G (COE till 08/2030),2011,160000,103000,Toyota
Honda Shuttle 1.5A G Honda Sensing,2019,59284,89800,Honda
Volkswagen Passat 1.8A TFSI Highline Sunroof,2016,96960,62800,Volkswagen
Honda Freed Hybrid 1.5A G,2019,108399,99800,Honda
Nissan Teana 2.0A XL,2015,89000,43800,Nissan
Maserati Ghibli 3.0A,2016,113811,118800,Maserati
Nissan Sylphy 1.6A Premium Signature Series,2015,88000,37400,Nissan
Toyota Camry 2.5A,2019,53000,124800,Toyota
Kia Cerato 1.6A EX,2019,45000,81800,Kia
Toyota Alphard 2.4A Moonroof,2014,118000,49800,Toyota
Honda Stepwagon 1.5A Spada,2020,25000,163800,Honda
Toyota Sienta Hybrid 1.5A X,2020,31288,114800,Toyota
Ferrari California 4.3A (COE till 02/2030),2010,37000,309800,Ferrari
Kia Cerato 1.6A EX,2019,69990,77800,Kia
BMW 2 Series 220i Coupe Sunroof,2017,53000,110800,BMW
Nissan Atlas,2015,160746,23800,Nissan
Lexus ES250 Executive Sunroof,2020,104747,155800,Lexus
Volkswagen Golf 1.4A TSI (COE till 10/2029),2010,154800,70500,Volkswagen
Chevrolet Orlando 1.4A Turbo,2016,113124,48500,Chevrolet
Honda Fit Hybrid 1.5A e-HEV,2022,9000,139888,Honda
Honda Shuttle 1.5A G LED,2018,78000,69800,Honda
Porsche 911 Carrera S Coupe 3.0A PDK,2020,6000,588800,Porsche
Honda Grace Hybrid 1.5A DX,2016,135000,47800,Honda
Porsche Boxster GTS 3.4A PDK,2015,27000,238800,Porsche
BMW 7 Series 730Li Sunroof,2018,78000,189800,BMW
Audi A6 1.8A TFSI Ultra,2017,135000,98800,Audi
Mitsubishi Fuso Canter FEB71,2017,111430,56800,Mitsubishi
Porsche Panamera S 4.8A PDK (COE till 04/2030),2010,155462,125800,Porsche
BMW 2 Series 216d Gran Tourer Luxury,2016,86954,55800,BMW
Mercedes-Benz E-Class E250 CGI (COE till 09/2031),2011,86700,106000,Mercedes-Benz
Toyota Sienta Hybrid 1.5A X,2019,51000,107800,Toyota
Honda Civic Type-R 2.0M VTEC Turbo GT,2021,30000,242800,Honda
Subaru Forester 2.0i-S EyeSight Sunroof,2020,32000,130000,Subaru
Mercedes-Benz GLC-Class GLC63 S AMG 4MATIC+ Sunroof,2021,20000,455800,Mercedes-Benz
Chevrolet Sonic 1.4A LTZ,2016,120000,38800,Chevrolet
Lexus NX Hybrid NX350h Luxury Sunroof,2023,6613,288800,Lexus
Toyota Corolla Altis 1.6A Elegance,2018,91000,81800,Toyota
Kia Niro Hybrid 1.6A GDi DCT Sunroof,2017,90000,62800,Kia
Porsche Macan S 2.9A PDK,2022,11000,368800,Porsche
Volkswagen Golf 1.4A TSI (COE till 04/2031),2011,179335,86800,Volkswagen
BMW 5 Series 520i Sunroof,2019,102000,149000,BMW
Volvo XC60 T6 R-Design Panoramic Roof,2017,112850,128800,Volvo
Mitsubishi Outlander 2.4A Sunroof,2017,103231,63800,Mitsubishi
Honda Vezel 1.5A X,2015,124675,29800,Honda
Toyota Alphard 2.5A S C-Package Moonroof,2023,21,398800,Toyota
Mazda 6 2.0A Executive,2017,82000,67800,Mazda
Toyota Mark X 2.5A G,2016,67000,58800,Toyota
Mercedes-Benz C-Class C200 AMG Line,2016,99000,84800,Mercedes-Benz
Opel Astra 1.0A Turbo IntelliLux LED,2018,69000,67800,Opel
Toyota Sienta Hybrid 1.5A G,2017,80000,73800,Toyota
Volkswagen Passat 1.8A TFSI,2016,98500,58800,Volkswagen
Lexus ES250 Executive Sunroof,2016,108000,66800,Lexus
BMW 4 Series 430i Gran Coupe M-Sport Sunroof,2016,65000,99800,BMW
Mazda MX-5 Roadster 2.0A RHT (COE till 06/2027),2007,139475,46800,Mazda
Mitsubishi Fuso Canter FEB21,2019,86112,78500,Mitsubishi
BMW M235i Coupe,2016,110000,116800,BMW
Bentley Flying Spur 6.0A W12,2020,7200,788800,Bentley
Land Rover Defender 90,2022,4000,295800,Land Rover
Toyota Estima 2.4A Aeras G-Edition (COE till 03/2030),2010,141389,87800,Toyota
Mercedes-Benz E-Class E53 Coupe Mild Hybrid AMG 4MATIC+,2019,62000,279800,Mercedes-Benz
BMW 6 Series 640i Gran Coupe M-Sport Sunroof,2015,89000,103988,BMW
Hyundai i30 1.4A T-GDi DCT Turbo,2018,65000,84988,Hyundai
Toyota Vios 1.5A J (COE till 08/2028),2008,119239,47800,Toyota
Honda Fit 1.3A GF,2020,39000,89800,Honda
Toyota Camry 2.0A (COE till 09/2028),2009,141000,54800,Toyota
Kia Cerato Forte 1.6A SX (COE till 09/2029),2009,136504,57800,Kia
Volkswagen Golf 1.4A TSI (New 5-yr COE),2014,102000,71800,Volkswagen
Toyota Wish 1.8A X (COE till 07/2030),2010,149000,84300,Toyota
Volkswagen Golf 1.2A TSI (COE till 06/2025),2010,193000,19888,Volkswagen
Mercedes-Benz E-Class E200 Avantgarde,2021,56800,219800,Mercedes-Benz
BMW 1 Series 118i 5DR Sportline,2019,49000,109800,BMW
MINI Cooper 1.6A (COE till 12/2028),2008,149000,50802,MINI
Toyota Harrier 2.0A Elegance Panoramic Roof,2016,88000,66800,Toyota
Nissan NV200 1.6A DX,2021,63800,70900,Nissan
Toyota Harrier 2.0A Elegance Panoramic Roof,2016,136636,53800,Toyota
BMW Z4 sDrive20i M-Sport,2020,32000,193800,BMW
BMW 4 Series 428i Gran Coupe Sunroof,2014,112212,51800,BMW
Mercedes-Benz C-Class C180 Exclusive,2016,69400,73900,Mercedes-Benz
SEAT Leon CUPRA Formentor 2.0A TSI DSG,2022,24081,193500,SEAT
Honda Fit Hybrid 1.5A,2018,88653,72800,Honda
BMW X1 sDrive18i,2019,81000,128800,BMW
Toyota Wish 1.8A,2018,76000,79000,Toyota
Honda Vezel Hybrid 1.5A X,2018,93608,76800,Honda
Honda Civic 1.6A VTi,2018,98000,76800,Honda
Mercedes-Benz CLS-Class CLS53 Mild Hybrid AMG 4MATIC+,2022,11700,513800,Mercedes-Benz
Toyota Dyna 150 3.0M,2019,120179,80288,Toyota
Toyota Noah Hybrid 1.8A X,2022,30000,183800,Toyota
BMW M3 Sedan Competition Package,2021,438,479800,BMW
Honda Shuttle 1.5A G,2016,96000,50800,Honda
Mercedes-Benz CLC-Class CLC180K (COE till 08/2030),2010,153000,74800,Mercedes-Benz
Mercedes-Benz C-Class C200 Exclusive,2016,68000,79800,Mercedes-Benz
BMW i8 Coupe,2014,7100,235000,BMW
Mazda CX-5 2.5A Luxury Sunroof,2016,73900,63800,Mazda
Hyundai Ioniq Hybrid 1.6A DCT Sunroof,2021,29000,125800,Hyundai
Peugeot 2008 1.2A PureTech EAT8 Allure Premium,2021,26200,133000,Peugeot
Toyota Harrier Turbo 2.0A M,2018,68300,108800,Toyota
Honda Shuttle 1.5A G LED,2016,79900,46800,Honda
Porsche Panamera G2 3.0A PDK,2018,31500,318800,Porsche
Honda HR-V 1.5A LX,2019,71000,96800,Honda
Audi A4 2.0A TFSI S-tronic,2018,47000,109800,Audi
Volkswagen Jetta 1.4A TSI Trendline,2016,72000,41800,Volkswagen
BMW 3 Series 318i Highline Sportline,2020,67150,160000,BMW
Toyota C-HR 1.2A Turbo Active,2018,68784,80000,Toyota
Honda Shuttle 1.5A G Honda Sensing,2021,51692,100000,Honda
Volvo XC40 T4 R-Design,2019,80000,123800,Volvo
BMW 5 Series 535i Sunroof (COE till 08/2030),2010,169000,118888,BMW
Toyota Noah Hybrid 1.8A X,2022,15000,195800,Toyota
Honda Freed Hybrid 1.5A G,2018,96325,84000,Honda
Toyota Vios 1.5A E,2019,57000,85800,Toyota
Honda Fit Hybrid 1.5A,2018,77000,77800,Honda
Mitsubishi Lancer EX 1.6A,2016,120000,42800,Mitsubishi
Lamborghini Huracan EVO 5.2A V10,2020,19350,898900,Lamborghini
Toyota Hiace 3.0A DX,2018,50168,73555,Toyota
Mercedes-Benz S-Class S300L (COE till 04/2029),2009,158888,80888,Mercedes-Benz
Lexus IS Turbo IS200t Executive,2016,80000,78500,Lexus
Nissan Cabstar 3.0M,2016,34800,39800,Nissan
Mercedes-Benz GLA-Class GLA180 Progressive,2021,42000,184800,Mercedes-Benz
Nissan Qashqai 1.2A DIG-T Premium,2016,127123,42800,Nissan
SEAT Ibiza 1.0A EcoTSI DSG Style,2018,58088,67800,SEAT
Nissan Qashqai 1.2A DIG-T,2017,100280,53800,Nissan
Land Rover Freelander 2 3.2A HSE (COE till 01/2031),2011,99900,105800,Land Rover
Kia Cerato Forte Koup 1.6A SX Sunroof (COE till 04/2025),2010,169744,21800,Kia
BMW 3 Series 318i Sport,2016,109733,64500,BMW
Toyota Harrier 2.0A Premium Panoramic Roof,2017,82305,76800,Toyota
Honda Vezel 1.5A X,2018,76500,83800,Honda
Toyota Corolla Altis 1.6A,2017,130359,53800,Toyota
Toyota Vellfire 2.5A Z G-Edition,2022,10670,280800,Toyota
Land Rover Defender 90 Puma (COE till 07/2027),2008,222480,70000,Land Rover
Mercedes-Benz CLA-Class CLA200 AMG Line,2015,112000,43800,Mercedes-Benz
Audi S3 Sportback 2.0A TFSI Quattro,2018,79000,169888,Audi
Honda Civic 1.6A VTi,2018,48501,91800,Honda
Toyota Sienta Hybrid 1.5A X,2021,22000,126800,Toyota
Mercedes-Benz CLS-Class CLS350 (COE till 06/2028),2008,138000,73800,Mercedes-Benz
Mercedes-Benz SLK-Class SLK200 (COE till 02/2032),2012,92000,107800,Mercedes-Benz
BMW 2 Series 216d Active Tourer,2017,85636,76800,BMW
Ferrari 812 Superfast,2020,2980,1450000,Ferrari
Opel Astra 1.4A Turbo,2016,85000,51500,Opel
MINI John Cooper Works Countryman 2.0A ALL4 LED,2019,40500,189800,MINI
Bentley Continental GT (New 10-yr COE),2004,46000,238800,Bentley
Citroen C4 Picasso Diesel 1.6A BlueHDi,2016,145800,36000,Citroen
Mercedes-Benz GLA-Class GLA180,2016,122000,68800,Mercedes-Benz
Audi A3 Sedan 1.4A TFSI S-tronic Ambiente (New 5-yr COE),2014,155000,72888,Audi
Infiniti QX30 2.0A GT Premium,2019,44000,115800,Infiniti
BMW 5 Series 523i (COE till 12/2030),2010,240000,105800,BMW
Honda Fit 1.3A G F-Package,2018,58000,76800,Honda
Nissan Sylphy 1.6A,2015,126000,29000,Nissan
Citroen C4 Picasso Diesel 1.6A BlueHDi,2016,83000,44800,Citroen
McLaren GT 4.0A,2021,7500,968000,McLaren
Mitsubishi ASX 2.0A,2015,105000,39000,Mitsubishi
Ferrari 296 GTB Plug-in Hybrid,2023,1000,1558000,Ferrari
BMW 4 Series 435i Gran Coupe,2016,70500,125000,BMW
Volkswagen Scirocco R 2.0A (COE till 12/2030),2011,162000,116838,Volkswagen
Mercedes-Benz E-Class E200 Mild Hybrid Sport,2021,29000,218500,Mercedes-Benz
Ferrari F430 F1 Spider (COE till 01/2028),2008,43100,320000,Ferrari
BMW M5 Competition (New 10-yr COE),2013,141000,258800,BMW
Jaguar F-Type 3.0SC S ST2 Convertible (COE till 07/2033),2013,65000,225000,Jaguar
Nissan NV200 1.6A,2023,11,110000,Nissan
BMW 3 Series 316i,2015,115000,48800,BMW
Nissan X-Trail 2.0A Premium 7-Seater Sunroof,2016,92000,61800,Nissan
Maserati GranTurismo Sport 4.7A (COE till 05/2032),2012,100000,193888,Maserati
Audi Q7 2.0A TFSI Quattro Tip,2016,115000,118000,Audi
Volkswagen Scirocco 1.4A TSI (COE till 08/2030),2010,224025,79877,Volkswagen
BMW 3 Series 320i,2014,52800,41555,BMW
Skoda Karoq 1.5A TSI Style,2019,39000,109800,Skoda
Mercedes-Benz E-Class E200 Mild Hybrid Sport,2022,4850,258800,Mercedes-Benz
Mercedes-Benz AMG GT R Roadster,2020,1500,780888,Mercedes-Benz
Land Rover Discovery Sport Mild Hybrid 2.0A SE R Dynamic 7-Seater,2020,28000,212800,Land Rover
Audi A5 Coupe 2.0A TFSI S-tronic Design,2018,72000,113800,Audi
Honda Vezel 1.5A G,2022,4000,144800,Honda
Honda Mobilio 1.5A RS i-VTEC Luxe,2016,71000,46888,Honda
Nissan GTR 3.8A (COE till 01/2030),2010,98000,249800,Nissan
Toyota Camry Hybrid 2.5A G Panoramic Roof,2019,28405,145994,Toyota
BMW 3 Series Plug-in Hybrid 330e,2018,66600,125000,BMW
Jaguar E-PACE 2.0A Prestige,2020,34000,158888,Jaguar
Hyundai Tucson Diesel 2.0A CRDi Sunroof,2015,113000,48800,Hyundai
Nissan NV200 Vanette 1.6A DX,2021,56000,66800,Nissan
Audi A5 Sportback 2.0A TFSI Quattro (COE till 05/2029),2010,137000,90800,Audi
Subaru Forester 2.0A XT Sunroof,2016,158000,51000,Subaru
Volvo XC40 T4 Momentum,2018,20000,123000,Volvo
BMW X2 sDrive20i M-Sport X,2018,96000,118888,BMW
Mazda 6 2.0A Executive,2020,47931,106800,Mazda
Lexus IS Turbo IS200t Executive,2017,91000,92800,Lexus
Toyota Alphard 2.5A S C-Package Moonroof,2019,49000,193800,Toyota
BMW 1 Series 116i Sportline,2021,28000,140800,BMW
Hyundai i30 1.6A Sunroof (COE till 12/2024),2010,125000,12800,Hyundai
Volkswagen Golf 1.4A (COE till 04/2029),2009,144000,97500,Volkswagen
Honda Vezel Hybrid 1.5A X,2017,82000,58800,Honda
Toyota Alphard 2.5A SA Moonroof,2016,146700,107888,Toyota
Honda Fit 1.3A GF,2020,53000,85800,Honda
Lexus ES250 Executive Sunroof,2021,51000,195000,Lexus
Toyota Wish 1.8A Elegance,2016,96000,45800,Toyota
Honda Vezel 1.5A X,2015,120000,23800,Honda
Mercedes-Benz CLA-Class CLA180 AMG Line,2015,125500,32500,Mercedes-Benz
Honda Jazz 1.5A RS,2018,66000,71800,Honda
Honda Fit Hybrid 1.5A,2016,95000,46500,Honda
Mercedes-Benz CLA-Class CLA180 Urban,2019,88000,118888,Mercedes-Benz
Mercedes-Benz A-Class Saloon A200 Progressive,2020,80000,144800,Mercedes-Benz
Audi RS 5 Coupe 4.2A FSI Quattro (COE till 04/2031),2011,132000,134800,Audi
Volvo S80 T5,2016,89000,46500,Volvo
Renault Megane Sedan 1.2A Privilege TCe,2017,93000,56800,Renault
Mercedes-Benz GLC-Class GLC250 AMG Line 4MATIC,2019,50000,158000,Mercedes-Benz
Toyota Sienta 1.5A Standard,2022,25720,131800,Toyota
Mercedes-Benz C-Class C180 Avantgarde,2018,113000,113500,Mercedes-Benz
Lexus RX Turbo RX200t Luxury Sunroof,2017,71000,136800,Lexus
Jaguar E-PACE Mild Hybrid 1.5A SE,2021,50000,173800,Jaguar
Lexus GS Turbo GS200t F Sport,2017,112000,129800,Lexus
Mercedes-Benz CLA-Class CLA200 AMG Line Sunroof (New 5-yr COE),2014,95214,78800,Mercedes-Benz
Hyundai Santa Fe 2.7A (COE till 12/2026),2007,142000,33800,Hyundai
Volkswagen Jetta 1.4A TSI,2015,80500,20500,Volkswagen
Mercedes-Benz E-Class E250 Avantgarde,2017,138172,131888,Mercedes-Benz
Honda Fit Hybrid 1.5A,2019,50049,88800,Honda
Toyota Hiace Commuter 2.8A GL,2020,270000,148800,Toyota
Toyota Wish 1.8A,2018,69428,84800,Toyota
Peugeot 508 SW 1.6A Allure,2016,115978,56800,Peugeot
Volvo V90 Cross Country T5 Momentum,2017,116000,114788,Volvo
Porsche 911 Targa 4S PDK,2023,1500,750800,Porsche
Honda S2000 2.2M (COE till 03/2028),2008,168000,137800,Honda
Audi A3 Sportback 1.8A TFSI Sunroof (COE till 08/2029),2009,226000,73500,Audi
Toyota Picnic 2.0A (COE till 04/2029),2009,169000,68900,Toyota
Nissan X-Trail 2.0A Premium 7-Seater Sunroof,2018,72000,93688,Nissan
Mercedes-Benz A-Class A200 Style,2017,122000,82800,Mercedes-Benz
Porsche Panamera G2 3.0A PDK,2019,59000,339800,Porsche
Audi A4 2.0A TFSI Quattro S-tronic (COE till 08/2030),2010,120000,98888,Audi
Mazda 3 HB Mild Hybrid 1.5A Astina Sunroof,2019,59247,106800,Mazda
Toyota Sienta Hybrid 1.5A X,2023,50,147588,Toyota
Honda Vezel 1.5A G Honda Sensing,2023,50,147588,Honda
Volkswagen Jetta Sport 1.4A TSI (COE till 08/2025),2010,134587,20100,Volkswagen
Mercedes-Benz V-Class V250d Avantgarde LWB,2018,70000,207800,Mercedes-Benz
Honda Stepwagon 1.5A Spada 8-Seater,2021,46000,187800,Honda
Toyota Noah Hybrid 1.8A X,2023,80,202888,Toyota
Lexus NX Turbo NX200t Luxury Sunroof,2016,104000,87800,Lexus
MINI One Clubman 1.5A,2021,35100,159800,MINI
Toyota Alphard 2.5A X 8-Seater Moonroof,2018,52503,179888,Toyota
BMW X2 sDrive20i M-Sport X,2018,55000,115800,BMW
Toyota Hiace 2.0A DX,2021,42000,78800,Toyota
Mazda 6 2.0A Executive,2017,76000,72800,Mazda
Mercedes-Benz C-Class C180 Avantgarde,2016,130000,79800,Mercedes-Benz
Mercedes-Benz CLA-Class CLA180 (New 10-yr COE),2014,131000,126000,Mercedes-Benz
Nissan Note 1.2A,2015,65000,22200,Nissan
Mercedes-Benz E-Class E250 Avantgarde,2018,72000,161800,Mercedes-Benz
Honda Jazz 1.5A,2021,41500,105800,Honda
Toyota Alphard Hybrid 2.5A SR C-Package Moonroof,2022,20000,300788,Toyota
BMW X1 sDrive18i,2017,96500,85800,BMW
Mazda 3 Mild Hybrid 1.5A Elegance,2021,20500,119800,Mazda
Lexus NX Turbo NX200t F Sport,2015,102954,73000,Lexus
Volkswagen Golf GTI 5DR Sunroof,2015,80000,45888,Volkswagen
Honda Vezel Hybrid 1.5A X,2017,89123,56188,Honda
Audi A1 Sportback 1.0A TFSI S-tronic S-Line,2021,17140,127800,Audi
Volkswagen Golf 1.4A TSI,2016,71343,57800,Volkswagen
Mercedes-Benz GLB-Class GLB200 AMG Line Premium Plus 7-Seater,2023,18,273888,Mercedes-Benz
Mercedes-Benz S-Class S350L (COE till 02/2031),2011,135057,126888,Mercedes-Benz
Mercedes-Benz C-Class C200,2015,168750,49888,Mercedes-Benz
MINI Cooper 1.5A 5DR Seven Edition,2017,70000,86888,MINI
Ford Mondeo 2.0A GTDI Titanium,2017,92300,66700,Ford
Jaguar XE Diesel 2.0A Prestige,2016,103000,57888,Jaguar
Porsche Macan S 3.0A PDK,2015,108557,129888,Porsche
Honda Vezel Hybrid 1.5A X Honda Sensing,2017,83000,50800,Honda
Mercedes-Benz B-Class B180 (New 10-yr COE),2014,119000,120800,Mercedes-Benz
Honda Vezel 1.5A X,2015,108000,33800,Honda
Honda Vezel 1.5A X,2015,86000,33800,Honda
BMW 1 Series 116d,2018,66000,89800,BMW
Lexus NX Turbo NX300 Executive,2021,40888,187999,Lexus
Subaru XV 1.6i-S,2015,78000,37800,Subaru
Honda HR-V 1.5A DX,2018,77400,74800,Honda
Volkswagen Polo GP 1.2A TSI,2015,87835,18800,Volkswagen
Mazda 3 Mild Hybrid 1.5A Elegance Sunroof,2020,47300,112800,Mazda
Mercedes-Benz C-Class C180 Mild Hybrid Avantgarde,2022,35300,215800,Mercedes-Benz
MINI Cooper S Clubman 2.0A,2017,68000,96888,MINI
Kia Stonic Mild Hybrid 1.0A SX Sunroof,2023,3642,131888,Kia
Honda Vezel 1.5A G Honda Sensing,2023,11300,134800,Honda
Mazda 3 Mild Hybrid 1.5A Elegance,2021,31700,114800,Mazda
Mercedes-Benz C-Class C160 Avantgarde,2020,28500,157800,Mercedes-Benz
Honda Civic 1.6A VTi,2019,64888,96800,Honda
Toyota Camry 2.0A (COE till 03/2029),2009,157000,63000,Toyota
Honda Vezel 1.5A X,2016,87000,41800,Honda
Hyundai Accent 1.4A,2019,85000,76300,Hyundai
Honda City 1.5A SV,2021,45000,116300,Honda
Nissan Qashqai 1.2A DIG-T,2015,96800,39800,Nissan
Mercedes-Benz GLA-Class GLA200 Sport,2022,20800,196800,Mercedes-Benz
Toyota Vellfire 2.5A Z G-Edition,2016,95000,97800,Toyota
Audi A3 Sportback Mild Hybrid 1.5A TFSI S-tronic,2022,27800,163800,Audi
Bentley Continental GT Cabriolet 4.0A V8,2020,12983,788000,Bentley
Audi A6 2.0A TFSI MU,2014,134895,39800,Audi
Nissan X-Trail 2.0A Premium 7-Seater Sunroof,2016,68000,53500,Nissan
Audi A5 Sportback Mild Hybrid 2.0A TFSI S-tronic,2022,37800,196800,Audi
Honda CR-Z Hybrid 1.5A (COE till 04/2031),2011,121424,108888,Honda
Porsche Panamera 3.6A PDK (COE till 01/2032),2012,137009,176888,Porsche
Audi Q5 2.0A TFSI Quattro,2015,100000,52800,Audi
Volvo XC40 T5 R-Design,2021,15900,178800,Volvo
Toyota C-HR Hybrid 1.8A S,2017,126000,62888,Toyota
Hyundai Elantra 1.6A,2016,101000,32800,Hyundai
Mercedes-Benz GLA-Class GLA180,2015,132800,48800,Mercedes-Benz
Volvo S60 Diesel D2,2015,99893,28800,Volvo
Toyota ProAce 1.6M Comfort,2018,61892,46800,Toyota
BMW 5 Series 530i Luxury,2017,80000,117777,BMW
Land Rover Discovery Sport 2.0A SE 7-Seater Sunroof,2020,26000,179800,Land Rover
Toyota Yaris Cross 1.5A G,2021,22000,114800,Toyota
Maserati GranCabrio Sport 4.7A,2020,12000,399000,Maserati
Lexus ES250 Sunroof,2015,130000,45800,Lexus
Honda Civic 1.6A VTi,2019,88000,95888,Honda
Toyota Alphard 2.5A S C-Package Moonroof,2022,18300,288800,Toyota
BMW 5 Series 530i Luxury,2017,81000,117777,BMW
BMW 3 Series 320i Efficient Dynamics,2015,154622,37800,BMW
BMW 5 Series 530i Luxury,2017,95000,127777,BMW
Toyota Corolla Altis 1.6A (COE till 12/2030),2011,191000,72777,Toyota
Mitsubishi ASX 2.0A,2017,120000,60988,Mitsubishi
Subaru Forester 2.0i-L Sunroof,2017,100000,61800,Subaru
MINI One 1.5A 3DR,2021,23000,132800,MINI
Mercedes-Benz CLA-Class CLA180 Urban,2017,102071,76800,Mercedes-Benz
Volkswagen Scirocco GP 1.4A TSI,2016,105000,46800,Volkswagen
Mercedes-Benz GLA-Class GLA180,2016,114000,57800,Mercedes-Benz
Toyota Estima 2.4A Aeras Moonroof (COE till 08/2027),2007,148790,48800,Toyota
Mercedes-Benz S-Class S320L,2016,69688,142800,Mercedes-Benz
Honda Vezel Hybrid 1.5A X,2020,43988,115800,Honda
Renault Fluence Diesel 1.5A dCi,2015,169200,17888,Renault
Mazda 6 2.0A,2016,68300,56500,Mazda
Toyota Harrier Turbo 2.0A G Panoramic Roof,2017,133088,104800,Toyota
Mazda 6 2.0A,2018,36900,78000,Mazda
Mercedes-Benz B-Class B200 Chrome (New 5-yr COE),2014,120000,69988,Mercedes-Benz
Jaguar F-PACE 2.0A Prestige,2022,6575,230000,Jaguar
BMW 5 Series 520i,2016,150000,68800,BMW
Toyota Estima 2.4A X (COE till 07/2030),2010,179635,90000,Toyota
Nissan NV200 1.6A DX,2015,147343,17800,Nissan
Citroen Grand C4 Picasso 1.6A THP Sunroof,2017,97603,58000,Citroen
Audi Q8 Mild Hybrid 3.0A TFSI Quattro Tip S-Line,2020,15000,299999,Audi
Honda Jazz 1.5A RS,2019,35000,88300,Honda
Mercedes-Benz GLA-Class GLA180 Urban Edition,2019,30000,117800,Mercedes-Benz
BMW 3 Series 316i Sport (New 5-yr COE),2013,153000,70800,BMW
BMW 5 Series 523i (COE till 08/2030),2010,128000,95000,BMW
Mercedes-Benz CLA-Class CLA180 Urban,2017,66200,85888,Mercedes-Benz
Honda Jazz 1.5A RS,2018,74000,66800,Honda
Mercedes-Benz CLA-Class CLA200 Sunroof (New 5-yr COE),2014,63000,73988,Mercedes-Benz
Toyota Corolla Altis 1.6A (COE till 08/2029),2009,334000,59800,Toyota
Toyota Vios 1.5A G (COE till 07/2030),2010,159206,66800,Toyota
Mercedes-Benz V-Class V220 CDI Extra-Long,2016,125200,98800,Mercedes-Benz
BMW 5 Series 520i XL (COE till 12/2029),2010,142000,72800,BMW
Suzuki Swift Sport 1.6A (COE till 11/2030),2010,169000,76800,Suzuki
Volkswagen Scirocco 1.4A TSI Sunroof (COE till 08/2026),2011,187510,33800,Volkswagen
Nissan X-Trail 2.0A 7-Seater Sunroof,2017,83000,67800,Nissan
Mercedes-Benz AMG GT R Pro,2022,3188,770000,Mercedes-Benz
Audi A3 Sportback 1.6A Tip (COE till 01/2027),2007,113000,38800,Audi
Mercedes-Benz C-Class C180 Avantgarde,2016,150000,75800,Mercedes-Benz
Honda Jazz 1.5A,2016,78688,38800,Honda
Mercedes-Benz CLA-Class CLA180 AMG Line (New 10-yr COE),2014,96000,135788,Mercedes-Benz
Kia Stonic Mild Hybrid 1.0A SX Sunroof,2021,21800,110800,Kia
Toyota Vellfire 2.5A Z G-Edition,2018,82000,158800,Toyota
Honda Shuttle 1.5A G LED,2017,69376,57888,Honda
Honda Fit 1.3A,2020,48000,94988,Honda
Nissan NV200 1.6A,2021,65000,69000,Nissan
Mercedes-Benz A-Class A180 Style,2017,100000,74800,Mercedes-Benz
Hyundai Avante 1.6A Elite Sunroof,2021,40000,123800,Hyundai
BMW X3 sDrive20i M-Sport Sunroof,2016,140000,87800,BMW
Porsche Cayenne 3.0A Tip,2023,12800,481800,Porsche
Mercedes-Benz E-Class E220d,2017,78000,115800,Mercedes-Benz
Audi Q3 1.4A TFSI S-tronic,2020,42000,153800,Audi
MINI One 1.5A 5DR,2022,28400,153800,MINI
Nissan NV200 1.6A DX,2019,72000,48888,Nissan
Honda Fit 1.3A GF,2019,56000,77800,Honda
Honda HR-V 1.5A DX,2018,61500,85800,Honda
Citroen Grand C4 Picasso Diesel 1.6A BlueHDi Panoramic Roof,2016,136000,41888,Citroen
BMW 2 Series 216d Active Tourer,2018,103000,81800,BMW
Kia Cerato Forte 1.6A EX (COE till 03/2027),2012,140000,37988,Kia
Mercedes-Benz GLS-Class GLS350d 4MATIC AMG Line,2018,165000,223800,Mercedes-Benz
Ferrari 458 Italia (COE till 12/2032),2012,56000,688000,Ferrari
Volkswagen Golf 1.4A TSI EQP Sunroof,2017,49158,69800,Volkswagen
Volvo S90 Mild Hybrid B5 Ultimate,2023,11800,225000,Volvo
Hyundai Elantra 1.6A GLS Elite,2016,89800,48800,Hyundai
Toyota Alphard 2.5A S C-Package Moonroof,2021,38000,261800,Toyota
Audi TT Roadster 2.0A TFSI S-tronic,2021,9000,213800,Audi
Land Rover Range Rover Plug-in Hybrid 2.0A Vogue PHEV,2019,45000,349800,Land Rover
BMW 4 Series 420i Gran Coupe Sunroof,2015,88023,55800,BMW
Mercedes-Benz S-Class S320L,2016,87760,145800,Mercedes-Benz
Audi A3 Sportback 1.4A TFSI S-tronic Ambiente,2015,102000,37800,Audi
BMW 2 Series 216i Gran Tourer,2018,113044,96800,BMW
Mazda 6 2.0A Executive,2019,64246,101000,Mazda
Porsche Macan S 3.0A PDK,2017,90926,178800,Porsche
Audi RS 3 Sportback 2.5A TFSI Quattro,2022,11000,308800,Audi
BMW 7 Series 730Li Sunroof,2021,25000,320800,BMW
Audi A5 Sportback Mild Hybrid 2.0A TFSI S-tronic,2023,13000,218800,Audi
Toyota Harrier 2.0A G's Elegance Panoramic Roof,2015,90000,57888,Toyota
Maserati Ghibli 3.0A,2021,50000,299800,Maserati
Honda Odyssey 2.4A Absolute,2016,90871,71888,Honda
BMW 2 Series 216d Active Tourer,2016,160002,46800,BMW
Honda Integra 2.0A (COE till 06/2026),2006,142000,50800,Honda
Honda Vezel Hybrid 1.5A X,2018,87000,88800,Honda
Toyota Raize 1.0A X,2021,35351,96800,Toyota
BMW X1 sDrive18i,2019,39598,126800,BMW
Toyota Sienta 1.5A G,2019,56000,91800,Toyota
Lexus LS350 Luxury MR,2018,67000,208000,Lexus
Mazda CX-5 2.0A Elegance,2021,37156,140000,Mazda
Honda HR-V 1.5A DX,2019,49504,85500,Honda
Mercedes-Benz C-Class C200 Coupe Mild Hybrid AMG Line,2019,38000,165800,Mercedes-Benz
Mercedes-Benz A-Class A200 Progressive,2019,66000,120800,Mercedes-Benz
Kia Cerato 1.6A GT Line Sunroof,2020,29000,97777,Kia
Mitsubishi Lancer EX 1.6A,2017,91300,55800,Mitsubishi
Mazda CX-9 2.5A Turbo,2018,84000,129777,Mazda
BMW 5 Series 520i XL (COE till 02/2029),2009,139000,65800,BMW
Toyota Hiace 3.0A Super GL Dark Prime,2017,108200,74800,Toyota
Honda Odyssey 2.4A EXV-S Sunroof,2017,120145,96000,Honda
Volkswagen Golf 1.4A TSI EQP Sunroof,2017,80123,70600,Volkswagen
BMW M4 Coupe Competition Package,2017,36000,233800,BMW
Toyota Prius Plus Hybrid 1.8A,2019,106000,108888,Toyota
Peugeot 3008 1.6A e-THP EAT6 Allure,2017,99000,76777,Peugeot
Jaguar XE 2.0A Prestige,2018,57000,99777,Jaguar
Peugeot 3008 1.6A PureTech EAT8 Allure,2020,31996,128000,Peugeot
Honda Vezel 1.5A G,2023,21000,131777,Honda
Audi A3 Sedan 1.4A TFSI Ambiente,2015,110000,40800,Audi
Mercedes-Benz GLB-Class GLB200 Progressive,2021,37000,190888,Mercedes-Benz
BMW X3 Plug-in Hybrid xDrive30e,2022,13000,249888,BMW
Hyundai i30 1.4A T-GDi DCT Turbo,2018,95000,71800,Hyundai
Mercedes-Benz GLC-Class GLC300e Coupe Plug-in Hybrid 4MATIC,2022,26000,277888,Mercedes-Benz
Volkswagen Golf GTI 5DR Sunroof,2021,44000,191777,Volkswagen
Toyota Noah Hybrid 1.8A X,2023,75,199800,Toyota
Kia Sportage 2.0A GT Line,2017,85677,68800,Kia
Mercedes-Benz GLA-Class GLA200 Sport Executive,2021,83600,169888,Mercedes-Benz
Volkswagen Beetle Cabriolet 1.2A TSI,2019,31916,122000,Volkswagen
Audi A5 Coupe 2.0A TFSI S-tronic Design,2017,60200,91888,Audi
Volkswagen Passat Variant 2.0A TSI R-Line,2018,104174,125000,Volkswagen
Mercedes-Benz GLA-Class GLA200 Sunroof,2017,88000,78777,Mercedes-Benz
Subaru Impreza WRX 5D 2.5M STI (COE till 03/2029),2009,165070,108000,Subaru
Volkswagen Sharan 2.0A TSI,2018,72000,103888,Volkswagen
Honda HR-V 1.5A LX,2020,87000,98688,Honda
SEAT Tarraco 1.4A TSI DSG Xcellence 7-Seater Sunroof,2021,15670,168800,SEAT
Nissan NV350 2.5M,2014,164000,10800,Nissan
Volkswagen Golf 1.0A TSI Trendline,2018,17036,78000,Volkswagen
Toyota Raize Hybrid 1.2A G,2023,75,156800,Toyota
Honda Fit 1.3A GF (OPC),2019,51365,67000,Honda
Suzuki Jimny Turbo JB64,2019,38000,99000,Suzuki
Mercedes-Benz GLC-Class GLC300 Coupe Mild Hybrid AMG Line 4MATIC Premium,2023,80,359800,Mercedes-Benz
BMW 5 Series 520i Mild Hybrid M-Sport,2023,910,268800,BMW
Mercedes-Benz E-Class E200 Avantgarde,2017,69300,111800,Mercedes-Benz
BMW 2 Series 218i Convertible,2016,40000,121000,BMW
Citroen Grand C4 Picasso Diesel 1.6A BlueHDi Panoramic Roof,2016,120000,42800,Citroen
Volvo V40 T2,2018,38908,80000,Volvo
Renault Clio 1.2A TCe,2017,83383,58800,Renault
Kia Stinger 3.3A Sunroof,2018,49645,140000,Kia
Mazda 6 2.5A Luxury Sunroof,2017,78593,65500,Mazda
Hyundai Ioniq Hybrid 1.6A DCT Sunroof,2017,133000,59800,Hyundai
BMW 1 Series 116d,2017,140110,56800,BMW
Mercedes-Benz GLC-Class GLC43 Coupe AMG 4MATIC,2017,98000,180000,Mercedes-Benz
Audi A3 Sedan 1.0A TFSI S-tronic,2018,76000,90800,Audi
Volvo XC90 T5 Momentum,2017,93000,148800,Volvo
Mitsubishi Lancer EX 1.6A,2016,147000,34800,Mitsubishi
Kia Cerato 1.6A LX,2018,68000,71800,Kia
MINI Cooper 1.6A (COE till 04/2031),2011,110000,79800,MINI
Volkswagen Golf 1.4A TSI Highline Sunroof,2018,32300,87500,Volkswagen
BMW M5 Sunroof (COE till 05/2031),2012,158000,155800,BMW
Suzuki Grand Vitara 2.0A (COE till 04/2029),2009,170400,61800,Suzuki
Honda Civic 1.6A VTi,2019,149300,92800,Honda
Mercedes-Benz GLA-Class GLA180,2017,94000,84800,Mercedes-Benz
BMW 2 Series 220i Coupe Sunroof,2016,138000,86800,BMW
Subaru XV 1.6i-S,2015,112000,39800,Subaru
Mercedes-Benz B-Class B200 (New 5-yr COE),2013,153033,130000,Mercedes-Benz
BMW X1 sDrive18i M-Sport,2022,32000,193800,BMW
Mazda 6 2.0A,2015,74200,43800,Mazda
BMW X3 Mild Hybrid xDrive30i M-Sport,2023,9050,306800,BMW
Honda CR-Z Hybrid 1.5A (COE till 08/2032),2012,145585,104800,Honda
Honda Shuttle 1.5A G,2016,135000,44800,Honda
Volkswagen Golf 1.4A TSI,2017,80000,56800,Volkswagen
Toyota Noah Hybrid 1.8A X,2022,29211,182800,Toyota
Toyota Vios 1.5A E (COE till 09/2024),2009,130000,9800,Toyota
Toyota Corolla Altis 1.6A Elegance,2017,85000,58800,Toyota
Toyota Esquire 2.0A Gi Sunroof,2015,120000,56300,Toyota
Honda Fit 1.3A G (COE till 03/2025),2010,206300,15800,Honda
Toyota Estima 2.4A Aeras Premium,2017,33500,118800,Toyota
Nissan Qashqai 1.2A DIG-T Premium,2016,108000,44500,Nissan
Audi Q5 3.2A FSI Quattro S-Line (COE till 04/2030),2011,134100,105800,Audi
Toyota Yaris Cross 1.5A XB,2022,20000,114800,Toyota
Honda Fit 1.3A G F-Package,2020,73000,86800,Honda
Kia Stonic 1.0T SX Sunroof,2019,60038,80688,Kia
Honda Vezel Hybrid 1.5A e-HEV X,2023,5000,178800,Honda
Toyota Alphard 2.5A S C-Package Moonroof,2019,47300,215800,Toyota
BMW 5 Series 528i Touring Sunroof,2016,104888,86800,BMW
Porsche 981 Cayman 2.7A PDK (New 10-yr COE),2014,107001,255800,Porsche
BMW 5 Series 523i (COE till 09/2031),2011,154000,101800,BMW
Mercedes-Benz S-Class S320L,2017,61345,169800,Mercedes-Benz
Nissan X-Trail 2.0A 7-Seater Sunroof,2016,113000,55800,Nissan
Toyota Vios 1.5A G (COE till 11/2029),2009,139352,63800,Toyota
Nissan Qashqai 2.0A Premium Moonroof,2016,99200,55800,Nissan
BMW 2 Series 218i Coupe Sunroof,2016,115000,65800,BMW
Mercedes-Benz C-Class C180 AMG Line,2016,120000,86888,Mercedes-Benz
BMW X1 sDrive18i M-Sport,2022,29800,185800,BMW
BMW 3 Series 335i (COE till 07/2029),2009,160000,86800,BMW
Mercedes-Benz S-Class S500L Sunroof,2016,123980,189800,Mercedes-Benz
Mitsubishi Evolution 10 GSR SST (COE till 09/2028),2008,162000,129800,Mitsubishi
Nissan GTR 3.8A (COE till 05/2028),2008,99000,245000,Nissan
Volkswagen Passat 1.8A TFSI,2018,130000,80800,Volkswagen
Mercedes-Benz CLA-Class CLA180 Shooting Brake,2015,130000,50800,Mercedes-Benz
Mercedes-Benz E-Class E200 Mild Hybrid AMG Line Premium,2021,33200,238800,Mercedes-Benz
BMW X1 sDrive18i xLine,2022,33957,173800,BMW
Kia Cerato K3 1.6A SX,2016,112000,38800,Kia
BMW X1 sDrive18i,2020,43800,152800,BMW
Nissan Qashqai 1.2A DIG-T Premium,2016,103000,44800,Nissan
Mercedes-Benz CLS-Class CLS350 Mild Hybrid Sunroof,2019,49000,229800,Mercedes-Benz
Lamborghini Gallardo Spyder LP560-4 (COE till 12/2030),2010,60000,318800,Lamborghini
Bentley Bentayga 4.0A V8,2020,17000,698888,Bentley
BMW 6 Series 650i Cabriolet (COE till 04/2031),2011,97003,125800,BMW
Honda Vezel Hybrid 1.5A X,2017,88000,56800,Honda
Mazda 3 1.5A Sunroof,2016,89000,39800,Mazda
Jaguar XJ 5.0A Sunroof (COE till 11/2030),2010,119000,85800,Jaguar
Subaru Forester 2.0i-S EyeSight Sunroof,2019,103000,109888,Subaru
Mercedes-Benz S-Class S450L,2018,111000,250000,Mercedes-Benz
Mazda 2 HB 1.5A Standard,2019,40500,79800,Mazda
Honda Fit Hybrid 1.5A,2020,48000,89800,Honda
BMW Z4 sDrive35i (COE till 06/2030),2010,99000,113800,BMW
Hyundai Elantra 1.6A GLS,2016,95000,49800,Hyundai
Toyota Corolla Axio 1.5A X,2017,65000,55588,Toyota
Honda Vezel 1.5A X,2016,128000,43800,Honda
Lexus IS250 (COE till 11/2028),2008,170000,65800,Lexus
BMW 4 Series 428i Coupe Sunroof (COE till 09/2033),2013,105168,163888,BMW
BMW 2 Series 218i Gran Coupe M-Sport,2021,31888,163555,BMW
Toyota Corolla Altis 1.6A Standard,2021,21168,122888,Toyota
BMW 2 Series 216d Gran Tourer Luxury,2015,139000,48800,BMW
Toyota Raize 1.0A X,2021,27000,94300,Toyota
Honda City 1.5A SV,2017,79000,55388,Honda
Audi RS 7 Sportback Mild Hybrid 4.0A TFSI Quattro Tip,2022,10000,564999,Audi
Toyota Noah Hybrid 1.8A X,2023,30,246800,Toyota
Subaru Impreza 5D 2.0A S-GT (COE till 04/2028),2008,212000,70000,Subaru
Mercedes-Benz A-Class A200 Progressive,2020,19000,148800,Mercedes-Benz
Mercedes-Benz A-Class A180 Style,2017,74997,69800,Mercedes-Benz
Mercedes-Benz C-Class C200 Coupe,2017,58000,116900,Mercedes-Benz
Honda City 1.5A VTEC,2018,76889,77800,Honda
Toyota Harrier 2.0A Premium Panoramic Roof,2015,118888,43888,Toyota
Toyota Prius Hybrid 1.5A (COE till 11/2027),2007,147000,41800,Toyota
Volkswagen Jetta GP 1.4A TSI Highline,2017,95000,60800,Volkswagen
Nissan Qashqai 1.2A DIG-T Premium,2016,89067,36800,Nissan
Honda City 1.5A SV,2018,88000,68000,Honda
Porsche 911 Turbo S Coupe 3.8A PDK,2021,4000,1138999,Porsche
Nissan Qashqai 1.2A DIG-T Premium,2015,93000,30800,Nissan
Toyota Prius Alpha Hybrid 1.8A S,2019,92000,99800,Toyota
Hyundai Avante 1.6A GLS (OPC),2019,33000,67800,Hyundai
Audi SQ5 Sportback 3.0A TFSI Quattro Tip,2022,17000,333800,Audi
Toyota C-HR Hybrid 1.8A S,2017,70358,67800,Toyota
MINI Cooper S 1.6A Sunroof (COE till 09/2030),2011,150000,80800,MINI
Honda Fit 1.3A GF,2019,99106,73800,Honda
Audi A6 1.8A TFSI Ultra,2016,126298,59800,Audi
Nissan Sylphy 1.6A,2018,132746,78888,Nissan
Hyundai Tucson 2.0A GLS Sunroof,2016,109000,52800,Hyundai
Mercedes-Benz GLC-Class GLC43 Coupe AMG 4MATIC,2018,83000,189500,Mercedes-Benz
Land Rover Defender 90,2022,16000,290000,Land Rover
Toyota Hiace 2.8A DX,2021,43000,94800,Toyota
Toyota Alphard 2.5A Elegance Sunroof,2015,109262,91800,Toyota
Toyota Hiace 2.0A DX,2022,33000,93800,Toyota
Maserati GranTurismo 4.2A (COE till 08/2030),2010,130000,139800,Maserati
BMW 3 Series 335i Coupe Sunroof (COE till 07/2028),2008,180000,75800,BMW
Porsche Macan S 3.0A PDK (New 10-yr COE),2014,115000,219800,Porsche
Volkswagen Jetta 1.4A TSI (COE till 07/2031),2011,162000,81800,Volkswagen
Lamborghini Huracan LP610-4,2017,20000,638800,Lamborghini
Toyota Hiace 2.0A,2022,36000,88800,Toyota
Toyota Prius Alpha Hybrid 1.8A S,2017,92179,80800,Toyota
Honda Civic 1.5A VTEC Turbo Sunroof,2018,105506,92800,Honda
Honda Vezel 1.5A G Honda Sensing,2022,17253,129998,Honda
MINI Cooper S Coupe 1.6A (COE till 10/2031),2011,156000,73800,MINI
Honda Civic 1.5A VTEC Turbo Sunroof,2017,126000,75800,Honda
Ferrari 488 GTB,2017,39000,699800,Ferrari
Toyota Camry 2.5A,2019,74649,116800,Toyota
Honda Shuttle Hybrid 1.5A,2016,86128,53800,Honda
Toyota Hiace 2.8A DX,2020,53233,90800,Toyota
Toyota Hiace 3.0M,2018,70365,57800,Toyota
Toyota Hiace 3.0A,2020,63228,81800,Toyota
Toyota RegiusAce 3.0A Super GL Dark Prime,2016,109000,55800,Toyota
Mitsubishi Attrage 1.2A Sports,2018,50000,60800,Mitsubishi
Porsche Macan S 3.0A PDK (New 10-yr COE),2015,151000,240800,Porsche
Toyota Wish 1.8A X,2015,137000,26800,Toyota
Honda Shuttle 1.5A G,2017,87000,58800,Honda
Toyota Vios 1.5A E,2020,37410,95800,Toyota
Mitsubishi i Sport Style (COE till 08/2028),2008,130173,38800,Mitsubishi
Honda Vezel Hybrid 1.5A,2021,33289,122800,Honda
Honda Jazz 1.5A,2016,113625,46800,Honda
Mitsubishi Outlander 2.4A Sunroof,2017,93189,65800,Mitsubishi
Mercedes-Benz A-Class A180,2015,86000,41800,Mercedes-Benz
Toyota Harrier Hybrid 2.5A S,2022,30000,189800,Toyota
Mercedes-Benz S-Class S500L Mild Hybrid AMG Line 4MATIC Premium Plus Executive,2022,10000,488333,Mercedes-Benz
Honda Freed 1.5A G,2019,84000,102800,Honda
Honda Freed Hybrid 1.5A G,2018,70308,93800,Honda
Nissan X-Trail 2.0A 7-Seater Sunroof,2017,92000,66800,Nissan
Kia Cerato 1.6A EX,2019,78000,78800,Kia
Volkswagen Touran 1.4A TSI Comfortline Sunroof,2019,49000,118888,Volkswagen
Toyota Raize 1.0A X,2023,1100,120988,Toyota
Toyota Noah Hybrid 1.8A X,2022,16000,186800,Toyota
Nissan NV350 2.5M,2017,114000,36800,Nissan
Kia K2500 Single-Cab,2017,70000,40800,Kia
Subaru Impreza 4D 1.5A R (COE till 10/2029),2010,130000,60800,Subaru
Audi A3 Cabriolet 1.8A TFSI S-tronic (COE till 04/2030),2010,98000,93800,Audi
Mercedes-Benz E-Class E200d,2017,122530,119800,Mercedes-Benz
Honda Fit Shuttle 1.5A,2015,91000,35800,Honda
Toyota GR Yaris 1.6M,2022,12600,223800,Toyota
Toyota Wish 1.8A Elegance,2016,105798,49800,Toyota
Toyota Harrier Turbo 2.0A M,2017,145620,99000,Toyota
Volkswagen Scirocco 1.4A TSI (COE till 04/2031),2011,158000,76800,Volkswagen
Hyundai Tucson 1.6A GLS T-GDi DCT Turbo,2019,53045,102000,Hyundai
Volkswagen Golf 1.4A TSI,2015,53180,19800,Volkswagen
Suzuki Swift 1.5A (COE till 12/2024),2010,180000,12188,Suzuki
Mitsubishi Fuso Canter FEB71,2017,100355,61800,Mitsubishi
Toyota Dyna 150 3.0M,2021,46980,105800,Toyota
Mercedes-Benz C-Class C180K Avantgarde (COE till 10/2031),2011,128339,92800,Mercedes-Benz
Toyota Alphard 2.5A S C-Package Moonroof,2019,68339,192800,Toyota
Skoda Octavia 1.0A TSI Ambition,2018,108169,69800,Skoda
Honda Odyssey 2.4A EX-S 8-Seater,2017,99778,92800,Honda
MINI Cooper 1.5A 5DR,2019,80000,116800,MINI
Nissan Serena e-POWER Hybrid 1.2A Highway Star Premium,2023,16000,195800,Nissan
BMW 5 Series 520i Luxury,2018,90720,120000,BMW
BMW 3 Series 318i M-Sport,2015,123000,46888,BMW
Mazda 3 1.5A Deluxe Sunroof,2017,96000,49800,Mazda
Toyota Hiace 3.0A Super GL Dark Prime,2017,169600,86800,Toyota
Toyota Camry 2.5A,2016,100448,58800,Toyota
Lexus UX Hybrid UX250h Luxury,2020,86000,171000,Lexus
Mazda 6 2.0A Executive,2019,24000,106800,Mazda
BMW 2 Series 216i Gran Tourer,2018,93378,97800,BMW
Toyota Noah Hybrid 1.8A X,2019,53000,136888,Toyota
Honda Vezel 1.5A G Honda Sensing,2022,19928,127800,Honda
Mercedes-Benz GLB-Class GLB35 AMG 4MATIC 7-Seater,2022,23500,278800,Mercedes-Benz
Kia Cerato 1.6A SX Sunroof (OPC),2019,45798,76800,Kia
Hyundai i30 1.4A T-GDi DCT Turbo,2018,108000,72300,Hyundai
Toyota Prius Plus Hybrid 1.8A,2019,106800,117800,Toyota
Honda Civic 1.5A VTEC Turbo Sunroof,2017,105000,77800,Honda
Ferrari California 4.3A (COE till 06/2032),2012,48000,378800,Ferrari
Toyota C-HR Hybrid 1.8A G,2017,79118,70800,Toyota
Honda Jazz 1.3A,2016,90000,40888,Honda
Toyota Fortuner 2.7A,2016,105000,90888,Toyota
Porsche 911 Carrera S Coupe 3.0A PDK,2020,27000,575800,Porsche
Mercedes-Benz SL-Class SL43 Cabriolet Mild Hybrid AMG Premium Plus,2023,700,750800,Mercedes-Benz
Volkswagen Jetta GP 1.4A TSI,2015,142000,36800,Volkswagen
Toyota Camry 2.5A,2015,149500,48800,Toyota
Toyota Raize 1.0A X,2021,43217,108800,Toyota
Volkswagen Golf 1.0A TSI Trendline,2017,63000,65800,Volkswagen
BMW 7 Series 740Li Luxury Sunroof,2016,98000,126800,BMW
Ferrari 458 Italia (COE till 06/2032),2013,70000,564800,Ferrari
Lexus ES250 Luxury,2015,116132,49800,Lexus
Toyota Alphard 2.4A Moonroof (COE till 09/2027),2007,163339,62800,Toyota
Audi Q3 1.4A TFSI S-tronic,2016,115000,71800,Audi
Volkswagen Golf 1.4A TSI,2015,74500,38800,Volkswagen
Mitsubishi Fuso Canter FEB21 (New 5-yr COE),2014,158200,65800,Mitsubishi
Land Rover Range Rover Evoque 2.0A 5DR,2017,71339,98800,Land Rover
Honda Vezel 1.5A RS,2017,90500,67800,Honda
Honda Shuttle 1.5A G Honda Sensing,2022,2500,125800,Honda
Honda City 1.5A RS i-VTEC LX,2022,21123,121800,Honda
Toyota Corolla Altis 1.6A,2016,108812,51800,Toyota
Porsche Panamera 3.6A PDK (COE till 11/2029),2011,143000,118000,Porsche
Honda Freed Hybrid 1.5A G Honda Sensing,2017,88800,71000,Honda
Toyota Corolla Altis 1.6A,2016,116125,53800,Toyota
Volkswagen New Beetle 1.6A (COE till 09/2030),2010,121000,64800,Volkswagen
Hyundai i30 1.4A T-GDi DCT Turbo,2018,99000,70888,Hyundai
BMW 4 Series 420i Convertible M-Sport,2023,3000,287800,BMW
Nissan Navara NP300 Double-Cab 2.3A,2017,90000,75800,Nissan
Lexus NX Hybrid NX300h Luxury Sunroof,2015,175000,55800,Lexus
Subaru XV 2.0i-S EyeSight,2019,140000,83800,Subaru
Lexus UX200 Executive,2019,22505,135800,Lexus
Toyota Harrier 2.0A Elegance,2015,97586,46800,Toyota
Subaru XV 1.6i-S,2016,59600,48800,Subaru
MINI Cooper S 2.0A,2016,65500,72888,MINI
Nissan NV350 Urvan 2.0A,2022,10109,81800,Nissan
Isuzu NHR85A,2017,95115,53800,Isuzu
Subaru Forester 2.0A XT Sunroof,2015,120000,42800,Subaru
Nissan Cabstar 3.0M,2017,63826,49800,Nissan
Mercedes-Benz GLA-Class GLA200 Sport,2021,53053,166800,Mercedes-Benz
BMW 4 Series 435i Gran Coupe M-Sport Sunroof,2015,95000,74800,BMW
Toyota Harrier Turbo 2.0A G Panoramic Roof,2018,125000,106800,Toyota
Honda Freed Hybrid 1.5A G,2018,73000,92800,Honda
Honda Odyssey 2.4A EXV-S Sunroof,2015,99500,53800,Honda
Nissan Serena e-POWER Hybrid 1.2A Highway Star Premium,2019,58000,146800,Nissan
Honda Odyssey 2.4A EX-S 8-Seater,2017,98000,91800,Honda
Toyota Harrier 2.0A Premium Panoramic Roof Style Mauve,2016,82742,65800,Toyota
Toyota Hiace 3.0M,2020,77053,82800,Toyota
Isuzu NHR87A,2021,57492,83800,Isuzu
Mercedes-Benz CLA-Class CLA180 Shooting Brake,2016,158000,51800,Mercedes-Benz
Lexus NX Turbo NX200t Executive,2015,82000,63800,Lexus
Honda Odyssey 2.4A EXV-S Sunroof,2018,70905,119800,Honda
MINI Cooper S Clubman 2.0A JCW Aero Kit,2019,47789,141800,MINI
Subaru Forester 2.0i-L Sport Sunroof,2017,33611,63800,Subaru
Toyota Wish 1.8A X,2017,117122,63800,Toyota
McLaren GT 4.0A,2023,5500,1138888,McLaren
Honda Odyssey 2.4A EXV-S Sunroof,2017,130000,82800,Honda
Mercedes-Benz S-Class S500L Mild Hybrid AMG Line 4MATIC Premium Executive,2022,31000,468800,Mercedes-Benz
Mitsubishi Lancer EX 1.6A,2017,88000,48000,Mitsubishi
Bentley Flying Spur 4.0A V8,2016,15000,309800,Bentley
BMW 5 Series 520d,2017,253000,103800,BMW
Mercedes-Benz GLA-Class GLA180 Urban Edition,2020,31000,133800,Mercedes-Benz
Mazda 6 2.0A Executive,2018,103499,85800,Mazda
Hyundai Avante 1.6A  S,2019,90697,83800,Hyundai
Honda Vezel 1.5A X,2018,35000,84800,Honda
Honda Vezel 1.5A X,2016,103000,46300,Honda
Honda Jazz 1.3A,2015,103000,29000,Honda
Honda Vezel 1.5A X,2018,78000,82800,Honda
Chevrolet Orlando 1.4A Turbo,2015,91520,34888,Chevrolet
Suzuki Jimny 1.5A GLX,2022,17000,131800,Suzuki
Nissan Sylphy 1.6A Premium (OPC),2019,40784,72800,Nissan
Lamborghini Urus,2021,27000,953800,Lamborghini
Toyota Raize 1.0A X,2021,34862,106800,Toyota
Chevrolet Cruze 1.4A Turbo,2017,79000,52888,Chevrolet
Toyota C-HR Hybrid 1.8A G,2017,78822,76800,Toyota
Toyota Raize 1.0A X,2020,33300,96800,Toyota
Jaguar XF 2.0A Prestige,2018,21000,125888,Jaguar
Volkswagen Golf 1.2A TSI,2015,112586,30800,Volkswagen
Mitsubishi Fuso Canter 3.0M,2016,120224,59800,Mitsubishi
Ford Mustang Convertible 2.3A Ecoboost,2016,36500,129800,Ford
Toyota Harrier 2.0A Premium Panoramic Roof Style Mauve,2015,90000,55800,Toyota
Lexus RX270 Sport,2014,113000,53800,Lexus
Citroen Grand C4 Picasso Diesel 1.6A BlueHDi Panoramic Roof,2017,89000,63888,Citroen
Nissan Qashqai 1.2A DIG-T Premium,2015,102149,33800,Nissan
Toyota Harrier Turbo 2.0A M Toyota Safety Sense,2018,80000,111800,Toyota
Honda Shuttle 1.5A G,2016,70111,46800,Honda
Volkswagen Beetle Cabriolet 1.2A TSI (OPC),2019,15845,100800,Volkswagen
Bentley Continental GT 6.0A,2020,45000,728800,Bentley
Mercedes-Benz E-Class E300 Coupe AMG Line,2018,89000,165800,Mercedes-Benz
Toyota Corolla Altis 1.6A (COE till 07/2031),2011,160000,78800,Toyota
Nissan X-Trail 2.0A 7-Seater Sunroof,2016,88000,52800,Nissan
Suzuki Vitara 1.6A GLX,2017,104000,59800,Suzuki
Honda Stream 1.8A RSZ (COE till 07/2029),2009,138000,69800,Honda
Honda Vezel 1.5A X,2017,89260,62800,Honda
Volkswagen Passat 1.8A TFSI,2016,110000,59800,Volkswagen
Mercedes-Benz C-Class C200 Avantgarde,2016,80000,85800,Mercedes-Benz
BMW 6 Series 640i Gran Turismo xDrive M-Sport Sunroof,2018,55375,204800,BMW
Bentley Continental Flying Spur 6.0A (COE till 08/2028),2008,101000,118800,Bentley
BMW X3 Mild Hybrid xDrive20i M-Sport,2023,4000,269800,BMW
Mercedes-Benz S-Class S400L,2014,165231,99800,Mercedes-Benz
Toyota Estima 2.4A Aeras (COE till 08/2029),2009,287000,83800,Toyota
Kia Cerato K3 1.6A,2017,157575,52000,Kia
Volkswagen Golf 1.4A TSI Comfortline,2019,97000,86800,Volkswagen
Lexus ES250 Sunroof,2015,168600,45000,Lexus
Honda Civic Hybrid 1.3A (COE till 09/2024),2010,100000,10800,Honda
Nissan NV350 Urvan 2.0A,2021,33000,69800,Nissan
Mitsubishi ASX 2.0A,2015,186214,32800,Mitsubishi
Toyota Hiace 3.0M,2019,57168,68999,Toyota
McLaren 720S,2018,38000,675000,McLaren
Mercedes-Benz C-Class C43 AMG 4MATIC,2017,131000,151800,Mercedes-Benz
BMW X7 xDrive40i Pure Excellence 7-Seater,2019,70000,313988,BMW
Toyota Estima 2.4A Aeras (New 10-yr COE),2014,92388,165800,Toyota
BMW X3 xDrive30i,2019,70000,167000,BMW
Mitsubishi Outlander 2.4A Sunroof,2015,101978,36800,Mitsubishi
Honda Vezel Hybrid 1.5A X Honda Sensing,2017,95000,58800,Honda
Subaru Legacy 2.5i-S Sunroof,2015,119000,32988,Subaru
Mazda 3 1.5A Deluxe Sunroof,2014,180000,15800,Mazda
Mercedes-Benz E-Class E200 Avantgarde,2017,103022,130800,Mercedes-Benz
Mercedes-Benz A-Class A200 Style,2017,106442,72800,Mercedes-Benz
Honda Fit 1.3A,2021,31000,99800,Honda
Kia Cerato Forte 1.6A SX (COE till 08/2025),2010,150000,21800,Kia
BMW X3 Mild Hybrid xDrive30i M-Sport,2023,6000,294988,BMW
Toyota Sienta Hybrid 1.5A X,2021,32400,127800,Toyota
Toyota C-HR Hybrid 1.8A S,2017,87650,67800,Toyota
Volkswagen Jetta GP 1.4A TSI Highline,2015,115210,23800,Volkswagen
Toyota Harrier 2.4A GL (COE till 03/2029),2009,210000,65888,Toyota
Volkswagen Polo 1.0A TSI Comfortline,2022,26100,120988,Volkswagen
Volkswagen Passat 1.8A TFSI,2017,80000,73988,Volkswagen
Honda Vezel Hybrid 1.5A,2021,35160,122800,Honda
Toyota Hiace 2.8A DX,2021,38532,93999,Toyota
Toyota Alphard 2.5A X 8-Seater,2017,79500,139800,Toyota
Mercedes-Benz E-Class E200 Edition E Sunroof,2016,160000,83800,Mercedes-Benz
BMW 4 Series 420i Coupe M-Sport Sunroof (New 10-yr COE),2014,160000,165888,BMW
Toyota Prius Hybrid 1.8A S,2021,32000,140800,Toyota
Honda Vezel Hybrid 1.5A X,2021,32000,125800,Honda
Toyota Vellfire 2.5A Elegance Moonroof,2019,64242,193800,Toyota
Toyota Prius Hybrid 1.8A S,2021,31025,140800,Toyota
Mercedes-Benz E-Class E180 Avantgarde,2020,58608,179800,Mercedes-Benz
BMW 1 Series 116d,2017,72000,65800,BMW
Land Rover Range Rover Velar 2.0A Si4 R-Dynamic,2018,33000,168800,Land Rover
Toyota Raize 1.0A X,2020,47151,93800,Toyota
Lexus ES250 Sunroof,2017,97700,82800,Lexus
Toyota Harrier 2.0A Premium Panoramic Roof,2015,119000,51800,Toyota
Honda Vezel Hybrid 1.5A X Brilliant Style,2018,83000,75800,Honda
Audi Q5 2.0A TFSI Quattro,2015,123000,60800,Audi
Chevrolet Optra 1.6A (COE till 04/2029),2009,114200,52800,Chevrolet
Nissan Latio 1.5A (COE till 12/2028),2008,151000,52800,Nissan
Mercedes-Benz GLB-Class GLB180 Progressive,2022,18055,208800,Mercedes-Benz
Toyota Wish 1.8A,2015,108000,41800,Toyota
Toyota Alphard 2.5A S C-Package Moonroof,2017,56583,168800,Toyota
Bentley Continental GT 6.0A,2018,75000,588500,Bentley
Mercedes-Benz GLA-Class GLA200 AMG Line,2021,49200,151000,Mercedes-Benz
MINI Cooper S 2.0A 5DR,2017,62200,96800,MINI
MINI Cooper S 2.0A,2014,161430,26800,MINI
Mitsubishi Fuso Canter FEB71,2016,92470,52800,Mitsubishi
Mercedes-Benz E-Class E250 Avantgarde,2014,159000,43000,Mercedes-Benz
BMW 3 Series 316i Luxury,2015,141505,33800,BMW
Toyota Harrier 2.0A Premium Panoramic Roof,2016,155000,63000,Toyota
Mercedes-Benz GLB-Class GLB200 AMG Line Premium Plus 7-Seater,2021,53775,198800,Mercedes-Benz
Peugeot 5008 Diesel 1.6A BlueHDi EAT6 Sunroof,2016,100000,48800,Peugeot
Mercedes-Benz E-Class E200 Exclusive,2021,31271,233800,Mercedes-Benz
Mercedes-Benz GLC-Class GLC300 Mild Hybrid AMG Line,2021,66000,232888,Mercedes-Benz
Toyota Hiace 2.8A DX,2018,54545,78800,Toyota
Mercedes-Benz C-Class C180 Avantgarde,2019,53000,141800,Mercedes-Benz
Toyota C-HR Hybrid 1.8A S,2018,69000,79800,Toyota
Honda Odyssey 2.4A EX-S,2019,53000,136088,Honda
Mercedes-Benz CLS-Class CLS350 Mild Hybrid Sunroof,2018,88000,215988,Mercedes-Benz
Mercedes-Benz E-Class E180 Avantgarde,2020,37000,178888,Mercedes-Benz
Mercedes-Benz E-Class E250 Exclusive,2017,114000,130800,Mercedes-Benz
Honda Vezel 1.5A S Honda Sensing,2015,85000,28888,Honda
Mercedes-Benz E-Class E200 Mild Hybrid Avantgarde,2022,19651,245800,Mercedes-Benz
BMW 1 Series 116i (COE till 03/2033),2013,100000,109800,BMW
Honda Civic Type-R 2.0M (COE till 08/2028),2008,96000,115888,Honda
Mercedes-Benz E-Class E250 AMG Edition E Sunroof,2016,134000,76800,Mercedes-Benz
BMW 6 Series 630i Cabriolet (COE till 12/2028),2009,153000,78800,BMW
Toyota Corolla Altis 1.6A (COE till 08/2028),2008,138000,52800,Toyota
Nissan Qashqai 1.2A DIG-T Premium,2015,144577,31800,Nissan
BMW 5 Series 523i Sunroof (COE till 04/2031),2011,170000,100800,BMW
Hyundai Tucson 1.6A GLS T-GDi DCT Turbo S Sunroof,2021,24000,177988,Hyundai
SEAT Ateca 1.4A TSI Style,2019,77000,111988,SEAT
Mercedes-Benz C-Class C180 Avantgarde,2017,65000,101800,Mercedes-Benz
Toyota Sienta 1.5A Standard,2018,32000,81800,Toyota
Mercedes-Benz E-Class E250 Edition E Sunroof,2016,97000,84800,Mercedes-Benz
Mercedes-Benz A-Class A180 Style,2016,53000,56800,Mercedes-Benz
Toyota Wish 1.8A X,2015,128865,38800,Toyota
Audi TT Coupe 2.0A TFSI S-tronic (COE till 04/2028),2008,140000,79900,Audi
BMW 1 Series 116d,2017,145000,62800,BMW
Toyota Wish 1.8A X (COE till 08/2028),2008,135000,58800,Toyota
Mazda 6 2.0A,2016,105000,47900,Mazda
BMW X4 xDrive30i M-Sport,2021,26000,274888,BMW
Porsche 981 Cayman 2.7A PDK (New 10-yr COE),2014,65000,259800,Porsche
Mazda Axela Diesel 1.5A,2019,43000,78800,Mazda
Hyundai Sonata 2.0A GLS,2015,115000,33800,Hyundai
Hyundai Elantra 1.6A Elite Sunroof (COE till 10/2031),2012,134000,81888,Hyundai
Hyundai Avante 1.6A Elite Sunroof,2021,44935,113800,Hyundai
Honda City 1.5M VTEC (COE till 03/2029),2009,125000,59800,Honda
Mercedes-Benz E-Class E300 Coupe Mild Hybrid AMG Line Premium Plus Night Edition,2022,23000,312800,Mercedes-Benz
Toyota Alphard 2.4A S (COE till 10/2029),2009,160000,96800,Toyota
BMW 7 Series ActiveHybrid 7 Sunroof (COE till 01/2033),2013,93000,155800,BMW
Mercedes-Benz S-Class S450L Mild Hybrid 4MATIC,2021,28000,430000,Mercedes-Benz
Honda Vezel 1.5A X,2016,125000,33800,Honda
Porsche Macan Diesel S 3.0A PDK (New 10-yr COE),2014,112565,235800,Porsche
Toyota Wish 1.8A,2015,91000,42888,Toyota
Toyota Camry Hybrid 2.5A Ascent Sport,2021,48600,152999,Toyota
BMW M135i 5DR,2016,145000,105800,BMW
Toyota Wish 1.8A Elegance,2017,136000,68800,Toyota
Mercedes-Benz C-Class C180 Avantgarde,2015,94777,60888,Mercedes-Benz
Toyota Corolla Altis 1.6A Standard,2019,71000,88888,Toyota
Nissan NV350 2.5M,2018,101168,44999,Nissan
Mitsubishi Fuso Canter 3.0A,2017,131405,64800,Mitsubishi
Honda Civic 1.6A VTi,2017,116300,63800,Honda
Subaru XV 2.0i-S EyeSight,2020,39200,111988,Subaru
Volvo V60 Cross Country Mild Hybrid B5 2.0A,2022,46368,218800,Volvo
BMW 7 Series 730Li Sunroof,2018,90600,191988,BMW
BMW 3 Series 325i Convertible (COE till 08/2028),2008,137000,59800,BMW
Peugeot 308 1.2A PureTech Allure,2015,87029,29800,Peugeot
Subaru Forester 2.0A XT Sunroof,2017,90000,67388,Subaru
Subaru Impreza 5D 2.0i-S EyeSight,2019,30000,90988,Subaru
Volkswagen Passat 1.8A TFSI,2016,127000,51800,Volkswagen
Toyota Dyna 150 3.0M,2018,60631,76800,Toyota
Nissan NV200 1.6A DX,2017,112000,47800,Nissan
Renault Scenic Diesel 1.5A dCi,2021,24000,114988,Renault
Mercedes-Benz E-Class E200 CGI Coupe (COE till 10/2030),2011,87000,97988,Mercedes-Benz
BMW 3 Series 318i M-Sport,2018,67000,116988,BMW
BMW X3 sDrive20i M-Sport,2019,72000,156800,BMW
BMW X1 sDrive18i M-Sport,2017,106000,81800,BMW
Nissan NV200 1.6A DX,2021,30168,68999,Nissan
Mercedes-Benz CLA-Class CLA180 AMG Line,2022,16000,197800,Mercedes-Benz
Nissan Sylphy 1.6A,2021,31500,108988,Nissan
Toyota C-HR Hybrid 1.8A S LED,2018,66000,92988,Toyota
Toyota Estima 2.4A Aeras Premium Moonroof,2016,89412,74800,Toyota
Mercedes-Benz GLC-Class GLC250d AMG Line 4MATIC,2017,83000,122999,Mercedes-Benz
Volkswagen CC 2.0A TSI,2016,102580,59800,Volkswagen
Mazda 3 1.5A Sunroof,2018,81288,62800,Mazda
BMW 4 Series 435i Convertible M-Sport,2015,88000,101988,BMW
Mazda CX-5 2.5A Luxury Sunroof,2017,114000,68800,Mazda
McLaren 720S,2018,13000,680000,McLaren
Nissan X-Trail 2.0A Premium 7-Seater Sunroof,2017,107306,66800,Nissan
Peugeot 3008 Diesel 1.6A BlueHDi,2016,92100,43800,Peugeot
BMW 4 Series 428i Coupe M-Sport Sunroof (New 10-yr COE),2014,99432,159800,BMW
Jaguar F-Type 3.0SC S ST2 Convertible (COE till 04/2033),2013,58500,218800,Jaguar
Audi A4 1.4A TFSI S-tronic,2017,109000,75800,Audi
Land Rover Range Rover Plug-in Hybrid 3.0A PHEV,2023,5000,696800,Land Rover
Land Rover Range Rover Evoque Mild Hybrid 2.0A R-Dynamic SE,2023,9000,282800,Land Rover
BMW 8 Series 840i Gran Coupe,2023,2450,545800,BMW
BMW 1 Series 116i Luxury,2022,8098,150800,BMW
BMW 3 Series 318i Highline Sport,2021,41800,173800,BMW
Mercedes-Benz C-Class C180K (COE till 01/2031),2011,163000,121500,Mercedes-Benz
Ferrari F430 F1 Spider (COE till 12/2025),2005,93000,220000,Ferrari
Mercedes-Benz CLS-Class CLS63 AMG (COE till 03/2032),2013,138400,208888,Mercedes-Benz
Suzuki Swift Sport Mild Hybrid 1.4M Turbo,2023,3838,152000,Suzuki
Volkswagen Touareg 3.0A R-Line,2020,52500,269800,Volkswagen
Porsche Cayenne Hybrid S 3.0A Tip (COE till 08/2030),2010,121246,127000,Porsche
Citroen DS3 1.6A VTI (COE till 08/2025),2010,166800,19888,Citroen
Jaguar XJ 3.0A SC Premium Luxury LWB,2016,137200,125000,Jaguar
Toyota Hiace 3.0A,2014,131800,19888,Toyota
Toyota Picnic 2.0A (COE till 07/2024),2004,142500,16800,Toyota
Renault Grand Scenic Diesel 1.5A dCi Sunroof,2015,112000,39888,Renault
Nissan Teana 2.0A XL,2016,78000,50888,Nissan
Nissan Sylphy 1.6A,2020,41300,96800,Nissan
Audi A4 Mild Hybrid 2.0A TFSI S-tronic,2022,19500,193800,Audi
Mercedes-Benz C-Class C43 AMG 4MATIC,2019,63000,222800,Mercedes-Benz
BMW 2 Series 216i Active Tourer Sport,2021,26000,145800,BMW
Infiniti Q50 2.0A T Sport Sunroof,2015,118000,49888,Infiniti
Audi A3 Sportback 1.0A TFSI S-tronic,2018,76000,80800,Audi
Nissan Note 1.2A,2018,87000,63888,Nissan
Toyota Rav4 2.0A Premium,2018,94000,109800,Toyota
Porsche 718 Boxster 2.0A PDK,2018,38000,247800,Porsche
MINI Cooper S 1.6A Bayswater Sunroof (New 10-yr COE),2013,110000,120800,MINI
BMW 3 Series 316i,2015,165000,33888,BMW
Jaguar F-PACE 2.0A,2023,8000,285800,Jaguar
BMW X4 M40i Mild Hybrid M-Sport,2023,6342,378800,BMW
BMW X2 sDrive18i M-Sport Lite,2020,27359,150800,BMW
Porsche Macan S 3.0A PDK,2019,66000,243800,Porsche
BMW 1 Series 118i 5DR Highline,2020,61000,117800,BMW
Mitsubishi Space Star 1.2A,2021,27000,88000,Mitsubishi
Opel Combo 1.5A,2021,28201,69800,Opel
Chevrolet Orlando 1.4A Turbo,2017,99735,53800,Chevrolet
Toyota Sienta 1.5A G,2016,85000,49888,Toyota
Toyota Camry 2.0A (COE till 03/2029),2009,156000,63500,Toyota
Volvo XC60 Mild Hybrid B5 R-Design,2022,23000,229800,Volvo
Toyota Wish 1.8A Elegance,2017,109000,63800,Toyota
Jaguar E-PACE Mild Hybrid 1.5A SE,2023,8000,233800,Jaguar
Volvo V40 T2 R-Design Sunroof,2017,77000,74800,Volvo
Mercedes-Benz E-Class E200 Coupe,2017,82888,142555,Mercedes-Benz
MINI Cooper Cabriolet 1.5A,2019,24000,125800,MINI
Audi TT Coupe 2.0A TFSI S-tronic (COE till 08/2028),2008,155000,63988,Audi
BMW 4 Series 430i Gran Coupe M-Sport Pro Sunroof,2022,12500,280800,BMW
Honda Odyssey 2.4A EXV-S Sunroof,2017,89000,95800,Honda
Honda Shuttle 1.5A G,2018,73000,70800,Honda
BMW X4 Mild Hybrid xDrive20i M-Sport,2023,2000,332200,BMW
Audi A3 Sedan Mild Hybrid 1.5A TFSI S-tronic,2023,25888,169800,Audi
Hyundai Elantra 1.6A (COE till 11/2026),2011,175000,36800,Hyundai
Toyota Camry 2.0A (COE till 01/2029),2009,131000,58800,Toyota
Mercedes-Benz C-Class C180K (COE till 10/2031),2012,133883,92800,Mercedes-Benz
Toyota Harrier Hybrid 3.3A Sunroof (COE till 01/2029),2009,163000,57988,Toyota
Toyota Wish 1.8A (COE till 08/2028),2008,140968,54800,Toyota
Toyota Dyna 150 2.8A,2021,26000,108800,Toyota
Toyota Wish 1.8A X (COE till 07/2029),2009,118272,65800,Toyota
Honda HR-V 1.5A DX,2016,99173,53800,Honda
BMW 4 Series 430i Gran Coupe M-Sport Pro Sunroof,2022,11000,283800,BMW
BMW X1 sDrive16i M-Sport,2022,25000,202988,BMW
Toyota Estima 2.4A Aeras (COE till 10/2028),2008,132000,67800,Toyota
Toyota Corolla Altis 1.6A (COE till 04/2029),2009,135254,56800,Toyota
Toyota Corolla Altis 1.6A (COE till 07/2029),2009,140023,58800,Toyota
Porsche Boxster S 3.4A PDK (COE till 08/2033),2013,78000,260000,Porsche
Toyota Camry 2.4A G (COE till 07/2028),2008,160000,55800,Toyota
Toyota Corolla Altis 1.6A Elegance,2016,67000,56888,Toyota
Volkswagen New Beetle 2.0A (COE till 04/2029),2000,10000,123800,Volkswagen
Volkswagen Sharan 2.0A TSI,2015,98000,51088,Volkswagen
Rolls-Royce Ghost (COE till 03/2033),2013,26500,568000,Rolls-Royce
Porsche Cayman 2.7A Tip (COE till 08/2026),2006,110000,67800,Porsche
Honda Shuttle Hybrid 1.5A,2018,79300,88000,Honda
Mercedes-Benz C-Class C180 (COE till 11/2027),2013,110000,63800,Mercedes-Benz
Volkswagen Sharan 2.0A TSI Panoramic Roof,2016,128000,69800,Volkswagen
Porsche Cayman S 3.4A Tip (COE till 03/2026),2006,56000,82000,Porsche
Mercedes-Benz GLA-Class GLA200 AMG Line,2021,30100,165800,Mercedes-Benz
Subaru Legacy 2.5A GT (COE till 04/2029),2009,205000,79800,Subaru
Nissan Qashqai 1.2A DIG-T,2017,97125,51800,Nissan
Toyota Corolla Altis 1.6A Classic,2015,218000,26800,Toyota
Toyota Vios 1.5A E,2018,92300,79800,Toyota
Mazda CX-9 2.5A Turbo,2018,31000,130800,Mazda
MINI One 1.2A 5DR,2017,40500,79000,MINI
Honda Civic 1.5A VTEC Turbo Sunroof,2018,76000,98800,Honda
Mazda 5 2.0A SP Sunroof,2016,160000,47500,Mazda
Lexus ES250 Sunroof,2015,125000,57800,Lexus
Volvo S60 T5,2014,133000,24800,Volvo
Toyota Harrier Turbo 2.0A M,2020,22500,172800,Toyota
Honda Vezel 1.5A G Honda Sensing,2022,10445,123800,Honda
Toyota Harrier 2.0A Premium,2017,107200,93000,Toyota
Toyota Vios 1.5A E,2019,59000,86888,Toyota
Nissan NV350 Urvan 2.0M,2023,7700,82800,Nissan
Honda Odyssey 2.4A EXV-S Sunroof,2017,39375,83500,Honda
Mercedes-Benz C-Class C180 Avantgarde,2016,131500,76000,Mercedes-Benz
Mercedes-Benz CLA-Class CLA180 AMG Line,2017,103000,89000,Mercedes-Benz
Honda Vezel 1.5A X,2017,82000,56800,Honda
Subaru XV 2.0i-S EyeSight,2018,120000,82800,Subaru
Toyota Corolla Axio 1.5A G,2016,136000,45800,Toyota
Volkswagen Scirocco 2.0A TSI (COE till 10/2029),2009,196000,72800,Volkswagen
Mercedes-Benz C-Class C180 Mild Hybrid Avantgarde,2022,36000,222800,Mercedes-Benz
Honda Civic 2.0A Si (COE till 01/2031),2011,158727,118800,Honda
Toyota Corolla Altis 1.6A Classic,2016,90300,51300,Toyota
Porsche 911 Carrera S Coupe 3.8A PDK (COE till 02/2033),2013,184000,351800,Porsche
BMW 5 Series 520i Luxury,2015,56860,58703,BMW
Toyota Prius Hybrid 1.8A S,2017,62891,75800,Toyota
Mercedes-Benz B-Class B180 Style,2016,80000,65800,Mercedes-Benz
Mercedes-Benz GLB-Class GLB200 AMG Line Premium 7-Seater,2020,37000,185800,Mercedes-Benz
Mercedes-Benz GLB-Class GLB200 AMG Line 7-Seater,2020,51000,180800,Mercedes-Benz
Volvo V40 T2 R-Design Sunroof,2016,108500,68000,Volvo
Mercedes-Benz E-Class E300 Coupe Mild Hybrid AMG Line Premium Plus Night Edition,2023,9026,328800,Mercedes-Benz
Honda Vezel Hybrid 1.5A e:HEV X Honda Sensing,2022,7900,153888,Honda
BMW 1 Series 116d,2016,94500,55888,BMW
Maserati GranTurismo Cambiocorsa (COE till 04/2030),2010,127000,139800,Maserati
Honda Civic 1.5A VTEC Turbo Sunroof,2016,116890,63800,Honda
Mazda CX-30 2.0A Elegance,2020,24000,125800,Mazda
Kia Cerato 1.6A EX,2020,85473,92800,Kia
Nissan Serena e-POWER Hybrid 1.2A Highway Star Premium,2022,40000,188800,Nissan
Volvo XC60 T5 Momentum,2021,28000,190888,Volvo
Mazda RX-8 1.3A (COE till 08/2028),2008,62000,68800,Mazda
Mercedes-Benz GLA-Class GLA180 Urban Edition,2020,44000,131888,Mercedes-Benz
Ferrari SF90 Spider Plug-in Hybrid 4.0A,2022,850,2680000,Ferrari
Mitsubishi Attrage 1.2A Sports,2019,60599,74800,Mitsubishi
Isuzu NQR75 (COE till 01/2031),2011,130600,74800,Isuzu
Mazda 3 1.5A Deluxe Sunroof,2018,82000,63800,Mazda
Toyota Wish 1.8A,2016,121000,52800,Toyota
Honda S2000 Type S 2.2M (COE till 02/2029),2009,100000,158800,Honda
Bentley Bentayga 4.0A V8,2019,26780,688500,Bentley
Chevrolet Cruze 1.6A,2016,98000,39800,Chevrolet
Jaguar F-PACE 3.0A V6 Supercharged R-Sport,2017,71000,152777,Jaguar
Audi S5 Sportback 3.0A TFSI Quattro,2018,75142,189800,Audi
Mercedes-Benz AMG GT S,2020,17000,638000,Mercedes-Benz
Honda Civic 1.6A VTi,2018,86000,83800,Honda
Mercedes-Benz CLA-Class CLA35 AMG 4MATIC Premium Plus,2021,13000,290800,Mercedes-Benz
Mercedes-Benz CLS-Class CLS53 Mild Hybrid AMG 4MATIC+ Plus,2022,8000,470800,Mercedes-Benz
BMW M3 Coupe (COE till 03/2029),2009,175000,143800,BMW
Mercedes-Benz CLA-Class CLA180 (New 10-yr COE),2014,135000,135800,Mercedes-Benz
BMW 5 Series 528i,2016,70000,95800,BMW
Audi S3 Sedan 2.0A TFSI Quattro,2017,128000,135800,Audi
Chevrolet Optra Magnum Estate 1.6A (COE till 10/2027),2007,142000,35800,Chevrolet
Toyota Camry 2.0A,2019,44213,119800,Toyota
Mercedes-Benz C-Class C180K (COE till 01/2032),2012,145216,98800,Mercedes-Benz
Mercedes-Benz GLE-Class GLE450 Mild Hybrid 4MATIC,2020,31000,296800,Mercedes-Benz
Nissan Note 1.2A,2018,76606,59000,Nissan
Honda Civic 1.6A VTi,2019,49000,96800,Honda
Chevrolet Cruze 1.4A Turbo,2015,64315,33888,Chevrolet
BMW X1 sDrive18i,2019,75000,136800,BMW
Nissan Qashqai 1.2A DIG-T,2016,70333,45800,Nissan
Subaru Outback 2.5i-S Sunroof,2016,80367,54777,Subaru
BMW 5 Series 520i Mild Hybrid Executive,2022,36876,226000,BMW
Mazda 3 1.5A Deluxe Sunroof (OPC),2016,92579,43000,Mazda
Toyota Corolla Altis 1.6A (COE till 09/2030),2010,156569,75900,Toyota
Mitsubishi Lancer EX 1.5A GLS (COE till 05/2028),2008,138000,49700,Mitsubishi
BMW 6 Series 640i Gran Coupe M-Sport Sunroof (COE till 02/2033),2013,104000,173998,BMW
Toyota Townace 1.5A GL,2023,11000,84888,Toyota
Mercedes-Benz CLA-Class CLA180 Urban,2018,68033,109000,Mercedes-Benz
Toyota Corolla Altis 1.6A,2016,53000,40800,Toyota
Mitsubishi ASX 2.0A,2016,66700,53800,Mitsubishi
Hyundai Venue 1.6A GLS,2021,23000,98800,Hyundai
BMW 2 Series 216i Gran Tourer,2021,39000,153800,BMW
Honda Shuttle Hybrid 1.5A,2019,136302,83500,Honda
Volkswagen Touran 1.4A TSI Trendline,2017,93287,78000,Volkswagen
BMW 2 Series 216i Gran Tourer,2018,108270,100000,BMW
BMW 1 Series 118i 5DR M-Sport Highline,2020,48764,140000,BMW
Chevrolet Orlando 1.4A Turbo,2017,55955,53000,Chevrolet
Subaru Forester 2.0i-L Sunroof,2015,130000,31800,Subaru
BMW 5 Series 523i (COE till 10/2030),2010,153000,88800,BMW
Skoda Octavia 1.4A TSI Ambition Plus,2020,49429,103500,Skoda
Mercedes-Benz CLA-Class CLA45 AMG 4MATIC (New 10-yr COE),2014,80000,205088,Mercedes-Benz
Audi A3 Sedan 1.0A TFSI S-tronic,2017,85000,73805,Audi
Volvo V40 T2,2017,138273,86000,Volvo
Toyota Alphard 2.4A G Moonroof (COE till 04/2029),2009,138000,86800,Toyota
Subaru Impreza 4D 1.6i-S,2017,51000,60800,Subaru
Toyota Wish 1.8A,2018,81000,78800,Toyota
Peugeot 3008 1.2A PureTech EAT8 Active Premium,2021,50000,125000,Peugeot
Maserati GranTurismo Sport 4.7A,2018,43000,268800,Maserati
Audi A1 Sportback 1.0A TFSI S-tronic,2016,100000,37888,Audi
BMW 3 Series 318i,2019,130000,108800,BMW
Volkswagen T-Cross 1.0A TSI R-Line,2021,79275,126800,Volkswagen
Volkswagen Passat 1.8A TFSI,2019,47414,109688,Volkswagen
Hyundai Accent 1.4A,2018,78789,58999,Hyundai
Honda Civic 1.6A VTi,2016,100897,57999,Honda
Skoda Rapid Spaceback 1.4A TSI Ambition,2019,70000,81888,Skoda
Toyota Prius Hybrid 1.8A S,2018,66000,98800,Toyota
Ferrari 458 Italia (COE till 04/2033),2013,46000,588000,Ferrari
Toyota Corolla Altis 1.6A Standard,2019,80000,86888,Toyota
Kia Sorento Diesel 2.2A CRDi Sunroof,2017,108000,80500,Kia
Mercedes-Benz C-Class C250 Avantgarde,2017,136944,97800,Mercedes-Benz
Honda Fit 1.3A G F-Package,2019,44000,77800,Honda
Honda Fit 1.3A G Skyroof (COE till 03/2029),2009,120000,60800,Honda
Volkswagen Golf GTI 5DR (COE till 01/2029),2009,210000,70800,Volkswagen
Kia Carens 2.0A GDI,2015,122600,37800,Kia
Mercedes-Benz S-Class S63L AMG,2018,27800,488888,Mercedes-Benz
Skoda Karoq 1.5A TSI Style,2019,120000,96800,Skoda
Toyota Corolla Altis 1.6A Elegance,2016,116888,56999,Toyota
Honda Vezel 1.5A G Honda Sensing,2022,29030,122888,Honda
Subaru Forester 2.0A XT Sunroof,2016,115500,60800,Subaru
BMW 1 Series 116d,2018,53000,93000,BMW
BMW 3 Series 316i (New 5-yr COE),2013,136888,73800,BMW
Toyota Alphard 2.5A S C-Package,2022,45000,281888,Toyota
Bentley Continental Flying Spur 6.0A (COE till 04/2028),2008,115000,131800,Bentley
BMW 3 Series 320i M-Sport (New 10-yr COE),2014,139500,162888,BMW
Honda Jazz 1.5A,2017,60000,55800,Honda
Hyundai i30 Wagon 1.4A T-GDi DCT Turbo,2018,97500,69800,Hyundai
Honda Shuttle 1.5A G Honda Sensing,2020,29000,103800,Honda
BMW 3 Series 318i Sunroof (COE till 03/2030),2010,118836,77900,BMW
Land Rover Range Rover Velar 2.0A Si4 R-Dynamic,2017,64000,141000,Land Rover
Porsche 911 Carrera 4S 3.8A PDK (COE till 06/2033),2013,65988,438888,Porsche
Nissan X-Trail 2.0A Premium 7-Seater Sunroof,2015,91339,37800,Nissan
Toyota Vios 1.5A E (COE till 01/2027),2007,205000,36800,Toyota
BMW X3 sDrive20i,2018,51000,140800,BMW
Mercedes-Benz CLA-Class CLA180 Shooting Brake Urban,2018,32000,103800,Mercedes-Benz
Maserati GranTurismo 4.2A (COE till 11/2029),2010,108000,118500,Maserati
Toyota Sienta Hybrid 1.5A X,2020,36000,109888,Toyota
Volkswagen Golf 1.4A TSI Comfortline,2019,66033,89800,Volkswagen
Toyota Harrier 2.0A Elegance,2016,85000,67888,Toyota
BMW 5 Series 523i XL (COE till 07/2027),2007,155229,52000,BMW
Mercedes-Benz B-Class B180 Style,2017,51505,74800,Mercedes-Benz
Toyota Prius Plus Hybrid 1.8A,2018,89000,96800,Toyota
MINI Cooper S Clubman 2.0A,2018,128000,108800,MINI
Toyota Corolla Altis 1.6A Elegance,2017,145000,64800,Toyota
Mercedes-Benz GLB-Class GLB35 AMG 4MATIC 7-Seater,2022,17600,259800,Mercedes-Benz
Mercedes-Benz GLC-Class GLC300 Mild Hybrid AMG Line 4MATIC,2022,20776,272800,Mercedes-Benz
Audi A4 1.8A TFSI MU,2015,101970,43688,Audi
Nissan NV200 1.5M,2015,122424,19800,Nissan
Mercedes-Benz GLC-Class GLC200,2018,98000,133800,Mercedes-Benz
BMW X2 sDrive18i M-Sport X,2023,7299,198800,BMW
Hyundai Avante 1.6A S,2022,23000,125500,Hyundai
Mazda 5 2.0A SP Sunroof,2014,114500,22300,Mazda
Maserati GranTurismo Cambiocorsa (COE till 10/2030),2010,97000,169888,Maserati
Mazda 6 2.0A Executive,2016,81400,50800,Mazda
Ferrari F430 F1 Spider (COE till 06/2030),2010,55500,348888,Ferrari
BMW X1 sDrive20i,2016,84000,76800,BMW
Volkswagen Jetta 1.4A TSI Trendline,2015,87246,32888,Volkswagen
Land Rover Range Rover Evoque Mild Hybrid 2.0A R-Dynamic SE Sunroof,2022,35000,245800,Land Rover
Audi A5 Sportback 2.0A TFSI S-tronic Design,2017,67500,99000,Audi
Honda HR-V 1.5A DX,2015,111500,33800,Honda
Ferrari F430 F1 (COE till 02/2027),2007,42500,399800,Ferrari
Hyundai Avante 1.6A GLS Elite,2020,64000,98800,Hyundai
Mercedes-Benz E-Class E200 CGI Avantgarde (COE till 08/2030),2010,178000,89800,Mercedes-Benz
Maserati Ghibli 3.0A,2015,140000,106800,Maserati
Mercedes-Benz A-Class Saloon A180 Progressive,2021,79000,149800,Mercedes-Benz
Volkswagen Golf GTI 5DR (COE till 04/2031),2011,115000,96800,Volkswagen
Ferrari California 4.3A (COE till 06/2032),2012,20000,369800,Ferrari
Mercedes-Benz A-Class A180 Style,2017,74000,67800,Mercedes-Benz
Hyundai Avante 1.6A S,2022,17000,138800,Hyundai
Toyota Sienta 1.5A Elegance,2019,64000,95000,Toyota
Honda Vezel 1.5A X,2019,91000,86800,Honda
Opel Crossland 1.2A X Turbo,2018,73200,65800,Opel
Porsche Boxster 2.7A Tip (COE till 04/2029),2001,188000,79800,Porsche
BMW X1 sDrive18i,2017,111298,89800,BMW
Mercedes-Benz GLS-Class GLS400 AMG Line 4MATIC,2018,54000,252800,Mercedes-Benz
Mazda 3 1.5A Deluxe Sunroof,2016,90000,41999,Mazda
Volkswagen Golf 1.4A TSI,2014,113600,14888,Volkswagen
Mercedes-Benz E-Class E250 Avantgarde,2018,103000,157800,Mercedes-Benz
Toyota Harrier 2.0A Premium Panoramic Roof,2016,80000,57800,Toyota
Subaru Forester 2.0A XT Sunroof,2017,133000,64800,Subaru
Volvo S60 T5,2015,96900,30500,Volvo
Mitsubishi Lancer EX 2.0A GLS (COE till 01/2029),2009,180000,59800,Mitsubishi
Lexus NX Hybrid NX300h Luxury,2020,42000,193800,Lexus
Mercedes-Benz GLB-Class GLB200 AMG Line Premium,2020,41550,201800,Mercedes-Benz
BMW X4 M40i Mild Hybrid M-Sport,2023,8000,358800,BMW
Mitsubishi ASX 2.0A,2017,80000,52800,Mitsubishi
Mercedes-Benz C-Class C180K (COE till 07/2031),2011,175000,95800,Mercedes-Benz
Hyundai Avante 1.6A GLS S,2019,45000,83999,Hyundai
Toyota Sienta Hybrid 1.5A X,2023,30,145888,Toyota
Toyota Dyna 150 2.8M,2023,38,120000,Toyota
Toyota Corolla Altis 1.6A Elegance,2015,113000,41800,Toyota
Hyundai Venue 1.6A GLS,2020,58100,94800,Hyundai
Opel Astra Sports Tourer 1.0A Turbo,2017,134000,53800,Opel
Kia Niro Hybrid 1.6A GDi DCT,2020,35000,112800,Kia
Porsche Macan 2.0A PDK,2017,21843,186800,Porsche
Mercedes-Benz E-Class E180 Avantgarde,2020,63700,162800,Mercedes-Benz
Subaru Forester 2.0A XT Sunroof,2017,91568,76800,Subaru
Mazda 6 2.5A Premium Sunroof,2017,80700,69800,Mazda
Toyota Sienta 1.5A Elegance,2019,50890,91800,Toyota
Opel Astra 1.0A Turbo,2017,110000,49500,Opel
Honda HR-V 1.5A DX,2018,38000,74000,Honda
BMW 2 Series 216i Gran Coupe Sport,2022,6000,155800,BMW
Volkswagen Jetta GP 1.4A TSI Highline,2016,112000,44800,Volkswagen
Toyota Harrier 2.0A Premium Panoramic Roof,2015,98960,46800,Toyota
Honda Vezel Hybrid 1.5A X,2017,101256,56800,Honda
Volkswagen Jetta GP 1.4A TSI Highline,2016,103000,46999,Volkswagen
Opel Astra Sports Tourer 1.0A IntelliLux LED,2017,160000,54800,Opel
Toyota Allion 1.5A (COE till 04/2029),2009,110000,60800,Toyota
Suzuki Ignis Mild Hybrid 1.2A GLX,2021,32100,97800,Suzuki
Honda City 1.5A SV,2018,57400,66800,Honda
Audi A4 2.0A TFSI S-tronic,2018,47500,120999,Audi
Volkswagen Touareg Diesel 3.0A TDI,2015,103000,80888,Volkswagen
Honda Freed Hybrid 1.5A G Honda Sensing,2019,80000,114800,Honda
Nissan Qashqai 1.2A DIG-T Premium,2016,83337,32800,Nissan
BMW 3 Series 318i M-Sport,2022,30000,196800,BMW
BMW 4 Series 420i Gran Coupe M-Sport,2018,85000,131800,BMW
Porsche Cayenne 3.0A Tip,2019,77500,305800,Porsche
Hyundai Avante 1.6A GLS S (OPC),2020,25000,85800,Hyundai
Volkswagen Golf 1.4A TSI Highline,2019,41000,99800,Volkswagen
Audi SQ5 3.0A TFSI Quattro,2017,74000,160800,Audi
Hyundai Elantra 1.6A GLS S,2018,51380,73800,Hyundai
Toyota Camry Hybrid 2.5A G,2018,52000,109800,Toyota
Toyota 86 2.0M High Grade (COE till 03/2032),2012,100000,140800,Toyota
Maserati Gransport 4.2A (COE till 11/2027),2007,120000,80800,Maserati
BMW X3 Mild Hybrid xDrive30i M-Sport,2023,6000,297800,BMW
Honda City 1.5A SV,2015,120000,20800,Honda
BMW 5 Series 520i,2018,63000,115700,BMW
Toyota Camry Hybrid 2.5A Standard,2022,15374,177800,Toyota
Kia Cerato K3 1.6A,2017,88910,52300,Kia
Nissan Serena e-POWER Hybrid 1.2A Highway Star Premium,2020,37500,162800,Nissan
Kia Sorento Diesel 2.2A CRDi Sunroof,2018,90000,99800,Kia
Honda Freed Hybrid 1.5A G 7-Seater,2018,103000,91800,Honda
Honda Shuttle 1.5A G,2016,92000,46800,Honda
Hyundai Elantra 1.6A GLS,2018,70000,66800,Hyundai
Nissan Teana 2.5A,2016,147173,49300,Nissan
Hyundai Veloster 1.6A GDi Turbo Sunroof,2016,105000,42800,Hyundai
Honda Freed Hybrid 1.5A G 7-Seater Honda Sensing,2018,93600,90800,Honda
Subaru WRX STI 2.5M,2016,130000,84800,Subaru
Mercedes-Benz C-Class C180 CGI (COE till 04/2030),2010,166800,77800,Mercedes-Benz
Honda City 1.5A SV,2018,95000,75800,Honda
Volvo S60 T2,2018,110000,85800,Volvo
Honda Vezel Hybrid 1.5A Z,2015,93100,37800,Honda
Toyota Camry 2.5A,2020,48500,139900,Toyota
BMW X3 sDrive20i,2018,130251,128000,BMW
Volvo XC60 T6 R-Design Panoramic Roof,2019,45400,170800,Volvo
Toyota Estima 2.4A Aeras (COE till 04/2027),2007,176000,47800,Toyota
Porsche Cayenne 3.2A (COE till 01/2029),2009,131238,69800,Porsche
BMW 3 Series 318i Luxury,2018,111051,99500,BMW
Audi SQ5 Sportback 3.0A TFSI Quattro Tip,2023,13000,389000,Audi
Mercedes-Benz GLC-Class GLC300 Mild Hybrid AMG Line,2023,53,302800,Mercedes-Benz
Nissan Sylphy 1.6A,2018,68000,74800,Nissan
Hyundai Tucson 1.6A GLS T-GDi DCT Turbo,2017,90000,75800,Hyundai
Hyundai Avante 1.6A S (COE till 09/2025),2010,170000,20800,Hyundai
Mercedes-Benz S-Class S350L Sunroof (COE till 07/2028),2008,153000,57800,Mercedes-Benz
Suzuki APV 1.6A (COE till 07/2030),2010,162000,68800,Suzuki
McLaren 12C (COE till 03/2032),2012,53124,385000,McLaren
Toyota Alphard 2.5A X Moonroof,2019,56000,177800,Toyota
Peugeot 3008 Diesel 1.6A BlueHDi,2016,76000,36800,Peugeot
Lexus LS460 MR (COE till 05/2027),2007,93000,44800,Lexus
Toyota Estima 2.4A (COE till 07/2026),2006,145000,36800,Toyota
Honda Odyssey 2.4A EXV-S Sunroof,2015,118430,46800,Honda
Toyota Sienta Hybrid 1.5A X,2021,28000,122800,Toyota
Toyota Sienta Hybrid 1.5A G,2017,82000,75800,Toyota
Toyota Sienta Hybrid 1.5A X,2021,30000,120800,Toyota
Mazda 6 2.0A,2015,154000,39800,Mazda
Rolls-Royce Ghost (COE till 04/2033),2013,16500,650800,Rolls-Royce
Toyota Noah Hybrid 1.8A X,2019,54000,143800,Toyota
Honda Jazz 1.3A,2018,149561,65800,Honda
Toyota Wish 1.8A,2016,78000,62888,Toyota
Hyundai Elantra 1.6A GLS,2017,67000,63900,Hyundai
Mercedes-Benz CLA-Class CLA180,2016,89903,61800,Mercedes-Benz
Mercedes-Benz SLK-Class SLK200K (COE till 08/2027),2007,175000,59888,Mercedes-Benz
BMW X4 xDrive20i xLine,2019,34644,186800,BMW
Mercedes-Benz GLC-Class GLC250 Coupe AMG Line,2019,75400,179888,Mercedes-Benz
Porsche Cayenne 3.0A Tip,2019,40000,298800,Porsche
Land Rover Range Rover Velar 2.0A R-Dynamic S Sunroof,2023,9000,388800,Land Rover
Maserati GranCabrio 4.7A (COE till 01/2030),2010,73000,139400,Maserati
Land Rover Range Rover Velar 2.0A R-Dynamic S Sunroof,2023,4000,385800,Land Rover
Honda Odyssey 2.4A EXV-S Sunroof,2021,35300,179900,Honda
Land Rover Range Rover Sport Mild Hybrid 3.0A,2022,23500,419800,Land Rover
Honda Fit 1.3A G (COE till 05/2028),2008,150000,48800,Honda
Honda Civic 1.8A (COE till 06/2026),2006,144000,30888,Honda
Toyota Hiace 2.8A DX,2020,69108,112800,Toyota
Toyota Estima 2.4A Aeras Moonroof,2017,135000,107800,Toyota
Kia Sorento Diesel 2.2A CRDi Sunroof,2020,39828,135800,Kia
Toyota Corolla Altis 1.6A Eco,2017,120000,64800,Toyota
Kia Niro Hybrid 1.6A GDi DCT Sunroof,2017,122000,59800,Kia
BMW 5 Series 535i Sunroof (COE till 01/2031),2011,141300,138888,BMW
BMW 3 Series 320i Highline,2019,62700,151700,BMW
Mazda 3 Mild Hybrid 1.5A Elegance Sunroof,2020,92000,102800,Mazda
Ferrari F8 Tributo,2022,7000,1230000,Ferrari
Porsche Cayenne Turbo 4.8A Tip (COE till 09/2030),2010,92000,188000,Porsche
Lexus UX200 Luxury,2020,55170,154800,Lexus
Honda Odyssey 2.4A EXV-S Sunroof,2018,54250,125800,Honda
Lexus ES250 Executive Sunroof,2020,67100,175800,Lexus
Hyundai Elantra 1.6A GLS S,2017,125215,58800,Hyundai
MINI One 1.5A 5DR,2018,61388,85800,MINI
Honda Vezel 1.5A G Honda Sensing,2021,38000,119800,Honda
Mazda 5 2.0A Sunroof,2017,112040,66800,Mazda
Porsche 911 Carrera Cabriolet 3.0A PDK,2016,102000,308800,Porsche
Honda Vezel 1.5A X,2016,79717,52800,Honda
Mazda 6 2.0A Executive,2018,70000,82800,Mazda
Nissan Qashqai 1.2A DIG-T,2016,125000,42800,Nissan
Ford Focus 1.0A GTDI Titanium,2017,109300,58800,Ford
Mitsubishi Attrage 1.2A Sports,2018,56300,56998,Mitsubishi
Nissan Note 1.2A,2015,66200,27400,Nissan
BMW 3 Series 320i Highline,2020,63339,163800,BMW
Mitsubishi Attrage 1.2A,2018,74339,55800,Mitsubishi
Subaru XV 2.0i-S EyeSight,2018,94000,72888,Subaru
Toyota Camry 2.5A,2015,93800,47000,Toyota
Bentley Continental GT Convertible 6.0A (COE till 04/2029),2010,79000,150000,Bentley
Honda Vezel Hybrid 1.5A,2017,74000,59800,Honda
BMW 2 Series 216i Gran Tourer Luxury,2020,35200,140800,BMW
Porsche Panamera 4S 4.8A PDK (COE till 05/2031),2011,110000,150888,Porsche
Toyota Noah Hybrid 1.8A X,2018,53217,126888,Toyota
Porsche Boxster S 3.2A Tip (COE till 04/2029),2001,148500,85800,Porsche
Suzuki Jimny Sierra 1.5A JC,2020,39700,142800,Suzuki
Chevrolet Cruze Station Wagon 1.4A Turbo,2015,110917,31700,Chevrolet
Toyota Dyna 150 2.8M,2021,35483,106800,Toyota
Lexus NX Turbo NX300 Executive,2019,84321,146888,Lexus
Mazda 6 2.0A,2018,73339,76800,Mazda
Mercedes-Benz E-Class E200 Avantgarde,2016,108559,97800,Mercedes-Benz
BMW 8 Series 840i Coupe M-Sport,2023,220,555800,BMW
BMW 3 Series 323i Convertible (COE till 07/2031),2011,150000,105000,BMW
BMW 5 Series 520i Mild Hybrid M-Sport,2023,5700,281800,BMW
Honda Airwave 1.5A M (COE till 09/2029),2009,138000,64800,Honda
Mazda 3 Mild Hybrid 1.5A Elegance Sunroof,2020,35000,112800,Mazda
Kia Cerato 1.6A LX,2020,50000,91800,Kia
Honda City 1.5A V,2018,82000,75800,Honda
Hyundai Avante 1.6A GLS,2020,58990,89800,Hyundai
BMW M2 Coupe Competition,2021,29000,342000,BMW
Toyota Corolla Altis 1.6A Elegance (COE till 10/2029),2009,196000,62800,Toyota
Honda Vezel Hybrid 1.5A X Honda Sensing,2017,88000,61800,Honda
Volkswagen Beetle 1.2A TSI (COE till 04/2028),2013,94400,57800,Volkswagen
BMW 8 Series 840i Coupe M-Sport,2022,8700,475800,BMW
BMW 3 Series 318i M-Sport,2023,8777,230800,BMW
Audi A4 1.8A TFSI MU (COE till 04/2031),2011,149000,97800,Audi
BMW M235i Gran Coupe xDrive,2021,53000,236800,BMW
Mercedes-Benz C-Class C180 CGI (COE till 09/2030),2010,145000,84800,Mercedes-Benz
BMW 2 Series 216i Gran Coupe Sport,2022,28188,169800,BMW
Mercedes-Benz CLA-Class CLA180 AMG Line Premium Plus Sunroof,2020,55850,165500,Mercedes-Benz
Hyundai Avante 1.6A S,2021,31154,113800,Hyundai
Hyundai Tucson 2.0A GLS Sunroof,2016,133000,53800,Hyundai
Mitsubishi Attrage 1.2A,2017,90600,45300,Mitsubishi
Mercedes-Benz CLA-Class CLA180,2016,130000,69800,Mercedes-Benz
Mercedes-Benz C-Class C200 Avantgarde,2015,103974,52500,Mercedes-Benz
BMW 3 Series 318i (COE till 03/2025),2010,142455,20000,BMW
Nissan Note 1.2A,2019,42089,68500,Nissan
Audi A4 1.8A TFSI MU,2014,134000,27500,Audi
Kia Cerato K3 1.6A EX (OPC),2015,186533,28700,Kia
Isuzu NPR75U,2018,85970,78800,Isuzu
Volkswagen Sportsvan 1.4A TSI Comfortline,2016,74000,41800,Volkswagen
Mercedes-Benz S-Class S320L,2020,58000,300000,Mercedes-Benz
Mazda 2 HB 1.5A Standard,2019,53000,78800,Mazda
Jaguar F-PACE 3.0A V6 Supercharged Prestige,2016,103000,104800,Jaguar
Lexus UX200 Luxury,2019,69500,128800,Lexus
Toyota Alphard Hybrid 2.5A Elegance Moonroof,2022,6888,321888,Toyota
Hyundai Elantra 1.6A GLS,2016,131088,49800,Hyundai
BMW 3 Series 318i M-Sport,2022,49000,187800,BMW
Nissan Qashqai 1.2A DIG-T Premium,2017,78000,66500,Nissan
Mercedes-Benz GLA-Class GLA200 AMG Line Executive,2021,30000,189800,Mercedes-Benz
Toyota Hiace 3.0A DX,2017,173000,53800,Toyota
Honda Shuttle Hybrid 1.5A,2017,101000,60800,Honda
BMW 3 Series 328i (New 10-yr COE),2013,129800,175800,BMW
Audi Q7 2.0A TFSI Quattro Tip 7-Seater,2018,58800,162800,Audi
Volkswagen Golf R 5DR Sunroof,2017,92800,112800,Volkswagen
Renault Grand Scenic Diesel 1.5A dCi Moonroof,2018,79000,82888,Renault
Mercedes-Benz CLA-Class CLA45 AMG 4MATIC,2015,58000,104800,Mercedes-Benz
Mercedes-Benz GLC-Class GLC250 4MATIC Sunroof,2017,146000,109800,Mercedes-Benz
Mercedes-Benz C-Class C180 Avantgarde,2019,98000,137800,Mercedes-Benz
BMW ALPINA D5 Bi-Turbo,2017,129000,152800,BMW
Mazda 3 1.5A Sunroof,2016,89560,37888,Mazda
Mazda 3 1.5A Sunroof,2017,88000,59000,Mazda
Honda Jade 1.5A RS,2016,118000,59800,Honda
Hyundai Accent 1.4A,2015,130300,18800,Hyundai
BMW 5 Series 520i,2015,90000,55800,BMW
Infiniti QX50 2.0A Essential,2019,77000,132800,Infiniti
Mercedes-Benz C-Class C180 Avantgarde,2016,118000,75800,Mercedes-Benz
Ferrari Roma,2023,1500,1018800,Ferrari
Mitsubishi Fuso Canter FEA01,2021,37046,89800,Mitsubishi
Lexus ES250 Executive Sunroof,2018,122000,111800,Lexus
Kia Stonic 1.0T SX Sunroof,2019,65000,86800,Kia
Toyota Wish 1.8A Elegance,2017,133000,62500,Toyota
Jaguar XE Diesel 2.0A Prestige,2015,93000,60800,Jaguar
Lexus SC430 (COE till 12/2027),2008,115000,58800,Lexus
Audi TT Roadster 2.0A TFSI Quattro,2017,52358,133800,Audi
Toyota Hiace 2.0A DX,2022,18245,92800,Toyota
Hyundai Elantra 1.6A GLS,2018,81256,62777,Hyundai
Volvo XC60 T5 2.0A,2017,101000,78600,Volvo
Mazda MX-5 Roadster 1.6M (COE till 03/2029),1991,300000,95888,Mazda
Nissan NV100,2022,16193,71800,Nissan
Jaguar E-PACE 2.0A Prestige,2019,75123,122777,Jaguar
Land Rover Range Rover Sport 3.0A Supercharged,2017,82536,179777,Land Rover
Toyota Wish 1.8A Elegance,2017,66125,63777,Toyota
Subaru Legacy 2.5i-S Sunroof,2015,130000,34800,Subaru
Nissan Teana 2.0A XL,2016,101000,55200,Nissan
Volkswagen Golf 1.4A TSI EQP Sunroof,2017,84000,66000,Volkswagen
Honda Vezel 1.5A X,2017,120000,55800,Honda
Mazda 3 1.5A Sunroof,2017,81000,53800,Mazda
Lexus GS450h Hybrid Super Luxury Sunroof (COE till 04/2029),2009,118921,75800,Lexus
Honda Shuttle 1.5A G Honda Sensing,2021,35081,108800,Honda
Hyundai Tucson 2.0A GLS Sunroof,2015,133000,43800,Hyundai
Kia Cerato K3 1.6A EX,2016,132000,41800,Kia
Mercedes-Benz CLA-Class CLA200 Urban,2017,85100,87800,Mercedes-Benz
Mazda 2 1.5A Standard Plus,2018,74000,63800,Mazda
Toyota Dyna 150 3.0M,2016,135260,44800,Toyota
Mitsubishi Fuso Fighter FM65,2016,141110,68800,Mitsubishi
Volvo S60 T2,2016,121000,52800,Volvo
Hyundai Accent 1.4A (OPC),2020,29000,74800,Hyundai
Toyota Noah Hybrid 1.8A X,2019,97000,135800,Toyota
Mazda 3 Mild Hybrid 1.5A Elegance Sunroof,2019,72000,99800,Mazda
Mercedes-Benz GLA-Class GLA180 Urban Edition,2019,66000,118800,Mercedes-Benz
Toyota Corolla Altis 1.6A Elegance,2016,96000,53300,Toyota
Subaru XV 1.6i-S,2016,83000,43800,Subaru
BMW 3 Series 320i Gran Turismo,2015,95500,51800,BMW
Honda Grace Hybrid 1.5A LX,2018,72000,83800,Honda
Lexus ES250 Sunroof,2016,124175,89800,Lexus
Volkswagen Touran 1.4A TSI Comfortline Sunroof,2018,75000,96888,Volkswagen
Volkswagen Golf 1.2A TSI,2016,117666,41800,Volkswagen
Mercedes-Benz C-Class C180 Cabriolet AMG Line,2017,62850,139800,Mercedes-Benz
Porsche 718 Cayman S 2.5A PDK (COE till 10/2032),2022,29000,401800,Porsche
Mercedes-Benz C-Class C180 CGI Avantgarde (New 10-yr COE),2014,106000,121800,Mercedes-Benz
Mercedes-Benz GLC-Class GLC250 4MATIC,2018,58661,149800,Mercedes-Benz
Mazda 6 2.0A Executive,2019,39000,100000,Mazda
BMW X4 xDrive20i,2018,60000,163800,BMW
Bentley Flying Spur 6.0A W12 First Edition,2021,11500,938800,Bentley
Ferrari 812 GTS,2021,11000,1738000,Ferrari
Maserati Quattroporte GranLusso 3.0A Sunroof,2018,87000,260000,Maserati
Honda Freed Hybrid 1.5A G 7-Seater Honda Sensing,2018,61000,84888,Honda
BMW 6 Series 630i Gran Turismo Luxury Sunroof,2023,12200,318800,BMW
Toyota Vellfire 2.5A Elegance Moonroof,2020,44100,236800,Toyota
Nissan Kicks e-POWER Hybrid 1.2A Premium Plus,2021,41000,116800,Nissan
Kia Cerato 1.6A EX,2020,62000,98800,Kia
Mitsubishi Lancer EX 1.6A,2016,110000,38888,Mitsubishi
Audi A3 Cabriolet 1.4A TFSI S-tronic,2018,22000,117888,Audi
Nissan NV200 1.6A DX,2016,125100,37800,Nissan
Toyota Sienta 1.5A G LED,2016,73000,47800,Toyota
Nissan Sylphy 1.6A Premium,2018,87000,69800,Nissan
Nissan NV200 1.5M,2017,108000,34800,Nissan
Mercedes-Benz C-Class C180 Avantgarde,2019,55000,139800,Mercedes-Benz
Mercedes-Benz E-Class E200 Avantgarde,2016,90000,102800,Mercedes-Benz
Kia Cerato Forte Koup 1.6M SX Sunroof (COE till 02/2025),2010,100800,16800,Kia
Kia Stonic 1.0T,2019,76000,77800,Kia
Lexus ES250 Sunroof,2016,132000,76800,Lexus
Honda Freed Hybrid 1.5A G Honda Sensing,2019,57746,110800,Honda
Mercedes-Benz C-Class C200 Avantgarde,2015,67000,49800,Mercedes-Benz
BMW M5 Sunroof (COE till 04/2033),2013,110000,177800,BMW
Nissan NV350 2.5M,2018,86200,48800,Nissan
BMW ALPINA B4 Bi-Turbo Coupe Sunroof,2017,44000,199800,BMW
Toyota 86 2.0M (COE till 04/2033),2013,113000,152800,Toyota
Toyota Corolla Altis 1.6A (COE till 05/2027),2007,112000,37800,Toyota
Mercedes-Benz CLA-Class CLA45 AMG 4MATIC Shooting Brake,2018,61000,161800,Mercedes-Benz
Honda Civic 1.5A VTEC Turbo Sunroof,2020,38190,128800,Honda
Lamborghini Huracan LP580-2,2017,46000,569000,Lamborghini
Honda Odyssey 2.4A EXV-S Navi Res Sunroof,2017,115000,95800,Honda
Volkswagen Arteon 2.0A TSI R-Line,2017,107000,133800,Volkswagen
Volkswagen Golf 1.4A TSI,2016,80000,34888,Volkswagen
Honda HR-V 1.5A LX,2017,95000,56888,Honda
Mercedes-Benz GLC-Class GLC250 Coupe AMG Line 4MATIC Sunroof,2018,65000,151888,Mercedes-Benz
Subaru Forester 2.0i-L Sunroof,2015,129000,38800,Subaru
Mazda 2 1.5A Standard Plus,2018,86000,63800,Mazda
Hyundai Tucson 1.6A GLS T-GDi DCT Turbo,2018,83000,100800,Hyundai
Mercedes-Benz C-Class C200,2016,88800,77800,Mercedes-Benz
BMW 6 Series 640i Gran Coupe M-Sport Sunroof,2017,98000,139888,BMW
BMW 3 Series 318i Luxury,2018,89000,96800,BMW
BMW 7 Series 730Li Sunroof,2018,26682,179888,BMW
Subaru Impreza 4D 1.6i-S,2017,99800,58800,Subaru
Mercedes-Benz C-Class C180 Exclusive,2016,123000,73800,Mercedes-Benz
Toyota Alphard 2.5A S C-Package,2019,54000,194800,Toyota
Mercedes-Benz A-Class A180,2015,95600,32800,Mercedes-Benz
Mercedes-Benz C-Class C180 Avantgarde,2018,91200,113800,Mercedes-Benz
Maserati GranTurismo 4.2A (COE till 05/2031),2011,87000,153000,Maserati
Mitsubishi Lancer EX 1.6A,2017,111000,52800,Mitsubishi
Mercedes-Benz E-Class E200 CGI (COE till 08/2030),2010,135000,88800,Mercedes-Benz
Mercedes-Benz GLE-Class GLE63S AMG 4MATIC,2016,72000,217800,Mercedes-Benz
Toyota GR Supra 3.0A RZ,2020,24500,255000,Toyota
Toyota Prado 2.7A TX Sunroof (COE till 11/2027),2007,200000,59000,Toyota
Honda Shuttle Hybrid 1.5A,2019,68852,91800,Honda
Kia Cerato K3 1.6A SX,2016,127000,39300,Kia
Toyota Camry 2.5A,2019,80603,116800,Toyota
Audi A3 Sedan 1.0A TFSI S-tronic,2018,81000,88888,Audi
Honda Vezel 1.5A X,2017,86000,61800,Honda
Mercedes-Benz GLB-Class GLB200 AMG Line,2023,95,248800,Mercedes-Benz
Nissan NV200 1.6A,2021,16130,71800,Nissan
Subaru Impreza 4D 1.6i-S,2017,101000,59800,Subaru
Lexus IS250C (COE till 08/2030),2010,170000,95988,Lexus
Ford Focus HB 1.6A Trend (COE till 08/2029),2009,168000,49800,Ford
Porsche 718 Cayman 2.0A PDK,2017,66000,210000,Porsche
Honda Vezel 1.5A X,2019,52300,83800,Honda
Subaru BRZ 2.0A (OPC),2017,40000,100000,Subaru
Subaru Forester 2.0i-L Sunroof,2017,76700,71000,Subaru
Honda HR-V 1.5A DX,2016,118000,51800,Honda
Kia Cerato 1.6A SX Sunroof,2018,74966,80800,Kia
Honda Odyssey 2.4A EXV-S Sunroof,2019,114000,139800,Honda
Toyota Rush 1.5A X (COE till 08/2028),2008,124000,54800,Toyota
Mercedes-Benz E-Class E200 Premium Panoramic Roof,2020,65000,176800,Mercedes-Benz
Mercedes-Benz B-Class B180 Style,2018,99800,99800,Mercedes-Benz
Toyota Sienta Hybrid 1.5A X,2021,33400,127800,Toyota
Volvo XC40 T4 R-Design,2021,59400,177800,Volvo
Mercedes-Benz E-Class E200 Edition E Sunroof,2016,19460,87999,Mercedes-Benz
Hyundai Accent 1.4A,2020,44990,82800,Hyundai
Audi Q3 Mild Hybrid 1.5A TFSI S-tronic,2022,10000,200800,Audi
Toyota Corolla Altis 1.6A Elegance,2017,118219,56999,Toyota
BMW 5 Series 528i (COE till 02/2032),2013,114000,125800,BMW
Audi A6 2.0A TFSI MU (New 5-yr COE),2013,117160,87800,Audi
Mazda 6 2.5A Sunroof,2016,102500,61800,Mazda
Toyota Alphard 2.5A SA,2015,127590,82800,Toyota
Toyota Wish 1.8A X,2015,122835,40800,Toyota
Lexus IS Turbo IS200t Executive,2017,29000,97000,Lexus
Mercedes-Benz CLA-Class CLA200 AMG Line Premium Plus Sunroof,2019,25525,151800,Mercedes-Benz
Toyota Sienta 1.5A Elegance,2018,56600,83800,Toyota
Mercedes-Benz C-Class C180K (COE till 07/2029),2009,150000,68800,Mercedes-Benz
Land Rover Discovery Sport 2.0A SE 7-Seater Sunroof,2019,45400,146800,Land Rover
Toyota Noah Hybrid 1.8A X,2019,62000,133800,Toyota
Renault Fluence Diesel 1.5A dCi Sunroof,2016,120000,32800,Renault
Kia Cerato 1.6A EX,2019,38141,82800,Kia
Volvo XC40 T4 R-Design,2019,74000,126777,Volvo
BMW X4 xDrive20i Sunroof,2015,56000,56800,BMW
Honda Vezel 1.5A X Honda Sensing,2021,24100,114800,Honda
Toyota Corolla Cross Hybrid 1.8A G,2022,22000,177800,Toyota
Mercedes-Benz C-Class C200 Exclusive,2016,125000,77777,Mercedes-Benz
Nissan Qashqai 1.2A DIG-T Premium,2017,102285,52800,Nissan
Maserati Levante Diesel 3.0A,2017,135000,189800,Maserati
Mazda 8 2.3A,2015,91000,35777,Mazda
Audi A7 Sportback 2.8A FSI Quattro S-Line,2016,65300,112800,Audi
Hyundai Elantra 1.6A GLS,2018,73300,71800,Hyundai
Toyota Wish 1.8A X (COE till 10/2030),2010,140000,91800,Toyota
Mazda 3 Mild Hybrid 1.5A Elegance Sunroof,2021,33500,119000,Mazda
BMW 5 Series 520i,2016,170000,64000,BMW
Volvo V40 T2,2015,84332,38888,Volvo
Toyota Sienta 1.5A Standard,2017,48990,76800,Toyota
Lexus NX Turbo NX200t Luxury Sunroof,2016,115996,86800,Lexus
Toyota Vios 1.5A E (COE till 12/2029),2009,163000,65800,Toyota
Honda Civic 1.6A VTi-S (COE till 01/2032),2012,112000,97800,Honda
Kia Cerato 1.6A EX,2022,32000,124800,Kia
Mazda 5 2.0A Sunroof,2017,87253,69800,Mazda
Rolls-Royce Ghost,2021,7980,1298888,Rolls-Royce
Toyota GR Yaris 1.6M,2022,7000,239000,Toyota
Mazda 3 1.5A Deluxe Sunroof,2016,73115,54000,Mazda
Land Rover Discovery Sport 2.0A Si4 SE 7-Seater,2016,115041,87800,Land Rover
Toyota Vios 1.5A E,2019,66000,77800,Toyota
Hyundai Tucson 1.6A GLS T-GDi DCT Turbo S,2017,128000,74800,Hyundai
Opel Crossland 1.2A X Turbo Innovation,2019,50000,79800,Opel
Opel Zafira Grand Tourer 1.4A Turbo,2018,65000,83800,Opel
Mercedes-Benz GLC-Class GLC43 AMG 4MATIC,2017,82000,140800,Mercedes-Benz
Hyundai Accent 1.4A (OPC),2019,29088,64800,Hyundai
Subaru Legacy Wagon 2.5A GT (COE till 03/2029),2009,130000,81800,Subaru
Mercedes-Benz GLC-Class GLC250d Coupe AMG Line 4MATIC Sunroof,2017,144539,128800,Mercedes-Benz
Toyota Sienta Hybrid 1.5A G,2023,12500,142800,Toyota
Honda Shuttle 1.5A G,2016,134000,41800,Honda
Opel Crossland 1.2A X Turbo Innovation,2019,60000,79800,Opel
Toyota Wish 1.8A,2016,89000,56800,Toyota
Audi A3 Sedan 1.4A TFSI Ambiente,2016,124000,41800,Audi
Mercedes-Benz CLA-Class CLA180 AMG Line Premium Plus,2021,39000,189800,Mercedes-Benz
Mercedes-Benz C-Class C180 (New 10-yr COE),2014,86000,129888,Mercedes-Benz
BMW 5 Series 535i Sunroof (COE till 08/2030),2010,115000,113800,BMW
BMW X6 M (COE till 04/2031),2011,180864,147888,BMW
Audi A3 Sedan 1.0A TFSI S-tronic,2019,74000,101800,Audi
Porsche Cayenne 3.6A Tip (COE till 11/2027),2007,139000,78800,Porsche
Mercedes-Benz C-Class C350 Avantgarde (COE till 01/2031),2011,120000,93500,Mercedes-Benz
Volvo XC60 T6 (COE till 03/2029),2009,175000,69800,Volvo
Mercedes-Benz GLB-Class GLB180 AMG Line 7-Seater,2022,25000,225000,Mercedes-Benz
Honda Vezel Hybrid 1.5A Z,2016,91238,56800,Honda
Mercedes-Benz R-Class R350L (COE till 01/2029),2009,126317,78800,Mercedes-Benz
Porsche 911 Targa 4S PDK,2022,38000,678000,Porsche
Mercedes-Benz SLK-Class SLK200 (COE till 10/2031),2012,90000,117000,Mercedes-Benz
Toyota Noah Hybrid 1.8A X,2023,68,222888,Toyota
Honda Fit 1.3A G F-Package,2020,30000,90888,Honda
Honda Stream 1.8A (COE till 08/2028),2008,184000,63000,Honda
Audi A8L 4.2A FSI Quattro (COE till 12/2030),2011,166500,80000,Audi
Porsche Panamera 3.6A PDK (COE till 11/2030),2010,167000,145000,Porsche
Toyota Starlet (COE till 01/2031),2021,19300,53555,Toyota
Toyota Estima 2.4A Aeras G-Edition Moonroof (COE till 04/2030),2010,180000,89888,Toyota
Audi A3 Sedan 1.0A TFSI S-tronic,2018,38500,92600,Audi
Mitsubishi Outlander 2.4A Sunroof,2016,93000,44100,Mitsubishi
BMW X3 sDrive20i,2018,120395,136888,BMW
Mazda 5 2.0A Sunroof,2015,113500,37800,Mazda
Toyota Camry Hybrid 2.5A Standard,2021,29000,154800,Toyota
BMW M6 Cabriolet (COE till 10/2031),2012,83000,198000,BMW
Porsche Macan 2.0A PDK,2023,36,385988,Porsche
Mercedes-Benz CLC-Class CLC180K (COE till 11/2028),2008,188000,62800,Mercedes-Benz
Honda Fit 1.3A GF,2020,39000,97800,Honda
Mercedes-Benz S-Class S400L,2015,60500,123999,Mercedes-Benz
Porsche 911 GT3 3.8A,2015,60000,528800,Porsche
Porsche 911 Turbo Coupe 3.6A Tip (New 10-yr COE),2003,66300,350000,Porsche
Porsche Macan 2.0A PDK (New 10-yr COE),2014,115000,226800,Porsche
Honda Vezel Hybrid 1.5A X Honda Sensing,2017,100000,58900,Honda
MINI One Clubman 1.5A,2021,19200,144800,MINI
MINI Cooper S Clubman 1.6A (COE till 12/2028),2008,120000,78777,MINI
Volkswagen Jetta GP 1.4A TSI Highline,2016,102329,47800,Volkswagen
BMW 6 Series 650i Coupe Sunroof (COE till 05/2031),2011,79800,148800,BMW
Toyota Vios 1.5A E,2017,82000,58800,Toyota
BMW 2 Series 218i Active Tourer,2015,140000,30800,BMW
Audi A5 Sportback Mild Hybrid 2.0A TFSI S-tronic,2021,21100,183000,Audi
Mercedes-Benz E-Class E200 Avantgarde,2020,23271,206000,Mercedes-Benz
Honda Shuttle 1.5A G Honda Sensing,2020,66730,102000,Honda
Mazda 3 Mild Hybrid 1.5A Astina Sunroof,2019,59532,104000,Mazda
Mercedes-Benz GLA-Class GLA180 Urban Edition,2019,78000,119900,Mercedes-Benz
Toyota C-HR Hybrid 1.8A S,2018,75835,82000,Toyota
Mercedes-Benz CLA-Class CLA200 (COE till 10/2028),2014,29000,85800,Mercedes-Benz
Volkswagen Golf 1.4A TSI Comfortline,2020,127425,94000,Volkswagen
Mercedes-Benz C-Class C250 AMG Line,2015,160000,47800,Mercedes-Benz
Audi A5 Coupe 2.0A TFSI S-tronic Design,2017,87000,91000,Audi
Audi A5 Sportback Mild Hybrid 2.0A TFSI S-tronic,2021,44040,180000,Audi
Ford Mustang Convertible 2.3A Ecoboost,2016,65000,120800,Ford
Subaru XV 1.6i-S,2017,46000,61000,Subaru
BMW X1 sDrive18i,2019,45000,127000,BMW
BMW 1 Series 116d,2017,120000,70000,BMW
Skoda Kodiaq 1.4A TSI Ambition Plus 7-Seater,2018,92102,108800,Skoda
Audi A3 Sedan Mild Hybrid 1.5A TFSI S-tronic,2022,22000,168800,Audi
Honda Freed Hybrid 1.5A G,2019,66000,115800,Honda
Toyota Harrier Turbo 2.0A M,2018,78000,107000,Toyota
Mercedes-Benz GLS-Class GLS400d AMG Line 4MATIC Premium,2021,30000,349788,Mercedes-Benz
Kia Cerato 1.6A EX (OPC),2020,25000,88888,Kia
Mercedes-Benz C-Class C180 AMG Line,2019,26954,144800,Mercedes-Benz
Rolls-Royce Cullinan 6.75A,2023,3300,2088888,Rolls-Royce
Lexus ES250 Executive Sunroof,2019,72547,143800,Lexus
BMW 7 Series 735i Mild Hybrid sDrive M-Sport Pro,2023,3000,560000,BMW
Hyundai Accent 1.4A,2018,63600,61800,Hyundai
Honda Shuttle 1.5A G,2017,70892,55500,Honda
Skoda Octavia 2.0A TSI RS,2020,63000,192000,Skoda
Toyota Camry 2.4A (COE till 11/2026),2006,166000,35800,Toyota
BMW 1 Series 116i,2014,67900,24800,BMW
Toyota Corolla Altis 1.6A Elegance,2017,71200,61200,Toyota
Porsche Cayman GT4 3.8M,2015,80000,350000,Porsche
Mercedes-Benz SLK-Class SLK350 (COE till 08/2031),2011,83000,129000,Mercedes-Benz
Toyota Alphard 2.5A S C-Package Moonroof,2021,24000,269800,Toyota
Toyota Camry Hybrid 2.5A G Toyota Safety Sense,2018,70000,107888,Toyota
Honda Shuttle Hybrid 1.5A,2018,68000,72888,Honda
BMW 5 Series 520i,2016,116000,68788,BMW
Toyota Sienta Hybrid 1.5A X,2021,23000,128800,Toyota
Ferrari 458 Italia (COE till 10/2031),2012,49500,518000,Ferrari
Mercedes-Benz E-Class E250 Avantgarde,2018,110000,150000,Mercedes-Benz
Toyota Estima 2.4A X (COE till 09/2029),2009,140554,80800,Toyota
Mercedes-Benz E-Class E250,2015,54000,49888,Mercedes-Benz
Honda Fit 1.3A G F-Package,2019,36000,79800,Honda
Honda Shuttle 1.5A G,2017,109878,46300,Honda
Honda Vezel 1.5A X,2016,88000,38800,Honda
Infiniti Q30 Diesel 1.5A T Premium,2016,48000,54800,Infiniti
Lexus ES250 Luxury Sunroof,2015,142000,60800,Lexus
Audi A3 Sedan 1.0A TFSI S-tronic,2018,70000,85800,Audi
BMW 1 Series 116i,2014,101301,27800,BMW
Honda Freed Hybrid 1.5A G,2021,21000,149800,Honda
Honda Civic 1.6A VTi,2019,46000,97800,Honda
Citroen DS4 Crossback Diesel 1.6A BlueHDi,2017,85762,49800,Citroen
Audi A3 Sedan 1.0A TFSI S-tronic,2019,99000,94800,Audi
Mazda 2 1.5A V (COE till 09/2030),2010,76000,69800,Mazda
Audi Q5 2.0A TFSI Quattro (New 10-yr COE),2013,59000,184800,Audi
Nissan X-Trail 2.0A,2018,52000,85500,Nissan
Volkswagen Passat 1.8A TFSI Sunroof,2015,150000,46388,Volkswagen
Mazda 3 Mild Hybrid 1.5A Classic,2021,27706,120000,Mazda
Mercedes-Benz CLA-Class CLA180 Urban,2017,46000,88900,Mercedes-Benz
Audi A4 2.0A TFSI S-tronic,2018,69000,107500,Audi
Citroen C4 1.2A PureTech,2016,110000,40800,Citroen
Mercedes-Benz E-Class E200 Avantgarde,2020,50414,191000,Mercedes-Benz
BMW 5 Series 535i M-Sport Sunroof (COE till 08/2030),2010,138000,118000,BMW
Nissan Sylphy 1.6A Premium,2019,82400,78800,Nissan
Honda Civic 1.6A VTi,2019,59239,98800,Honda
Toyota Yaris Cross 1.5A G,2023,88,141888,Toyota
Mercedes-Benz E-Class E250 Avantgarde,2017,123000,131500,Mercedes-Benz
Toyota Camry Hybrid 2.5A Ascent Sport,2018,68000,103800,Toyota
Toyota Sienta Hybrid 1.5A G Toyota Safety Sense,2020,34607,110800,Toyota
Toyota Vellfire 2.5A Elegance 7-Seater Moonroof,2020,80000,239800,Toyota
Honda Odyssey 2.4A (COE till 12/2028),2008,157000,63800,Honda
Toyota Alphard Hybrid 2.5A SR C-Package Moonroof,2022,3000,300800,Toyota
Mercedes-Benz S-Class S500L Sunroof (New 10-yr COE),2014,75000,288800,Mercedes-Benz
Mercedes-Benz CLA-Class CLA45 AMG 4MATIC,2019,40000,175800,Mercedes-Benz
Toyota Corolla Altis 1.6A (COE till 08/2028),2008,146000,54500,Toyota
Toyota Corolla Altis 1.6A Elegance,2016,60208,47500,Toyota
Audi Q3 1.4A TFSI S-tronic,2014,108000,32500,Audi
Porsche 911 Carrera 4 Coupe 3.0A PDK,2021,14000,535800,Porsche
Mitsubishi Outlander 2.4A Sunroof,2015,143000,41800,Mitsubishi
Mercedes-Benz GLC-Class GLC300 Mild Hybrid 4MATIC,2022,20000,273800,Mercedes-Benz
Honda Vezel 1.5A X,2015,86000,35800,Honda
Honda Civic 1.6A VTi,2017,139500,98008,Honda
Toyota Yaris 1.5A G (COE till 04/2027),2007,190000,38800,Toyota
Honda Integra 2.0A (COE till 03/2026),2006,274000,51800,Honda
Subaru Impreza 4D 2.0i-S EyeSight,2018,65000,71800,Subaru
Nissan Qashqai 1.2A DIG-T,2015,110200,36800,Nissan
Audi S4 3.0A TFSI Quattro S-tronic (COE till 08/2030),2011,149000,123888,Audi
Nissan NV200 Vanette 1.6A DX,2021,13556,72800,Nissan
Kia Cerato K3 1.6A EX,2015,132660,32500,Kia
Mazda 3 1.6A SP (COE till 10/2028),2008,120000,52500,Mazda
Lexus IS250 Luxury (COE till 08/2028),2008,109000,65800,Lexus
Suzuki Swift 1.5A (COE till 02/2029),2009,141000,60800,Suzuki
Mercedes-Benz B-Class B200 (COE till 07/2027),2012,97000,57000,Mercedes-Benz
Subaru Forester 2.0i-L EyeSight,2019,19000,103800,Subaru
Land Rover Discovery Sport 2.0A Si4 SE 7-Seater,2017,71000,99800,Land Rover
Porsche Boxster S 3.4A PDK (COE till 01/2033),2013,55000,232800,Porsche
BMW X4 xDrive20i Sunroof,2017,94000,118788,BMW
Honda Vezel 1.5A X,2017,86831,54800,Honda
BMW 5 Series 523i (COE till 10/2030),2010,170505,91988,BMW
BMW 5 Series 520i Luxury,2018,105000,115500,BMW
Mercedes-Benz E-Class E250 CGI Cabriolet (COE till 04/2031),2011,100000,102800,Mercedes-Benz
BMW 1 Series 116d,2017,110201,59200,BMW
Kia Cerato 1.6A LX (OPC),2019,8390,75800,Kia
Jaguar XJ 2.0A TSS Premium Luxury SWB Sunroof,2016,118600,103800,Jaguar
Ferrari California 4.3A (COE till 01/2031),2011,68000,348800,Ferrari
Honda Shuttle 1.5A G,2016,106831,40800,Honda
Volkswagen Golf R 5DR Sunroof (New 10-yr COE),2014,120000,198000,Volkswagen
Toyota Corolla Altis 1.6A,2016,122500,49600,Toyota
BMW X3 xDrive20i (New 10-yr COE),2014,75500,188999,BMW
Suzuki SX4 S-Cross 1.6A GLX,2016,91000,47888,Suzuki
Volkswagen Golf 1.4A TSI Sunroof,2016,101000,47800,Volkswagen
Mercedes-Benz GLC-Class GLC250 4MATIC,2017,120000,103800,Mercedes-Benz
Rolls Royce Cullinan V12 Black Badge,2023,7300,2380000,Rolls-Royce
BMW 3 Series 328i Luxury,2015,104600,53800,BMW
Mercedes-Benz B-Class B180 Progressive,2022,21378,169800,Mercedes-Benz
Mercedes-Benz C-Class C180ML (COE till 06/2026),2006,286000,31800,Mercedes-Benz
Honda Vezel 1.5A X,2017,60900,65800,Honda
Jaguar E-PACE 2.0A Prestige,2019,78000,134800,Jaguar
Toyota Hiace 2.8A DX,2020,51020,87800,Toyota
Mercedes-Benz A-Class A180 Progressive,2022,11000,170800,Mercedes-Benz
Mercedes-Benz B-Class B180 Progressive,2022,18000,176800,Mercedes-Benz
Mazda 6 2.0A Executive,2019,29031,104800,Mazda
Opel Crossland 1.2A X Turbo Innovation,2019,65000,68800,Opel
Mercedes-Benz S-Class S400L,2014,118000,100000,Mercedes-Benz
Peugeot Partner 1.6A HDi,2017,145367,36800,Peugeot
Mitsubishi Attrage 1.2A Sports,2019,69507,63888,Mitsubishi
Toyota Camry 2.4A (COE till 08/2028),2008,115000,56800,Toyota
Subaru Impreza 5D 2.0i-S EyeSight,2018,106950,78800,Subaru
Peugeot Partner 1.5A BlueHDi LWB,2021,48807,75800,Peugeot
Ferrari 458 Italia (COE till 04/2033),2013,34000,655888,Ferrari
Mercedes-Benz GLC-Class GLC200,2017,60000,121800,Mercedes-Benz
Porsche 718 Cayman 2.0A PDK,2021,69000,335800,Porsche
Toyota Harrier 2.0A Premium Panoramic Roof,2015,102831,52800,Toyota
Subaru XV 1.6i-S,2016,97000,51800,Subaru
Toyota Yaris Cross 1.5A G,2023,88,138800,Toyota
Toyota Alphard Hybrid 2.5A SR C-Package,2023,500,348800,Toyota
Toyota Harrier 2.0A Elegance Panoramic Roof,2017,108000,72800,Toyota
Opel Insignia 1.6A Turbo,2017,115000,60000,Opel
Honda Jazz 1.5A RS,2017,75070,53800,Honda
Nissan GTR 3.8A (New 10-yr COE),2008,50000,438888,Nissan
Mercedes-Benz A-Class A180d AMG Line,2017,82500,73500,Mercedes-Benz
BMW X3 sDrive20i Sunroof,2014,119000,43800,BMW
Honda Civic 1.6A VTi,2017,110000,73500,Honda
Honda Vezel Hybrid 1.5A X,2018,89560,79800,Honda
Toyota Harrier 2.0A Premium Panoramic Roof,2015,82820,49588,Toyota
BMW 6 Series 630i Gran Turismo M-Sport Sunroof,2019,42000,186800,BMW
Toyota Yaris Cross 1.5A G,2023,3000,138800,Toyota
Porsche 911 GT3 3.6M (COE till 11/2027),2008,72000,415888,Porsche
Nissan X-Trail 2.0A 7-Seater Sunroof,2016,82513,51800,Nissan
Honda Accord 2.0A (COE till 06/2025),2010,156755,20888,Honda
Audi RS 5 Coupe 2.9A TFSI Quattro,2019,17000,255800,Audi
Honda HR-V 1.5A LX,2017,85123,64800,Honda
Jaguar E-PACE 2.0A Prestige (249PS),2018,70000,125777,Jaguar
Nissan NV200 1.6A,2016,112827,31800,Nissan
BMW 1 Series 116d,2016,120000,50800,BMW
Volkswagen Tiguan 1.4A TSI Highline Panoramic Roof,2019,40800,118000,Volkswagen
Honda Jazz 1.5A,2015,101000,29988,Honda
Hyundai Elantra 1.6A GLS S,2017,142746,47800,Hyundai
Mercedes-Benz GLC-Class GLC250 4MATIC,2016,113000,90800,Mercedes-Benz
Mercedes-Benz C-Class C250 AMG Line,2016,89000,87800,Mercedes-Benz
Porsche 911 Carrera Coupe 3.4A PDK (COE till 07/2032),2012,78000,303888,Porsche
Mazda 5 2.0A SP Sunroof (COE till 05/2026),2006,208500,30800,Mazda
Mercedes-Benz GLA-Class GLA180 Urban Edition,2019,88730,120800,Mercedes-Benz
Mercedes-Benz S-Class S450L,2018,86000,255800,Mercedes-Benz
Mercedes-Benz C-Class C180 Mild Hybrid Avantgarde,2022,6000,232800,Mercedes-Benz
Toyota Hiace 3.0M (COE till 07/2027),2007,271468,39800,Toyota
Jaguar XE 2.0A Prestige,2016,85000,64000,Jaguar
Toyota Dyna 150 3.0A,2018,95000,78800,Toyota
Mercedes-Benz A-Class Saloon A180 Progressive,2022,16000,167800,Mercedes-Benz
Toyota Noah Hybrid 1.8A X,2018,98000,125800,Toyota
Mercedes-Benz E-Class E250 CGI Coupe (COE till 03/2030),2010,131000,85800,Mercedes-Benz
Mazda 6 2.0A Executive (OPC),2019,63200,96888,Mazda
Hyundai Avante 1.6A GLS S,2020,34752,91500,Hyundai
Audi Q3 1.4A TFSI S-Tronic S-Line,2019,74900,125800,Audi
Kia Cerato Forte 1.6A SX (COE till 01/2030),2010,218069,67000,Kia
Audi A5 Cabriolet Mild Hybrid 2.0A TFSI S-tronic Advanced,2020,32700,196300,Audi
Audi A5 3.0A TDI Quattro S-tronic (COE till 03/2030),2010,199000,79800,Audi
Volvo XC40 T4 R-Design,2020,31000,161800,Volvo
BMW X1 sDrive18i,2019,93000,126800,BMW
BMW 2 Series 216i Active Tourer,2021,26300,142800,BMW
Mazda CX-3 2.0A Deluxe,2019,83000,99800,Mazda
Mercedes-Benz S-Class S300L Sunroof (COE till 01/2033),2013,42000,168800,Mercedes-Benz
BMW 1 Series 118i 5DR M-Sport,2020,37000,125800,BMW
BMW 2 Series 216i Gran Tourer,2018,94996,100000,BMW
Honda Freed Hybrid 1.5A G Honda Sensing,2017,70759,76500,Honda
Hyundai Elantra 1.6A GLS S,2018,127000,68900,Hyundai
Honda HR-V 1.5A LX,2015,68000,42800,Honda
Toyota Alphard 2.5A S C-Package Moonroof,2019,42000,209800,Toyota
Mercedes-Benz GLA-Class GLA180,2017,101000,73800,Mercedes-Benz
Honda Civic 1.6A VTi,2017,98000,71800,Honda
Kia Cerato 1.6A EX,2022,36716,120800,Kia
Porsche Cayenne 3.0A Tip,2018,108000,268000,Porsche
Toyota Vellfire 2.5A X Moonroof,2018,67616,167800,Toyota
Mercedes-Benz CLA-Class CLA200 Coupe Urban,2017,78500,85828,Mercedes-Benz
Mercedes-Benz E-Class E250 CGI Cabriolet (COE till 02/2030),2010,147000,89800,Mercedes-Benz
Honda Vezel 1.5A X,2015,101025,36800,Honda
Nissan X-Trail 2.0A 7-Seater Sunroof,2017,92316,66800,Nissan
Honda HR-V 1.5A LX,2016,78000,45999,Honda
Lexus UX200 Executive,2021,50399,165800,Lexus
BMW 5 Series 523i (COE till 12/2029),2010,180334,84339,BMW
BMW 1 Series 116d,2016,126000,46800,BMW
Porsche Boxster 2.7A (COE till 04/2028),2009,158000,80000,Porsche
Toyota Harrier 2.0A Elegance,2017,82000,72800,Toyota
Mercedes-Benz C-Class C180K (COE till 02/2029),2009,214000,67800,Mercedes-Benz
Kia Cerato K3 1.6A Sunroof,2018,58000,66800,Kia
Toyota Camry 2.0A,2018,98300,95900,Toyota
BMW 2 Series 216d Gran Tourer,2017,65000,69800,BMW
Hyundai Elantra 1.6A GLS S,2018,102000,61777,Hyundai
Hyundai Accent 1.4A,2019,70807,71800,Hyundai
Audi A4 2.0A TFSI S-tronic,2020,68000,140800,Audi
Citroen DS4 Crossback Diesel 1.6A BlueHDi,2017,116000,55900,Citroen
Toyota Vios 1.5A E (COE till 10/2029),2009,148000,62800,Toyota
Nissan NV200 1.5M,2018,63512,49800,Nissan
Mercedes-Benz GLC-Class GLC250d AMG Line 4MATIC,2016,110000,104800,Mercedes-Benz
Skoda Karoq 1.5A TSI Sportline,2022,20000,162800,Skoda
Toyota Wish 1.8A,2016,107700,55900,Toyota
BMW X1 sDrive18i xLine,2016,82200,73900,BMW
Toyota Wish 1.8A X,2017,110921,68800,Toyota
Toyota Sienta 1.5A X,2016,92232,49800,Toyota
Hyundai Tucson 1.6A GLS T-GDi DCT Turbo,2020,69000,129800,Hyundai
Toyota Harrier Turbo 2.0A G Panoramic Roof,2017,101238,96888,Toyota
Honda Civic 1.5A VTEC Turbo Sunroof,2017,131399,67800,Honda
Mazda 3 HB 1.5A Deluxe Sunroof,2016,91000,48800,Mazda
Hyundai Venue 1.6A GLS S,2021,28800,102999,Hyundai
Lexus ES250 Executive Sunroof,2021,39400,197500,Lexus
BMW M3 Coupe (COE till 08/2030),2010,156000,145888,BMW
BMW 2 Series 220i Coupe M-Sport Sunroof,2014,115000,32800,BMW
BMW M6 Coupe (COE till 10/2033),2014,105439,280000,BMW
Audi A4 1.4A TFSI S-tronic,2016,139000,65800,Audi
Audi Q3 1.4A TFSI S-tronic,2020,56000,137688,Audi
Honda Shuttle 1.5A G Honda Sensing,2021,29998,112800,Honda
Peugeot 2008 Active Puretech 1.2A Sunroof,2018,60000,64800,Peugeot
BMW X3 sDrive20i,2019,57000,153800,BMW
Toyota Corolla Altis 1.6A Classic,2016,103000,48300,Toyota
Mercedes-Benz GLC-Class GLC200,2020,55048,196800,Mercedes-Benz
Volkswagen Golf GTI 5DR Sunroof (COE till 09/2030),2010,138000,86800,Volkswagen
Hyundai Sonata VIII 2.0A GLS Sunroof,2016,119000,44777,Hyundai
SEAT Leon Sport Tourer 1.0A TSI Style,2017,112000,68800,SEAT
Mazda 2 HB 1.5A Deluxe,2018,71200,60800,Mazda
Porsche Boxster S 3.4A Tip (COE till 02/2028),2008,110000,105800,Porsche
Peugeot 5008 1.6A Puretech EAT8 Active,2019,117000,102888,Peugeot
Mitsubishi Outlander 2.4A Sunroof,2015,90000,35888,Mitsubishi
Mitsubishi Lancer EX 1.6A,2016,51000,46800,Mitsubishi
Toyota Alphard Hybrid 2.5A S Executive Lounge,2023,68,478988,Toyota
Toyota Harrier Turbo 2.0A M,2020,39908,152800,Toyota
Citroen Berlingo 1.5A BlueHDi,2021,40120,69999,Citroen
Audi S4 3.0A TFSI Quattro S-tronic (COE till 02/2026),2011,180000,35000,Audi
Kia Cerato K3 1.6A,2016,90510,43888,Kia
Hyundai Kona 1.0M T-GDi,2018,62119,62800,Hyundai
Mercedes-Benz C-Class C180 Avantgarde,2021,23000,169800,Mercedes-Benz
Honda Shuttle Hybrid 1.5A,2021,33100,125800,Honda
BMW 4 Series 420i Gran Coupe,2019,68973,138800,BMW
Lexus ES250 Executive Sunroof,2020,65300,181800,Lexus
Honda Vezel 1.5A G Honda Sensing,2021,40000,129500,Honda
Mitsubishi Outlander 2.0A,2019,98568,100800,Mitsubishi
Toyota Corolla Altis 1.6A Standard,2021,40600,126800,Toyota
Nissan Kicks e-POWER Hybrid 1.2A Premium,2021,88200,112800,Nissan
Toyota Previa 2.4A Aeras Moonroof,2017,90000,96800,Toyota
BMW X1 sDrive20i M-Sport,2020,31000,162800,BMW
Isuzu NHR85A,2017,97253,53800,Isuzu
Toyota Vellfire 2.5A Z G-Edition,2018,75000,188788,Toyota
Porsche 911 GT3 4.0A PDK,2023,880,1150800,Porsche
BMW X1 sDrive18i xLine,2021,10600,171800,BMW
Honda Jazz 1.3A,2018,83464,62800,Honda
Honda Vezel Hybrid 1.5A e:HEV X Honda Sensing,2023,100,170800,Honda
Mercedes-Benz C-Class C180 Avantgarde,2019,54000,144800,Mercedes-Benz
Toyota Corolla Altis 1.6A (COE till 10/2030),2010,144000,74000,Toyota
Audi Q3 1.4A TFSI S-tronic,2017,108998,92800,Audi
Subaru XV 2.0i-S EyeSight,2018,91000,81800,Subaru
Mercedes-Benz E-Class E180 Avantgarde,2020,47600,179800,Mercedes-Benz
Honda Civic 1.8A VTi-S (COE till 03/2026),2006,168000,31800,Honda
Toyota Raize 1.0A X,2021,48500,109800,Toyota
Audi Q3 1.4A TFSI S-tronic,2016,153000,54800,Audi
BMW 5 Series 535i Gran Turismo Sunroof (COE till 01/2031),2011,129000,112800,BMW
Nissan Sylphy 1.5A (COE till 06/2030),2010,108000,65500,Nissan
Audi A5 Sportback Mild Hybrid 2.0A TFSI S-tronic,2021,24000,179800,Audi
Honda Civic 1.6A VTi,2017,90000,67800,Honda
BMW 1 Series 116d,2018,65000,93800,BMW
BMW 3 Series 330e Plug-in Hybrid Luxury,2021,33300,191800,BMW
Mazda 2 HB 1.5A Deluxe,2020,42000,85800,Mazda
Ferrari 812 Superfast,2021,1688,1620000,Ferrari
Mercedes-Benz GLA-Class GLA180,2019,48000,118000,Mercedes-Benz
Mercedes-Benz E-Class E200 Exclusive,2018,81000,153333,Mercedes-Benz
Land Rover Defender 110 Mild Hybrid 3.0A P400,2022,21000,388888,Land Rover
Toyota Vios 1.5A E,2021,33889,102800,Toyota
Toyota Hiace 2.0A DX,2022,13000,90800,Toyota
Hyundai i30 1.4A T-GDi DCT Turbo,2018,82000,73800,Hyundai
Toyota Corolla Altis 1.6A Elegance,2018,59996,76800,Toyota
Bentley Bentayga 4.0A V8 Centenary Edition,2020,29000,658800,Bentley
Porsche Macan Turbo 3.6A PDK,2015,45000,180800,Porsche
Honda Civic Type-R 2.0M (COE till 11/2027),2007,50000,95800,Honda
Land Rover Discovery Sport Diesel 2.0A HSE 7-Seater,2017,109881,112388,Land Rover
Honda Freed Hybrid 1.5A G,2018,70000,91111,Honda
BMW X1 sDrive18i xLine,2022,7000,179800,BMW
SEAT Ateca 1.4A TSI Xcellence,2020,62000,131800,SEAT
Volkswagen Jetta 1.4A TSI Trendline,2016,82000,53800,Volkswagen
BMW 2 Series 218i Convertible Sport,2017,11400,122800,BMW
Mercedes-Benz CLA-Class CLA200 AMG Line,2021,41923,176800,Mercedes-Benz
Honda Integra Type R 2.0M (COE till 06/2026),2006,240000,90999,Honda
Volvo V40 Cross Country Diesel D2 Moonroof,2014,54000,23500,Volvo
Mercedes-Benz CLA-Class CLA180 Urban,2017,107000,75800,Mercedes-Benz
Nissan GTR 3.8A (COE till 04/2029),2009,86820,250800,Nissan
Volkswagen Golf 1.4A TSI,2016,126000,39800,Volkswagen
Volvo S60 T2,2017,88000,63777,Volvo
BMW 1 Series 116d,2016,69000,54800,BMW
Mercedes-Benz GLC-Class GLC250 4MATIC,2018,75800,154800,Mercedes-Benz
Honda Stream 1.8A X (COE till 07/2028),2008,118700,56800,Honda
BMW M3 Convertible (COE till 11/2031),2012,168000,149900,BMW
Audi Q2 1.0A TFSI S-tronic,2018,71000,93111,Audi
BMW X5 xDrive35i 7-Seater,2016,107000,116000,BMW
Honda N-Van Turbo Style Fun Honda Sensing,2022,17630,78800,Honda
Honda Jazz 1.5A RS,2016,95000,47777,Honda
BMW 2 Series 216i Gran Tourer,2017,128000,74800,BMW
Mercedes-Benz S-Class S320L,2019,40000,260000,Mercedes-Benz
BMW X5 xDrive35i 7-Seater Sunroof,2015,91600,98800,BMW
Isuzu NHR87A,2018,80000,58800,Isuzu
Audi R8 Coupe 5.2A FSI S-tronic,2021,16000,558788,Audi
BMW 1 Series 116d,2017,90000,70888,BMW
Honda Civic Type-R 2.0M (COE till 06/2028),2008,155000,101800,Honda
Toyota Corolla Altis 1.6A Classic,2016,170000,42800,Toyota
Volvo S90 T6 Inscription Sunroof,2017,106500,101000,Volvo
Honda Fit Shuttle 1.5A,2014,82500,23500,Honda
Toyota Sienta 1.5A (COE till 08/2026),2006,172372,36800,Toyota
Honda Freed Hybrid 1.5A G 7-Seater Honda Sensing,2019,73412,101800,Honda
Mercedes-Benz V-Class V250d,2016,128000,125800,Mercedes-Benz
Ford Mustang 5.0A GT,2020,14000,255800,Ford
Toyota Hiace 3.0M DX,2017,76000,43800,Toyota
Honda Odyssey 2.4A EXV-S Navi Res Sunroof,2016,135000,71000,Honda
BMW X4 xDrive20i,2019,98000,172800,BMW
Jaguar F-PACE 2.0A R-Sport Sunroof,2019,76590,154888,Jaguar
Honda Vezel 1.5A S,2016,116000,41800,Honda
Honda Civic 1.6A VTi,2017,79240,61800,Honda
Hyundai Avante 1.6A Elite Sunroof,2020,34000,113800,Hyundai
Honda HR-V 1.5A LX,2016,77000,52800,Honda
Toyota Harrier 2.0A Elegance Panoramic Roof,2015,86000,40800,Toyota
MINI Cooper Cabriolet 1.5A,2018,48000,108800,MINI
Nissan Qashqai 1.2A DIG-T,2016,109428,36800,Nissan
Honda Vezel 1.5A X,2018,82000,72800,Honda
Audi A6 1.8A TFSI Ultra,2018,55200,111800,Audi
Opel Grandland X 1.2A Turbo Innovation Premium,2021,61000,109800,Opel
Volvo S60 Mild Hybrid B4 2.0A R-Design,2021,33416,184888,Volvo
Toyota Vellfire 2.5A Elegance Moonroof,2019,48000,194800,Toyota
Subaru Forester 2.0i-L Sunroof,2017,123000,61800,Subaru
BMW 2 Series 225xe Plug-in Hybrid Active Tourer iPerformance M-Sport,2019,35865,139800,BMW
Lexus RX Turbo RX200t Luxury Sunroof,2016,176000,98000,Lexus
Porsche 911 GT3 RS,2023,50,1488800,Porsche
Maserati Levante Diesel 3.0A,2017,31500,199800,Maserati
BMW X6 xDrive35i Sunroof,2016,115200,133800,BMW
Subaru Levorg 1.6A GT-S,2016,116000,50800,Subaru
BMW 5 Series 520i M-Sport,2018,119000,148800,BMW
Kia Seltos 1.4A SX Sunroof,2021,12000,135800,Kia
Mitsubishi Outlander 2.4A Sunroof,2016,110000,48800,Mitsubishi
BMW 5 Series 520i M-Sport,2018,110000,137888,BMW
BMW 4 Series 420i Convertible M-Sport,2015,108000,74800,BMW
Lexus IS250 Executive,2015,99003,60800,Lexus
Citroen C4 Picasso Diesel 1.6A BlueHDi,2016,99000,40888,Citroen
Honda N-Van Turbo Style Fun Honda Sensing,2023,3500,86800,Honda
Volkswagen Sportsvan 1.4A Highline Sunroof,2015,119000,43777,Volkswagen
Hyundai Accent 1.4A,2019,58000,74888,Hyundai
Volkswagen Sharan 2.0A TSI Sunroof,2016,92199,61800,Volkswagen
Mercedes-Benz CLA-Class CLA180,2015,87000,58800,Mercedes-Benz
Volkswagen Golf GTI 5DR (COE till 04/2029),2001,39000,68800,Volkswagen
Mitsubishi Outlander 2.4A Sunroof,2016,127000,45800,Mitsubishi
Mazda 3 1.5A Sunroof,2017,83000,49800,Mazda
Honda HR-V 1.5A LX,2015,93000,32000,Honda
Subaru Levorg 1.6A GT-S,2016,160000,53800,Subaru
Toyota Alphard 2.5A S C-Package Moonroof,2018,55000,168000,Toyota
BMW 5 Series 523i (COE till 09/2030),2010,150000,98800,BMW
Honda Shuttle Hybrid 1.5A,2018,60000,73800,Honda
BMW M2 Coupe Competition,2020,31032,305800,BMW
BMW 2 Series 216i Gran Tourer,2018,82981,105800,BMW
Mercedes-Benz E-Class E200K (COE till 06/2028),2008,169000,48800,Mercedes-Benz
Honda Freed 1.5A G,2021,22000,134800,Honda
Suzuki Vitara 1.6A GLX Sunroof,2017,86482,67800,Suzuki
Mercedes-Benz Vito 111L (COE till 03/2028),2008,165000,42800,Mercedes-Benz
Toyota Alphard 2.5A S C-Package Moonroof,2022,34000,283777,Toyota
Audi S5 Cabriolet 3.0A TFSI Quattro,2015,62000,102777,Audi
Honda Shuttle 1.5A G Honda Sensing,2021,38903,108800,Honda
Land Rover Range Rover Sport 3.0A Supercharged 7-Seater,2017,136350,228800,Land Rover
Mercedes-Benz S-Class S300L Sunroof (COE till 08/2030),2010,135000,96000,Mercedes-Benz
Mercedes-Benz M-Class ML400 4MATIC,2015,175000,95800,Mercedes-Benz
Toyota Dyna 150 3.0M,2015,39000,35000,Toyota
BMW 2 Series 216i Gran Tourer,2018,87700,99800,BMW
Toyota Hiace 3.0M,2019,111800,64800,Toyota
Toyota Sienta Hybrid 1.5A X,2021,33196,127800,Toyota
Jaguar F-Type 2.0A Coupe,2023,5000,459800,Jaguar
Land Rover Discovery Sport Mild Hybrid 2.0A SE R Dynamic 7-Seater,2020,69000,192777,Land Rover
Land Rover Range Rover Evoque Mild Hybrid 2.0A R-Dynamic SE Sunroof,2023,10000,295800,Land Rover
Toyota Harrier 2.0A Elegance,2016,93000,54800,Toyota
Toyota Wish 1.8A X,2017,100000,69800,Toyota
Porsche Panamera 3.6A PDK (COE till 04/2031),2011,128500,155000,Porsche
Mercedes-Benz E-Class E300 Coupe AMG Line,2018,58000,169000,Mercedes-Benz
Toyota Harrier 2.0A Premium Panoramic Roof,2017,87820,81969,Toyota
Volvo XC60 Mild Hybrid B5 R-Design,2022,46000,219777,Volvo
Jaguar F-PACE 5.0A SVR,2023,6000,498800,Jaguar
Nissan Sylphy 1.6A,2019,83240,86800,Nissan
Toyota Camry Hybrid 2.5A Standard,2022,33255,164800,Toyota
Subaru XV 2.0i-S EyeSight,2020,35000,113800,Subaru
Toyota Harrier 2.0A Premium Panoramic Roof,2017,78952,81800,Toyota
Skoda Superb 2.0A TSI Ambition Plus,2018,75000,95800,Skoda
Jaguar XJ 2.0A TSS Premium Luxury LWB Sunroof,2016,136000,110000,Jaguar
Toyota Noah Hybrid 1.8A X,2018,94000,135800,Toyota
Rolls-Royce Ghost 6.75A,2022,3000,1558000,Rolls-Royce
Suzuki Spacia Base GF,2023,1,80800,Suzuki
Nissan Cabstar 3.0M,2014,170285,18800,Nissan
Kia Cerato 1.6A SX Sunroof,2019,67000,84800,Kia
Nissan NV200 Vanette 1.6A DX,2021,9281,71800,Nissan
Lexus NX Turbo NX200t Luxury Sunroof,2016,86000,82800,Lexus
Mercedes-Benz E-Class E400 Avantgarde,2015,128000,72888,Mercedes-Benz
Lexus ES Hybrid ES300h Luxury Sunroof,2014,172000,36000,Lexus
Mitsubishi Fuso Fighter FM65 (COE till 08/2031),2011,133000,115800,Mitsubishi
Toyota C-HR Hybrid 1.8A G,2017,103900,74800,Toyota
Mercedes-Benz E-Class E200 AMG Edition E,2015,40000,73888,Mercedes-Benz
Kia Cerato K3 1.6A SX Sunroof,2018,150000,66800,Kia
Nissan NV200 1.6A,2021,44530,72800,Nissan
Toyota Dyna 150 3.0M,2017,122100,60800,Toyota
Audi SQ5 3.0A TFSI Quattro,2016,100000,113888,Audi
Honda Civic 1.5A VTEC Turbo Sunroof,2016,73675,64800,Honda
Honda Civic 1.6A VTi,2016,71000,57999,Honda
Kia Stonic 1.0T,2021,16641,109800,Kia
BMW 4 Series 420i Gran Coupe,2017,64900,105999,BMW
BMW 2 Series 218i Coupe Sport Sunroof,2019,23800,124800,BMW
Infiniti Q30 Diesel 1.5A T Premium,2018,60626,78888,Infiniti
Mazda 3 HB 1.5A Deluxe Sunroof,2017,30200,69800,Mazda
Hyundai Tucson 1.6A GLS T-GDi DCT Turbo S,2019,75000,105800,Hyundai
Hyundai i30 1.4A T-GDi DCT Turbo,2020,50000,103800,Hyundai
Nissan NV350 2.5A,2018,80000,65800,Nissan
Honda Jazz Hybrid 1.5A e-HEV Luxe,2022,7380,136800,Honda
Toyota Previa 2.4A (COE till 08/2030),2010,156552,89800,Toyota
Porsche Panamera 3.6A PDK (COE till 03/2029),2011,156000,110000,Porsche
Volkswagen Golf 1.4A TSI (New 5-yr COE),2014,112000,71800,Volkswagen
Ferrari FF (COE till 01/2031),2011,24000,488000,Ferrari
BMW 5 Series 520i,2019,104000,148800,BMW
Toyota Corolla Altis 1.6A Elegance,2019,109000,101800,Toyota
Nissan Qashqai 1.2A DIG-T,2016,95000,44800,Nissan
BMW 2 Series 216d Active Tourer,2017,59000,68888,BMW
Toyota Harrier Turbo 2.0A G Panoramic Roof,2017,112000,101800,Toyota
Honda City 1.5A SV,2016,43300,44500,Honda
BMW X4 xDrive20i xLine Sunroof,2018,59000,175800,BMW
Toyota C-HR Hybrid 1.8A G,2017,98000,75800,Toyota
Ferrari F430 F1 Spider (New 10-yr COE),2006,51500,430000,Ferrari
Kia Cerato 1.6A LX,2019,42119,85800,Kia
Toyota Dyna 150 3.0M,2019,62189,86800,Toyota
Honda Shuttle 1.5A G Honda Sensing,2021,26000,105800,Honda
BMW Z4 sDrive35i (COE till 11/2030),2011,183000,113800,BMW
Mercedes-Benz GLE-Class GLE400 Coupe AMG Line 4MATIC,2017,94837,149999,Mercedes-Benz
BMW 4 Series 430i Gran Coupe M-Sport Pro Sunroof,2022,15990,286800,BMW
Toyota Dyna 150 3.0M (COE till 07/2028),2013,117000,56800,Toyota
Mercedes-Benz 300CE (COE till 01/2029),1990,317450,85000,Mercedes-Benz
Mazda MX-5 Roadster 2.0A RHT (COE till 11/2027),2007,160000,50800,Mazda
Toyota Hiace 3.0M,2020,35000,82800,Toyota
Ferrari F8 Tributo,2021,2000,1228000,Ferrari
Honda Jazz 1.3A,2019,53000,80000,Honda
Mazda 5 2.0A Sunroof,2016,30588,53800,Mazda
Honda Vezel 1.5A X,2017,57600,57800,Honda
MINI One 1.5A,2021,28753,136888,MINI
BMW 1 Series 116i M-Sport,2022,15688,160888,BMW
Mercedes-Benz C-Class C180K (COE till 05/2031),2011,125000,88888,Mercedes-Benz
BMW 5 Series 520i Sunroof,2015,140000,54888,BMW
Toyota Prius Plus Hybrid 1.8A,2021,89000,133888,Toyota
Mercedes-Benz E-Class E200K (COE till 03/2029),2009,172000,65800,Mercedes-Benz
Toyota Harrier Turbo 2.0A M,2020,30930,149988,Toyota
Toyota Wish 2.0A (COE till 01/2030),2010,153300,78800,Toyota
BMW M2 Coupe,2017,119000,180800,BMW
Mercedes-Benz C-Class C180 Mild Hybrid AMG Line,2022,15400,229800,Mercedes-Benz
Honda CR-V 2.4A Sunroof,2014,109000,35800,Honda
Honda Civic 1.6A VTi,2016,84000,57800,Honda
Mercedes-Benz GLA-Class GLA200 AMG Line,2020,60000,144800,Mercedes-Benz
Nissan Qashqai 1.2A DIG-T,2017,89000,54800,Nissan
BMW 7 Series 730Li (COE till 03/2027),2007,121000,59800,BMW
Volvo V40 Diesel D2,2015,120000,21700,Volvo
MINI One 1.2A 5DR,2015,98000,40000,MINI
Lexus ES250 Luxury Sunroof,2017,92000,88800,Lexus
Honda Jazz 1.3A,2018,90950,70300,Honda
Porsche Macan Turbo 3.6A PDK,2015,69000,180000,Porsche
Kia Cerato K3 1.6A SX Sunroof,2015,97000,34100,Kia
Volkswagen Scirocco 1.4A TSI (COE till 08/2030),2010,141000,72888,Volkswagen
Toyota Vios 1.5A E,2020,18875,92800,Toyota
Porsche Cayenne 3.6A (COE till 10/2031),2011,70000,148888,Porsche
Toyota Yaris Cross Hybrid 1.5A X,2022,25000,146800,Toyota
MINI One 1.5A 5DR,2022,10902,150800,MINI
Toyota Vellfire 2.5A Elegance Moonroof,2020,39000,226800,Toyota
Mitsubishi Space Star 1.2A (OPC),2020,6413,68000,Mitsubishi
Nissan NV200 1.5M,2018,30600,50800,Nissan
Honda Odyssey 2.4A Absolute Plus 20th Anniversary,2015,93200,61800,Honda
Hyundai Elantra 1.6A GLS,2018,77200,71800,Hyundai
Toyota Wish 1.8A,2017,118621,70800,Toyota
Mercedes-Benz SLK-Class SLK200K (COE till 05/2029),2009,123511,79800,Mercedes-Benz
MINI Cooper S 2.0A,2014,150000,32000,MINI
Subaru WRX STI 2.5M,2015,74000,59500,Subaru
Mazda 3 Mild Hybrid 1.5A Elegance Sunroof,2021,65000,117800,Mazda
Volvo XC60 T5 Momentum,2020,89000,159888,Volvo
Infiniti Q60 Coupe 3.0T,2017,39000,148800,Infiniti
Mercedes-Benz CLA-Class CLA200 AMG Line (New 5-yr COE),2014,135235,82588,Mercedes-Benz
Nissan GTR 3.8A (COE till 06/2028),2008,90000,269888,Nissan
Honda CR-V 2.0A (COE till 09/2028),2008,130000,59777,Honda
Toyota Wish 1.8A Elegance,2017,109000,79777,Toyota
Kia Cerato Forte Koup 1.6M SX Sunroof (COE till 06/2025),2010,174500,21888,Kia
Mercedes-Benz C-Class C200 Coupe AMG Line,2016,113000,87800,Mercedes-Benz
Volkswagen Beetle 1.2A TSI,2015,72580,35800,Volkswagen
Ford Mustang 2.3A Ecoboost,2020,36720,238000,Ford
Volkswagen Scirocco 1.4A TSI Sunroof (COE till 05/2030),2010,150000,72800,Volkswagen
BMW i8 Coupe,2016,30500,299800,BMW
Nissan Qashqai 1.2A DIG-T,2016,95000,48300,Nissan
Volkswagen Golf 1.4A TSI Highline Sunroof,2019,35000,97300,Volkswagen
BMW 7 Series 730i Sunroof,2016,140000,119800,BMW
Honda Civic Type-R 2.0M (COE till 03/2029),2009,120300,150800,Honda
Porsche Cayman GTS 3.4A PDK,2015,95000,215888,Porsche
Kia Cerato K3 1.6A,2018,101005,65800,Kia
Mercedes-Benz GLC-Class GLC300 Coupe AMG Line 4MATIC,2021,35000,259800,Mercedes-Benz
Toyota Estima 2.4A Aeras G-Edition (COE till 12/2030),2010,148000,107888,Toyota
Mitsubishi Attrage 1.2A,2017,100000,54888,Mitsubishi
BMW 3 Series 325i Coupe Sunroof (COE till 09/2031),2011,80585,99888,BMW
Subaru Impreza WRX-S 5D 2.5M (COE till 10/2028),2008,170000,70888,Subaru
Toyota Prius Hybrid 1.8A E,2023,88,175800,Toyota
Mercedes-Benz A-Class A45 S AMG 4MATIC+ Plus,2021,3480,315800,Mercedes-Benz
BMW 5 Series 535i (COE till 09/2030),2010,82000,134800,BMW
BMW Z4 sDrive23i (COE till 09/2030),2010,95000,105300,BMW
Toyota Harrier Turbo 2.0A G Panoramic Roof,2017,138000,96468,Toyota
Rolls-Royce Ghost (COE till 03/2033),2013,70000,588000,Rolls-Royce
McLaren 12C (COE till 08/2031),2013,69000,358888,McLaren
Lamborghini Gallardo LP560-4 (COE till 10/2031),2011,58000,322366,Lamborghini
BMW Z4 sDrive30i M-Sport,2019,28300,199800,BMW
Toyota Prius C Hybrid 1.5A (COE till 02/2032),2012,155000,88888,Toyota
BMW 2 Series 216i Gran Tourer,2017,119000,81800,BMW
Rolls-Royce Silver Shadow (COE till 12/2030),2010,43000,128000,Rolls-Royce
Audi A5 Coupe 2.0A TFSI Quattro (COE till 08/2030),2010,167000,88800,Audi
Mercedes-Benz S-Class S350L (COE till 08/2028),2008,165215,64800,Mercedes-Benz
Chevrolet Orlando 1.4A Turbo,2017,73500,58800,Chevrolet
Citroen C3 Aircross 1.2A PureTech Shine,2019,44000,110800,Citroen
Mazda 6 2.0A,2017,96000,76888,Mazda
Mercedes-Benz A-Class A200 AMG Line,2018,49879,111800,Mercedes-Benz
Nissan Kicks e-POWER Hybrid 1.2A Premium Plus,2021,49085,118800,Nissan
Chevrolet Cruze 1.6A,2017,99000,52000,Chevrolet
Audi A4 1.8A TFSI MU Attraction,2015,98000,45388,Audi
Maserati GranTurismo Cambiocorsa (COE till 02/2029),2009,67000,118800,Maserati
Honda Civic Type-R 2.0M VTEC Turbo GT,2017,67000,138800,Honda
Porsche 911 Carrera S Coupe 3.0M Sunroof,2022,3368,810777,Porsche
Honda Vezel 1.5A X (OPC),2019,25000,77800,Honda
Honda Freed Hybrid 1.5A G Honda Sensing,2018,73508,93800,Honda
Mercedes-Benz GLC-Class GLC250 4MATIC,2019,65000,175800,Mercedes-Benz
BMW X5 xDrive35i 7-Seater (COE till 01/2029),2009,93800,78777,BMW
Toyota Estima 2.4A Aeras Premium Moonroof,2016,86000,72800,Toyota
BMW X1 sDrive18i,2018,130000,102800,BMW
Mercedes-Benz SLK-Class SLK200K (COE till 11/2028),2008,117000,68800,Mercedes-Benz
BMW 5 Series 523i (COE till 07/2030),2010,180000,95800,BMW
Porsche Panamera Turbo 4.8A PDK Sunroof (COE till 05/2030),2010,183000,177777,Porsche
Peugeot 3008 Diesel 1.6A e-HDi ETG,2015,125000,26888,Peugeot
Volvo V40 T2 R-Design Sunroof,2016,112000,54888,Volvo
Volkswagen New Beetle 1.6A (COE till 10/2029),2009,120000,57888,Volkswagen
Mazda 3 1.5A Sunroof,2017,103000,59800,Mazda
Volkswagen Passat 1.8A TFSI,2019,66000,107800,Volkswagen
Toyota Sienta 1.5A G,2020,48000,107800,Toyota
Honda Vezel Hybrid 1.5A X,2016,105000,53888,Honda
Mercedes-Benz CLA-Class CLA180 Sport,2018,82878,101300,Mercedes-Benz
Nissan X-Trail 2.0A 7-Seater Sunroof,2015,121000,41888,Nissan
BMW 5 Series 530i Luxury,2017,154000,122888,BMW
Porsche Panamera 2.9A PDK,2023,38,528800,Porsche
Porsche 911 Turbo Coupe 3.8A PDK (COE till 01/2031),2011,97000,371800,Porsche
BMW 4 Series 420i Coupe M-Sport,2023,6000,257800,BMW
Audi A5 Sportback Mild Hybrid 2.0A TFSI S-tronic,2023,4392,221888,Audi
Mercedes-Benz A-Class A180 Style,2017,82000,79888,Mercedes-Benz
Toyota Alphard 2.5A S C-Package Moonroof,2019,75820,205000,Toyota
Mitsubishi Attrage 1.2A,2019,78000,63800,Mitsubishi
BMW 2 Series Active Tourer 218i Sport,2021,29000,154800,BMW
Opel Grandland X 1.2A Turbo Innovation Premium,2021,39700,110800,Opel
Toyota Sienta 1.5A G,2017,84000,61800,Toyota
Mercedes-Benz E-Class E200 (COE till 09/2033),2013,102400,165000,Mercedes-Benz
Mercedes-Benz E-Class E250,2015,92000,55000,Mercedes-Benz
Honda Accord 2.4A (COE till 12/2024),2009,178000,14000,Honda
Subaru Forester 2.0A XT Sunroof,2015,39000,46500,Subaru
Toyota Dyna 150 3.0M,2019,61950,84800,Toyota
Mercedes-Benz A-Class Saloon A200 AMG Line,2020,42000,147800,Mercedes-Benz
Mercedes-Benz A-Class Saloon A200 Sport,2021,4800,173800,Mercedes-Benz
Mercedes-Benz C-Class C300 Coupe,2017,108000,131800,Mercedes-Benz
Infiniti Q50 2.0A T Sensory With ProActive,2020,21000,128800,Infiniti
Mercedes-Benz GLC-Class GLC200,2020,65000,200999,Mercedes-Benz
BMW 2 Series 216d Gran Tourer Luxury,2016,121000,57800,BMW
Toyota Sienta Hybrid 1.5A G (OPC),2017,40000,69800,Toyota
Toyota Corolla Altis 1.6A Elegance,2017,54988,64800,Toyota
Toyota Yaris Cross 1.5A XB,2023,13000,129000,Toyota
Toyota Rav4 2.0A Premium,2018,60000,107800,Toyota
Mercedes-Benz S-Class S450L Mild Hybrid,2022,30000,450000,Mercedes-Benz
Honda Shuttle Hybrid 1.5A,2018,49000,82000,Honda
Honda Jazz 1.5A,2016,99594,44800,Honda
Nissan X-Trail 2.0A 7-Seater Sunroof,2015,120000,45800,Nissan
Lexus UX200 Executive,2019,48000,135800,Lexus
Mercedes-Benz CLA-Class CLA180 Urban,2017,118000,86500,Mercedes-Benz
Mazda 6 2.0A Executive,2019,39300,97800,Mazda
Subaru XV 1.6A,2014,98000,21800,Subaru
Lexus RX300 Executive,2022,9900,265800,Lexus
Toyota Camry 2.5A,2017,121140,75800,Toyota
Mitsubishi Fuso Canter FEB21 (New 5-yr COE),2014,63000,61800,Mitsubishi
BMW 7 Series 740Li Sunroof (COE till 07/2030),2010,127000,91800,BMW
Honda Civic 1.5A VTEC Turbo Sunroof,2019,72401,105800,Honda
Porsche 718 Cayman GT4 RS 4.0A PDK,2022,14000,978800,Porsche
Mitsubishi Lancer EX 1.6A,2016,77500,41800,Mitsubishi
Mercedes-Benz C-Class C180K (COE till 09/2031),2011,130000,98800,Mercedes-Benz
Mazda 3 1.5A Sunroof,2017,90250,57800,Mazda
Audi A5 Sportback Mild Hybrid 2.0A TFSI S-tronic,2020,53000,159900,Audi
Volvo XC40 T4 Momentum,2019,38200,138800,Volvo
Mercedes-Benz A-Class Saloon A35 AMG 4MATIC,2022,15600,264888,Mercedes-Benz
Toyota Corolla Altis 1.6A Elegance,2021,56268,121800,Toyota
Honda Fit 1.3A G F-Package,2019,78956,83800,Honda
Volkswagen Polo 1.0A TSI Comfortline,2019,72000,80800,Volkswagen
Mercedes-Benz E-Class E200 CGI Cabriolet (COE till 12/2030),2010,138888,97288,Mercedes-Benz
Honda Fit 1.3A GF,2020,64000,79800,Honda
Toyota Voxy 2.0A X,2015,150000,50000,Toyota
BMW 5 Series 535i M-Sport Sunroof (COE till 08/2030),2010,220000,116800,BMW
Mercedes-Benz C-Class C200 Avantgarde,2017,110000,97800,Mercedes-Benz
Hyundai Elantra 1.6A GLS,2018,87000,72500,Hyundai
Porsche Cayman R 3.4A PDK (COE till 12/2031),2012,63500,220000,Porsche
MINI Cooper 1.5A 5DR,2015,90000,45000,MINI
Mercedes-Benz A-Class A180 Progressive,2022,19000,168803,Mercedes-Benz
Toyota Voxy 2.0A X (COE till 08/2028),2008,128000,65800,Toyota
Mitsubishi Fuso Canter FEB21,2021,39830,108800,Mitsubishi
Toyota Sienta 1.5A Standard,2019,105000,92800,Toyota
Mazda 5 2.0A Sunroof,2018,95000,75500,Mazda
Hyundai Elantra 1.6A GLS S,2017,65692,59800,Hyundai
Mitsubishi Lancer 1.6M GLX Sports (COE till 12/2028),2008,150000,62888,Mitsubishi
Nissan NV200 1.6A DX,2016,126500,30800,Nissan
Maserati GranTurismo 4.2A (COE till 03/2032),2012,86000,158800,Maserati
Toyota Camry Hybrid 2.5A G Toyota Safety Sense,2018,60500,104800,Toyota
Porsche Macan 2.0A PDK (New 10-yr COE),2015,140666,230800,Porsche
Honda Civic SIR EK4 (COE till 04/2029),1999,284526,105800,Honda
Hyundai Ioniq Hybrid 1.6A DCT Sunroof,2017,80133,57300,Hyundai
Land Rover Discovery Sport 2.0A Si4 SE 7-Seater,2016,86300,78500,Land Rover
Nissan Qashqai 1.2A DIG-T Premium,2017,110000,50800,Nissan
BMW X3 sDrive20i Sunroof,2016,111000,85777,BMW
Audi A5 Coupe 2.0A TFSI Quattro (COE till 06/2030),2010,162000,134000,Audi
Citroen DS4 Crossback Diesel 1.6A BlueHDi,2017,97000,55800,Citroen
Porsche 911 Carrera S Cabriolet 3.8A PDK (COE till 10/2031),2012,143201,340500,Porsche
MINI One 1.5A 5DR,2021,30000,125800,MINI
Honda Fit 1.3A,2022,20000,106800,Honda
BMW 3 Series 316i (New 5-yr COE),2014,120000,79800,BMW
Mazda 6 2.0A,2016,38900,53000,Mazda
Toyota Alphard Hybrid 2.5A X,2022,29000,272800,Toyota
Mazda CX-3 2.0A Deluxe,2019,40000,89800,Mazda
MINI Cooper Cabriolet 1.6A (COE till 11/2029),2009,93000,66800,MINI
Ford Focus HB 1.6A Titanium,2016,75235,47000,Ford
Toyota Century Hybrid 5.0A,2021,7700,614800,Toyota
Toyota Alphard 2.5A S C-Package Moonroof,2023,150,285000,Toyota
Subaru Forester 2.0i-L Sunroof,2018,72500,83800,Subaru
Citroen Grand C4 Picasso Diesel 1.6A BlueHDi Panoramic Roof,2017,104000,55200,Citroen
Nissan Cabstar 3.0M,2015,119056,27800,Nissan
Mercedes-Benz S-Class S320L,2017,82000,168300,Mercedes-Benz
Mercedes-Benz GLB-Class GLB200 AMG Line,2023,68,248800,Mercedes-Benz
Opel Grandland X 1.2A Turbo Innovation Premium,2018,120000,84800,Opel
Nissan NV200 1.6A DX,2019,52277,59800,Nissan
Honda Odyssey 2.4A EX-S 8-Seater,2017,90154,82800,Honda
BMW 3 Series 318i M-Sport,2022,28000,195800,BMW
BMW 2 Series 216d Gran Tourer Luxury,2016,118000,66800,BMW
Mercedes-Benz C-Class C200 Exclusive,2016,118000,78800,Mercedes-Benz
Audi A5 Sportback 1.8A TFSI MU (COE till 09/2030),2010,149000,96800,Audi
Toyota Harrier Turbo 2.0A G Panoramic Roof,2017,95000,92800,Toyota
Hyundai Elantra 1.6A GLS,2017,84000,56800,Hyundai
Mazda 6 2.0A Executive,2020,67785,109800,Mazda
Hyundai Elantra 1.6A GLS Elite,2018,99000,76000,Hyundai
Suzuki Swift 1.0A Turbo GLX,2019,62764,73500,Suzuki
BMW 5 Series 528i (COE till 02/2032),2012,120000,190000,BMW
Audi A5 Sportback 2.0A TFSI S-tronic Design,2017,91000,95800,Audi
Volvo S80 T5,2015,106000,46500,Volvo
Mercedes-Benz E-Class E200 CGI Cabriolet (COE till 06/2030),2010,159000,93800,Mercedes-Benz
Land Rover Range Rover Mild Hybrid 3.0A LWB Sunroof,2023,50,716800,Land Rover
Honda CR-Z Hybrid 1.5A (COE till 07/2026),2011,129000,33888,Honda
Mazda 3 1.5A Sunroof,2015,131500,26900,Mazda
Volvo XC90 V8 (COE till 09/2028),2008,146000,67500,Volvo
Volkswagen Scirocco 1.4A TSI (COE till 08/2026),2011,245000,36800,Volkswagen
Toyota Vellfire 2.5A X,2019,128000,176000,Toyota
Opel Crossland 1.2A X Turbo,2019,88000,73800,Opel
Kia Cerato 1.6A LX,2019,52000,81800,Kia
Mazda 6 2.0A Executive,2019,44000,102800,Mazda
Toyota C-HR Hybrid 1.8A S,2019,42300,107800,Toyota
Toyota Dyna 150 3.0A,2019,82448,89800,Toyota
Renault Kadjar Diesel 1.5A dCi BOSE Edition Sunroof,2017,141000,58800,Renault
Toyota Wish 1.8A,2016,76800,57800,Toyota
Porsche Cayenne 3.0A Tip Panoramic Roof,2019,52000,306000,Porsche
Subaru XV 1.6i-S,2017,63750,70800,Subaru
Nissan Note 1.2A,2019,80000,71800,Nissan
Volkswagen Sharan 2.0A TSI Sunroof,2020,46900,155000,Volkswagen
Audi Q5 2.0A TFSI Quattro (COE till 10/2029),2009,110000,90800,Audi
Honda Civic 1.5A VTEC Turbo Sunroof,2016,115000,62800,Honda
Toyota C-HR 1.2A Turbo Active,2020,42678,108200,Toyota
Subaru Impreza WRX 2.5M (COE till 07/2027),2007,156638,52800,Subaru
Jaguar XE Diesel 2.0A Prestige,2017,120000,70800,Jaguar
Volkswagen Golf 1.4A TSI,2015,139000,32800,Volkswagen
Nissan NV200 1.5M,2015,170000,17800,Nissan
BMW X6 xDrive35i (COE till 11/2032),2013,79000,178000,BMW
Toyota Corolla Altis 1.6A Elegance,2015,94345,32500,Toyota
Toyota Corolla Altis 1.6A Elegance,2014,82000,21822,Toyota
Toyota Dyna 150 3.0M,2017,154000,56500,Toyota
Mazda 3 1.5A Deluxe Sunroof,2017,75000,58800,Mazda
BMW 2 Series 216d Gran Tourer Luxury,2015,110000,46800,BMW
Nissan Qashqai 1.2A DIG-T,2017,83000,63800,Nissan
Mercedes-Benz C-Class C180K (COE till 11/2031),2011,123500,92800,Mercedes-Benz
Renault Grand Scenic Diesel 1.5A dCi Sunroof,2019,54000,92800,Renault
BMW 2 Series 216i Gran Tourer Luxury,2018,93000,92500,BMW
Porsche 718 Cayman 2.0A PDK,2019,62000,272800,Porsche
Mercedes-Benz B-Class B200 Chrome (New 5-yr COE),2013,160000,67800,Mercedes-Benz
Nissan Sylphy 1.6A,2021,42000,103800,Nissan
BMW 5 Series 523i (COE till 04/2031),2011,145000,92888,BMW
BMW X4 xDrive28i Sunroof,2015,98000,82000,BMW
Toyota Sienta 1.5A G,2022,5400,129800,Toyota
BMW M2 Coupe,2016,52000,139800,BMW
Porsche 911 Carrera 3.0A,2021,18000,580000,Porsche
BMW 4 Series 430i Gran Coupe M-Sport Pro Sunroof,2023,1000,323800,BMW
Toyota Wish 1.8A,2016,88100,57800,Toyota
Volvo V60 T5 R-Design,2020,72000,188000,Volvo
Land Rover Range Rover Velar 3.0A Si6 HSE Dynamic,2017,39000,193800,Land Rover
Porsche 718 Cayman 2.0A PDK,2019,48000,284800,Porsche
Land Rover Range Rover Evoque 2.0A 5DR,2017,21000,120800,Land Rover
Mercedes-Benz CLA-Class CLA180 Urban,2018,85125,104800,Mercedes-Benz
Opel Meriva 1.4A Turbo,2016,102000,41800,Opel
MINI John Cooper Works Clubman 2.0A,2020,43000,195800,MINI
Ferrari Portofino 3.9A,2020,18000,838800,Ferrari
Mitsubishi Eclipse Cross 1.5A,2019,41000,104800,Mitsubishi
Audi A3 Sedan 1.4A TFSI S-tronic Attraction,2016,118000,49800,Audi
BMW M135i 5DR,2015,101000,70800,BMW
Mercedes-Benz A-Class A250 Sport,2017,97000,103000,Mercedes-Benz
Ford Ranger Raptor Double-Cab 2.0A EcoBlue,2020,34800,175000,Ford
Mercedes-Benz GLA-Class GLA180,2019,64800,122800,Mercedes-Benz
Toyota Sienta 1.5A G,2021,48000,118800,Toyota
Toyota Sienta 1.5A G,2016,62613,52888,Toyota
Audi A4 1.8A TFSI MU (COE till 02/2031),2011,110000,94800,Audi
Honda Vezel 1.5A X,2015,98700,24488,Honda
Honda HR-V Hybrid 1.5A HX e:HEV,2023,7738,173800,Honda
Mercedes-Benz C-Class C200 AMG Line,2017,94000,113800,Mercedes-Benz
Skoda Kamiq 1.5A TSI Style,2021,36888,140800,Skoda
Mercedes-Benz CLA-Class CLA180,2016,111000,65888,Mercedes-Benz
BMW 6 Series 650i Cabriolet (COE till 10/2031),2012,60000,162000,BMW
Mercedes-Benz E-Class E300 Cabriolet AMG Line,2019,70000,210500,Mercedes-Benz
Toyota Vios 1.5A G,2019,6357,81800,Toyota
Nissan Qashqai 1.2A DIG-T,2016,157000,34600,Nissan
Mercedes-Benz SLK-Class SLK250 (COE till 06/2033),2013,110000,167800,Mercedes-Benz
Nissan X-Trail 2.0A 7-Seater Sunroof,2018,93500,84800,Nissan
Volkswagen Jetta GP 1.4A TSI Highline,2017,100000,60888,Volkswagen
Volkswagen Golf 1.4A TSI EQP 40th Anniversary Sunroof,2015,73500,23888,Volkswagen
Mercedes-Benz S-Class S320L,2018,116000,210888,Mercedes-Benz
Audi A4 Mild Hybrid 2.0A TFSI S-tronic,2021,25190,162800,Audi
Subaru Forester 2.0A XT Sunroof,2016,133500,63999,Subaru
BMW 1 Series 118i 5DR M-Sport,2019,61000,122800,BMW
Opel Grandland X 1.2A Turbo Innovation Premium,2018,81500,82999,Opel
Mercedes-Benz C-Class C180K (COE till 12/2027),2008,89000,76800,Mercedes-Benz
BMW 3 Series 318i Highline Sport,2021,42000,175800,BMW
Kia Cerato K3 1.6A EX,2016,116388,37999,Kia
Mercedes-Benz CLA-Class CLA180 (New 10-yr COE),2014,115345,133800,Mercedes-Benz
BMW 7 Series 730Li Sunroof,2018,71800,173800,BMW
Toyota Camry 2.0A,2016,49000,50700,Toyota
Opel Crossland 1.2A X Turbo,2019,57800,74800,Opel
Mitsubishi Attrage 1.2A,2020,53000,78800,Mitsubishi
Mercedes-Benz CLA-Class CLA45 S AMG 4MATIC+ Plus,2021,39000,307800,Mercedes-Benz
Mercedes-Benz GLA-Class GLA180 Urban Edition,2019,65257,118800,Mercedes-Benz
Hyundai Elantra 1.6A Elite,2016,89000,44800,Hyundai
Mitsubishi Fuso Canter FEB21,2018,139016,79800,Mitsubishi
Toyota Dyna 150 3.0M,2015,168173,36800,Toyota
Toyota Harrier 2.0A Elegance Panoramic Roof,2017,65270,93888,Toyota
Toyota Prius Hybrid 1.8A S,2021,32279,140800,Toyota
Land Rover Discovery Sport 2.0A Si4 SE 7-Seater,2016,85000,80800,Land Rover
Volvo S60 T2,2018,101200,85800,Volvo
Toyota Hiace Commuter 3.0A High Roof,2020,38076,153600,Toyota
Subaru Impreza S204 (COE till 02/2029),2009,178443,95800,Subaru
Toyota Corolla Altis 1.6A Elegance,2017,93000,60800,Toyota
Toyota Vios 1.5A E,2020,33445,95800,Toyota
Ford Mondeo HB 1.5A GTDI Titanium,2016,140000,45800,Ford
Toyota Prius Hybrid 1.8A S,2018,66788,91800,Toyota
Mitsubishi Fuso Fighter FM65,2022,11873,206800,Mitsubishi
Land Rover Defender 90,2023,14000,288800,Land Rover
Toyota Vellfire 2.5A Z G-Edition Moonroof,2016,87000,113999,Toyota
BMW 2 Series 218i Coupe Sunroof,2018,106000,91800,BMW
Kia Cerato K3 1.6A EX,2015,90000,36800,Kia
Honda Jazz 1.3A (OPC),2019,70000,69999,Honda
BMW 1 Series 116i M-Sport,2023,11600,162800,BMW
Bentley Continental GT 4.0A V8 (COE till 01/2033),2013,23000,329777,Bentley
Honda Vezel 1.5A X,2018,72678,85800,Honda
Nissan NV200 Vanette 1.6A DX,2020,52000,65800,Nissan
Audi Q5 2.0A TFSI Quattro,2015,146200,68888,Audi
Mitsubishi Lancer EX 1.6A,2016,133000,38800,Mitsubishi
Mercedes-Benz S-Class S320L,2017,90500,162800,Mercedes-Benz
Mazda 3 1.5A Sunroof,2016,128000,47800,Mazda
Mitsubishi Fuso Canter FEB71,2016,138000,50800,Mitsubishi
Maserati Ghibli 3.0A Sunroof (New 10-yr COE),2014,102000,219000,Maserati
Mercedes-Benz E-Class E300e Plug-in Hybrid AMG Line Premium Plus Night Edition,2021,26000,243800,Mercedes-Benz
Volkswagen Golf GTI 5DR Sunroof,2017,97000,93800,Volkswagen
Nissan NV200 1.6A,2020,78000,63800,Nissan
Subaru Forester 2.0i-L Sunroof,2017,110000,57999,Subaru
Mitsubishi Outlander 2.4A Sunroof,2015,98580,37888,Mitsubishi
Mercedes-Benz CLA-Class CLA200,2016,120000,68800,Mercedes-Benz
BMW 6 Series 630i Gran Turismo M-Sport Sunroof,2020,53000,210800,BMW
Hyundai i30 1.6A Sunroof (COE till 04/2028),2008,120000,47888,Hyundai
Subaru Forester 2.0A XT Sunroof,2015,112600,37800,Subaru
Nissan Qashqai 1.2A DIG-T Premium (OPC),2018,57439,65888,Nissan
Volvo S80 T5,2015,90000,44888,Volvo
Volkswagen Tiguan 2.0A R-Line 380 TSI,2017,103000,101800,Volkswagen
Mercedes-Benz GLA-Class GLA200 Sport,2023,4800,219800,Mercedes-Benz
BMW 5 Series 535i Sunroof (COE till 02/2030),2010,180000,108800,BMW
Porsche Macan 2.0A PDK,2020,43200,289800,Porsche
Volvo V40 T2 R-Design Sunroof,2018,58100,89800,Volvo
Honda Shuttle Hybrid 1.5A,2021,36262,125800,Honda
Volkswagen Sharan 2.0A TSI Panoramic Roof,2017,114000,89800,Volkswagen
Honda Accord 2.0A (COE till 09/2030),2010,155052,74800,Honda
Toyota Harrier 2.0A Premium Panoramic Roof Style Mauve,2016,92000,69800,Toyota
Honda Vezel 1.5A X,2016,131000,42000,Honda
Toyota C-HR Hybrid 1.8A S,2021,38216,130800,Toyota
Audi A1 Sportback 1.0A TFSI S-tronic S-Line,2020,44000,124300,Audi
Mazda CX-3 2.0A Standard,2019,53000,86800,Mazda
Mercedes-Benz SLK-Class SLK200 (COE till 10/2031),2011,152000,110888,Mercedes-Benz
Volkswagen Beetle Cabriolet 1.2A TSI,2019,52000,106800,Volkswagen
Mercedes-Benz S-Class S320L,2017,81300,166800,Mercedes-Benz
Porsche Cayenne 3.0A Tip Sunroof,2018,65000,298800,Porsche
Kia Optima K5 2.4A Sunroof,2014,156000,25800,Kia
Toyota Sienta Hybrid 1.5A Elegance,2022,23139,149800,Toyota
Hyundai Avante 1.6A GLS S,2020,93000,96800,Hyundai
Honda Vezel Hybrid 1.5A X,2017,94000,52800,Honda
Mazda 5 2.0A Sunroof,2017,82000,70800,Mazda
Mercedes-Benz S-Class S450L Mild Hybrid,2022,6000,479000,Mercedes-Benz
Mercedes-Benz A-Class A45 AMG 4MATIC,2017,89989,137800,Mercedes-Benz
Toyota Vios 1.5A E,2016,107150,41800,Toyota
Porsche Boxster 2.7A (COE till 07/2028),2008,139000,88800,Porsche
Mercedes-Benz CLA-Class CLA200 Shooting Brake Urban,2017,78500,89800,Mercedes-Benz
Mercedes-Benz E-Class E200 Mild Hybrid AMG Line Premium,2021,47000,233800,Mercedes-Benz
Isuzu NPR85,2022,8,123800,Isuzu
Volvo XC60 T6 R-Design Panoramic Roof,2017,145888,126800,Volvo
Mercedes Benz GLA-Class GLA180 Urban Edition,2016,80000,58800,Mercedes-Benz
Toyota C-HR Hybrid 1.8A S,2018,63375,77800,Toyota
Volvo V40 T4 Momentum,2019,78800,94999,Volvo
Mazda 3 1.5A Deluxe Sunroof,2014,105000,19588,Mazda
Toyota Harrier 2.0A Premium Panoramic Roof,2016,105831,71800,Toyota
BMW 5 Series 523i (COE till 07/2030),2010,130000,101800,BMW
Hyundai Venue 1.6A GLS S,2020,40000,94800,Hyundai
Mazda 3 1.5A,2016,146000,41800,Mazda
Audi A3 Sportback 1.0A TFSI S-tronic,2020,73201,118300,Audi
Toyota Sienta Hybrid 1.5A X LED,2020,68000,116800,Toyota
BMW 5 Series 530i M-Sport,2017,60400,127800,BMW
Lexus NX Turbo NX300 Luxury Moonroof,2020,79600,176800,Lexus
Jaguar E-PACE 2.0A Prestige,2019,46300,134800,Jaguar
BMW 8 Series 840i Coupe,2022,10000,458800,BMW
Kia Cerato 1.6A LX,2020,45000,93888,Kia
Porsche Panamera Diesel 3.0A Tip (COE till 03/2033),2013,123000,181800,Porsche
Mazda CX-3 2.0A Deluxe Sunroof,2016,89000,56800,Mazda
MINI Cooper 1.5A,2018,60000,99800,MINI
BMW 2 Series 216d Active Tourer,2016,120000,54800,BMW
Peugeot 308 SW 1.2A PureTech Allure,2017,58269,59999,Peugeot
Mazda 6 2.0A HB (COE till 02/2028),2008,127146,46888,Mazda
BMW X2 sDrive20i M-Sport X,2018,43000,120800,BMW
Mercedes-Benz CLA-Class CLA180 AMG Line Sunroof,2018,118000,106880,Mercedes-Benz
Mercedes-Benz S-Class S320L,2019,60900,250800,Mercedes-Benz
Mercedes-Benz GLA-Class GLA180 Urban Edition,2017,53000,86800,Mercedes-Benz
Honda Civic 1.8A VTi-S (COE till 11/2028),2008,123151,66800,Honda
Mercedes-Benz A-Class A200 Style,2017,104000,66800,Mercedes-Benz
Toyota Prius Plus Hybrid 1.8A,2018,68738,97800,Toyota
Toyota Wish 1.8A,2018,85553,77800,Toyota
Honda Civic 1.6A VTi,2018,51887,86800,Honda
BMW X1 sDrive20i,2016,97800,67000,BMW
Honda Mobilio 1.5A RS i-VTEC Luxe,2015,90000,38888,Honda
Toyota Estima Hybrid 2.4A X Moonroof (COE till 11/2027),2008,160000,66800,Toyota
Kia Stonic Mild Hybrid 1.0A EX,2022,7500,118800,Kia
Audi A3 Sedan 1.4A TFSI Ambiente,2016,131178,46800,Audi
Honda Jazz 1.5M RS,2018,139966,68888,Honda
Mercedes-Benz A-Class A180 Style,2022,10399,165800,Mercedes-Benz
Volvo V40 Cross Country Diesel D2 Moonroof,2014,70800,21700,Volvo
Toyota Sienta 1.5A Standard,2020,37002,110888,Toyota
Volkswagen Tiguan 2.0A TSI R-Line,2022,6863,197800,Volkswagen
Nissan NV350 2.5M,2016,126000,29800,Nissan
Toyota Wish 1.8A,2016,105326,52888,Toyota
Toyota Corolla Altis 1.6A (COE till 08/2025),2010,180000,22800,Toyota
Toyota Prius Hybrid 1.8A S,2021,33294,140800,Toyota
Volvo XC60 T6 (COE till 12/2030),2010,143541,83800,Volvo
Audi A3 Sedan 1.0A TFSI S-tronic,2017,125000,60800,Audi
Mercedes-Benz C-Class C180 Avantgarde,2018,101300,111800,Mercedes-Benz
Honda N-Box,2023,9,151800,Honda
Toyota Vios 1.5A G,2019,58000,85800,Toyota
Mitsubishi Attrage 1.2A,2016,90000,34800,Mitsubishi
Honda Vezel Hybrid 1.5A X,2016,101419,48800,Honda
Mercedes-Benz E-Class E250 Avantgarde (COE till 05/2031),2011,118000,95800,Mercedes-Benz
Honda Freed 1.5A G 7-Seater (COE till 04/2029),2009,135459,71800,Honda
Audi Q2 1.0A TFSI S-tronic,2019,82000,117000,Audi
Honda Odyssey Hybrid 2.0A Absolute,2017,72000,88800,Honda
Renault Grand Scenic Diesel 1.5A dCi Sunroof,2016,101338,57800,Renault
Mercedes-Benz CLA-Class CLA220 AMG Line Sunroof,2015,114000,53500,Mercedes-Benz
Honda Vezel 1.5A X Honda Sensing,2017,87000,71800,Honda
Hyundai Avante 1.6A (COE till 05/2029),2010,95000,54300,Hyundai
Mercedes-Benz E-Class E200 Edition E,2015,175857,63800,Mercedes-Benz
Honda Shuttle 1.5A G,2017,85000,59800,Honda
Peugeot 508 1.6A Turbo Allure Plus,2016,123500,49500,Peugeot
Toyota Sienta 1.5A Standard,2018,77000,81800,Toyota
Mercedes-Benz B-Class B200 Progressive,2019,70000,122129,Mercedes-Benz
Porsche 911 GT3 3.8A (New 10-yr COE),2015,40000,599800,Porsche
Porsche Cayman S 3.4A (COE till 08/2028),2008,80000,108888,Porsche
Toyota Hiace 2.0A DX,2021,13168,83800,Toyota
Mercedes-Benz E-Class E250 (COE till 03/2033),2013,65888,152888,Mercedes-Benz
Toyota Harrier 2.0A Premium Panoramic Roof,2016,75000,63800,Toyota
Honda Jazz 1.3A,2016,97125,39800,Honda
BMW 1 Series 116i Luxury,2021,53000,139800,BMW
Honda Vezel 1.5A X,2015,95500,33800,Honda
Mercedes-Benz E-Class E200 Avantgarde,2018,65000,139800,Mercedes-Benz
Volkswagen Golf 1.2A TSI,2017,108800,56800,Volkswagen
Toyota Harrier Turbo 2.0A G Panoramic Roof,2017,87980,96900,Toyota
Mercedes-Benz A-Class A45 AMG 4MATIC (New 10-yr COE),2014,93459,195000,Mercedes-Benz
BMW 4 Series 428i Gran Coupe M-Sport Sunroof,2015,128891,62800,BMW
Infiniti Q50 2.0A T,2016,79000,49500,Infiniti
Toyota Alphard Hybrid 2.5A SR C-Package Moonroof,2023,9,365800,Toyota
Porsche 911 Carrera 4S 3.8A PDK (New 10-yr COE),2013,50300,428800,Porsche
Jaguar XE 2.0A,2015,140000,57800,Jaguar
Toyota Estima 2.4A G (COE till 06/2030),2010,118004,96888,Toyota
Honda Jazz 1.5A RS,2016,78000,42860,Honda
Honda Civic 1.5A VTEC Turbo Sunroof,2017,88000,68300,Honda
Toyota Camry 2.0A (COE till 04/2029),2009,143818,65000,Toyota
Suzuki Swift Sport 1.6M (COE till 02/2028),2008,136000,66800,Suzuki
Skoda Octavia Mild Hybrid 1.5A TSI e-TEC Ambition,2023,19000,159800,Skoda
Honda Fit Hybrid 1.5A,2019,100000,76800,Honda
Volkswagen Golf R 5DR,2014,69000,60800,Volkswagen
Honda Civic HB 1.0A VTEC Turbo SE,2017,76000,74800,Honda
Mercedes-Benz GLB-Class GLB200 AMG Line Premium,2021,48000,195800,Mercedes-Benz
BMW 5 Series 523i (COE till 02/2031),2011,136000,97888,BMW
Honda Freed Hybrid 1.5A G,2021,43000,141800,Honda
Hyundai Elantra 1.6A,2016,115000,41800,Hyundai
Honda Shuttle 1.5A G Honda Sensing,2021,30000,107800,Honda
Porsche Cayenne S Coupe 2.9A,2020,42600,488000,Porsche
BMW X2 sDrive18i M-Sport X,2019,25974,125500,BMW
MINI One 1.5A 5DR,2018,55000,85888,MINI
BMW 2 Series 216i Gran Tourer,2018,101000,91888,BMW
Toyota Alphard 2.5A S C-Package Moonroof,2021,59600,265333,Toyota
Toyota Vellfire 2.4A Z Golden Eyes II (New 10-yr COE),2014,108000,169800,Toyota
Mercedes-Benz C-Class C200 Mild Hybrid AMG Line,2023,80,275988,Mercedes-Benz
Porsche 911 Carrera S Cabriolet 3.0A PDK,2020,20000,598800,Porsche
Hyundai TL Tucson 2.0A GLS,2016,93584,54500,Hyundai
Mercedes-Benz S-Class S400L Hybrid AMG Line,2017,83000,212800,Mercedes-Benz
Subaru Impreza 4D 1.6i-S,2015,97800,30800,Subaru
BMW 2 Series 216d Active Tourer,2016,127000,48000,BMW
Mazda 3 1.5A,2016,136777,38800,Mazda
Mazda 5 2.0A SP Sunroof,2015,95222,37800,Mazda
Mercedes-Benz E-Class E200 Avantgarde,2017,124342,125800,Mercedes-Benz
Mercedes-Benz GLC-Class GLC300 Mild Hybrid 4MATIC,2023,4500,323000,Mercedes-Benz
Toyota Voxy Hybrid 1.8A V,2017,66000,90700,Toyota
BMW 6 Series 640i Gran Coupe Sunroof (COE till 10/2032),2012,121000,182800,BMW
Mazda CX-5 2.0A Premium,2016,88000,56800,Mazda
Honda Civic 2.0A (COE till 03/2028),2008,216000,73000,Honda
Nissan Qashqai 1.2A DIG-T,2017,95000,60800,Nissan
Porsche Macan 2.0A PDK,2023,9000,359000,Porsche
Rolls-Royce Cullinan 6.75A,2022,13500,1750000,Rolls-Royce
Toyota Prius Plus Hybrid 1.8A,2020,72830,172911,Toyota
Toyota Previa 2.4A Aeras Moonroof,2017,128000,108800,Toyota
Mercedes-Benz C-Class C200 Coupe AMG Line,2016,85000,96000,Mercedes-Benz
BMW 3 Series 320i (COE till 04/2032),2012,170000,128000,BMW
Toyota 86 2.0A High Grade (COE till 06/2031),2012,158000,126666,Toyota
Volkswagen Passat 2.0A TSI R-Line,2016,103500,82900,Volkswagen
Toyota Fortuner 2.7A (COE till 03/2030),2010,151588,91800,Toyota
Mazda 3 Mild Hybrid 1.5A Astina Sunroof,2022,26687,134800,Mazda
Hyundai i45 2.4A Sunroof (COE till 08/2030),2010,162000,80800,Hyundai
Volkswagen Passat 2.0A FSI (COE till 05/2026),2006,169000,34000,Volkswagen
Toyota Esquire 2.0A Xi,2015,109000,52800,Toyota
BMW 5 Series 523i (COE till 08/2030),2010,126000,88888,BMW
BMW X4 xDrive20i,2019,73000,170800,BMW
McLaren GT 4.0 V8,2023,1000,1168000,McLaren
MINI Cooper D 1.5A 5DR,2016,109000,59800,MINI
Mercedes-Benz C-Class C200 Avantgarde,2015,73000,63800,Mercedes-Benz
Mercedes-Benz A-Class A180 Style,2016,106000,56800,Mercedes-Benz
Audi A3 Sedan 1.0A TFSI S-tronic,2017,103000,73000,Audi
BMW M3 Coupe Competition Package (COE till 06/2031),2011,103000,158800,BMW
Mercedes-Benz GLC-Class GLC250 4MATIC Sunroof,2016,106000,99800,Mercedes-Benz
Porsche Macan S 3.0A PDK,2015,67100,125500,Porsche
Porsche 911 GT3 Club Sport (COE till 04/2027),2007,96900,375000,Porsche
Toyota Supra MK-iii 2.0M Turbo (COE till 01/2033),2023,195000,90000,Toyota
MINI Cooper S 2.0A,2016,98000,78366,MINI
Porsche 911 Carrera S Cabriolet 3.8A PDK (COE till 05/2032),2012,77000,379800,Porsche
BMW 4 Series 420i Convertible M-Sport,2014,113000,53000,BMW
Ferrari 458 Italia (COE till 01/2031),2011,63000,475500,Ferrari
Ferrari Portofino M 3.9A,2023,20,1198000,Ferrari
Rolls-Royce Wraith 6.6A (New 10-yr COE),2014,8500,950000,Rolls-Royce
Honda Fit 1.3A G (COE till 08/2024),2009,140000,17800,Honda
MINI Cooper S 1.6A Sunroof (COE till 07/2030),2010,146000,73800,MINI
MINI Cooper S Clubman 1.6A Sunroof (COE till 01/2031),2011,95000,98800,MINI
Mitsubishi Evolution 10 GSR SST (COE till 11/2027),2008,110000,113800,Mitsubishi
Toyota Estima 2.4A Aeras Premium Moonroof,2014,101600,29800,Toyota
Audi Q5 Mild Hybrid 2.0A TFSI Quattro S-tronic,2021,28277,230800,Audi
Porsche Macan 2.0A PDK,2022,9800,352888,Porsche
BMW X3 sDrive20i M-Sport,2020,61888,214388,BMW
Honda Vezel Hybrid 1.5A X,2019,54758,92800,Honda
Volkswagen Golf 1.4A TSI Sunroof,2015,125000,26800,Volkswagen
Toyota Yaris Cross 1.5A G,2021,57000,113968,Toyota
Hyundai i30 1.6A (COE till 09/2024),2009,193348,11800,Hyundai
BMW M3 Sedan Competition Package (COE till 09/2031),2021,48740,298800,BMW
Mazda CX-5 2.0A Premium,2017,77000,78500,Mazda
Honda Vezel 1.5A X,2015,97500,23800,Honda
Porsche Panamera G2 3.0A PDK,2019,95959,340340,Porsche
Mercedes-Benz A-Class A35 AMG 4MATIC Premium Plus,2019,72000,175800,Mercedes-Benz
Nissan Sylphy 1.6A,2016,95000,39800,Nissan
Mercedes-Benz A-Class A35 AMG 4MATIC Premium Plus,2022,5000,246800,Mercedes-Benz
BMW 5 Series 530e Plug-in Hybrid,2018,58585,150150,BMW
MINI One Clubman 1.5A,2022,22000,169900,MINI
Toyota Sienta 1.5A Standard,2018,50000,78800,Toyota
MINI Cooper D 1.5A 5DR,2017,50500,76999,MINI
Honda Vezel 1.5A G,2022,30000,126888,Honda
Honda Civic 1.6A VTi,2018,75413,73800,Honda
Honda Vezel 1.5A X,2015,130000,27800,Honda
Hyundai Elantra 1.6A GLS (OPC),2018,60000,56900,Hyundai
Suzuki Jimny Sierra 1.5A JC,2021,28633,144500,Suzuki
Mercedes-Benz C-Class C200 Avantgarde,2014,129000,34800,Mercedes-Benz
Kia Cerato K3 1.6A SX Sunroof,2015,144000,33838,Kia
Honda Freed Hybrid 1.5A G Honda Sensing,2018,71000,89800,Honda
BMW X1 sDrive18i,2018,62000,101800,BMW
Porsche Macan Diesel S 3.0A PDK,2016,154500,124000,Porsche
Audi Q5 2.0A TFSI Quattro S-tronic Sport Panoramic Roof,2017,75000,122800,Audi
Toyota Dyna 150 2.8M,2021,44000,101800,Toyota
Volkswagen Golf 1.4A TSI (New 5-yr COE),2013,122000,65800,Volkswagen
Kia Cerato 1.6A SX Sunroof,2019,63000,83000,Kia
Mercedes-Benz GLA-Class GLA180 Urban Edition,2019,69000,120800,Mercedes-Benz
Hyundai Elantra 1.6A,2015,94000,23388,Hyundai
Suzuki Swift 1.5A GL (COE till 03/2026),2011,147000,29188,Suzuki
Volvo XC60 T5 2.0A,2016,113000,58800,Volvo
Mercedes-Benz 300SL (COE till 03/2029),1991,199000,75800,Mercedes-Benz
MINI Cooper 1.5A 3DR,2016,61335,65000,MINI
Toyota Allion 1.5A (COE till 05/2029),2009,210000,59800,Toyota
Mercedes-Benz GLC-Class GLC250 4MATIC,2019,87992,159800,Mercedes-Benz
MINI John Cooper Works Cabriolet 2.0A,2019,40000,160000,MINI
Hyundai Avante 1.6A S,2022,24000,128800,Hyundai
Mercedes-Benz E-Class E200 Mild Hybrid Sport,2021,71000,210800,Mercedes-Benz
Mitsubishi Attrage 1.2A,2018,75000,54500,Mitsubishi
BMW X1 sDrive18i,2018,79000,99800,BMW
Toyota Wish 1.8A Elegance,2016,88000,56888,Toyota
Subaru Impreza WRX 2.5M (COE till 11/2027),2008,12000,69900,Subaru
Volvo XC40 T5 R-Design,2021,51000,177888,Volvo
Mercedes-Benz GLC-Class GLC250 4MATIC,2017,124063,120988,Mercedes-Benz
Subaru Forester 2.0A XT Sunroof,2016,54000,58000,Subaru
BMW 4 Series 420i Coupe Sunroof (New 10-yr COE),2014,95724,167000,BMW
Volkswagen Sportsvan 1.4A Highline Sunroof,2016,110000,45888,Volkswagen
Toyota Harrier Turbo 2.0A Premium Panoramic Roof,2018,58700,123900,Toyota
Porsche Macan S 3.0A PDK,2016,75000,152000,Porsche
Suzuki Vitara 1.6A GLX,2018,34794,77800,Suzuki
Mercedes-Benz CLA-Class CLA180 AMG Line,2018,77691,103888,Mercedes-Benz
Porsche Macan 2.0A PDK (New 10-yr COE),2015,113000,239000,Porsche
Mazda 3 1.5A,2017,98333,49800,Mazda
Chevrolet Orlando 1.4A Turbo,2016,131000,45800,Chevrolet
Toyota Vios 1.5A G,2019,53300,83800,Toyota
BMW Z4 sDrive23i (COE till 09/2029),2009,91000,89300,BMW
Ford Mustang 5.0A V8 MACH 1 Fastback,2022,2800,359000,Ford
BMW 2 Series 216i Gran Tourer,2020,32100,145000,BMW
BMW M6 Cabriolet (COE till 04/2032),2012,77512,239000,BMW
Chevrolet Corvette Stingray 6.0A Convertible,2023,500,799000,Chevrolet
Citroen C3 Aircross 1.2A PureTech Shine,2019,40200,79800,Citroen
BMW X1 sDrive18i,2018,98000,97800,BMW
Mercedes-Benz C-Class C180 Avantgarde,2019,101899,136788,Mercedes-Benz
Mercedes-Benz GLC-Class GLC200,2018,70000,129800,Mercedes-Benz
Toyota Yaris Cross Hybrid 1.5A Active,2022,53745,138800,Toyota
MINI John Cooper Works 2.0A Sunroof,2015,83300,70800,MINI
BMW 3 Series 320i Sport,2016,123800,70888,BMW
Honda Fit 1.3A,2023,30,125800,Honda
BMW 1 Series 116i Sportline,2022,10000,151888,BMW
Nissan Kicks e-POWER Hybrid 1.2A Premium Plus,2020,40000,113800,Nissan
Mercedes-Benz E-Class E250 Avantgarde,2018,97293,156888,Mercedes-Benz
Honda Jazz 1.5A RS,2017,87000,62800,Honda
Toyota Corolla Altis 1.6A,2015,99000,40800,Toyota
Nissan Kicks e-POWER Hybrid 1.2A Premium,2021,38000,118800,Nissan
Kia Cerato 1.6A LX,2019,76000,75800,Kia
Mercedes-Benz C-Class C200 Coupe AMG Line,2018,68279,131888,Mercedes-Benz
BMW Z4 sDrive23i (COE till 03/2030),2010,150000,96800,BMW
Mercedes-Benz S-Class S320L,2016,56200,160888,Mercedes-Benz
Porsche Cayenne Coupe 3.0A Tip Sunroof,2020,32000,385000,Porsche
Mazda 2 HB 1.5A,2015,82300,25800,Mazda
Mercedes-Benz S-Class S320L,2016,158000,148888,Mercedes-Benz
Mercedes-Benz E-Class E200 AMG Line,2016,102891,119888,Mercedes-Benz
Mercedes-Benz S-Class S320L,2017,117801,156688,Mercedes-Benz
Mercedes-Benz CLA-Class CLA250 AMG Line Sport,2016,110000,75800,Mercedes-Benz
Jaguar F-Type 3.0A S Coupe (New 10-yr COE),2014,100200,239000,Jaguar
Mercedes-Benz S-Class S500L Mild Hybrid AMG Line 4MATIC Premium,2021,18200,469000,Mercedes-Benz
Bentley Mulsanne S 6.75A (New 10-yr COE),2015,42200,699000,Bentley
Ferrari 599 F1 GTB Fiorano (COE till 05/2028),2008,48000,369000,Ferrari
Honda Vezel 1.5A G Honda Sensing,2022,50,133800,Honda
Toyota Vios 1.5A E (OPC) (COE till 06/2029),2009,78000,61800,Toyota
Mercedes-Benz E-Class E200,2015,90000,54800,Mercedes-Benz
Toyota Wish 1.8A X (COE till 10/2029),2009,107000,75888,Toyota
Kia Cerato 1.6A EX,2020,79888,96888,Kia
Toyota Camry 2.5A,2015,129000,44800,Toyota
Mercedes-Benz A-Class A180 (New 10-yr COE),2014,78000,126800,Mercedes-Benz
Mazda 3 1.5A Sunroof,2016,87000,37888,Mazda
Toyota Sienta 1.5A G,2021,31000,117800,Toyota
BMW 3 Series 318i Luxury,2018,69000,111800,BMW
Toyota Harrier 2.0A Elegance,2016,88210,69800,Toyota
Mercedes-Benz E-Class E200 AMG Edition E Sunroof,2016,98600,83800,Mercedes-Benz
Toyota Camry 2.4A (COE till 12/2028),2008,161000,53800,Toyota
Mercedes-Benz GLA-Class GLA180 Urban Edition,2018,57000,109800,Mercedes-Benz
BMW 5 Series 528i M-Sport (COE till 10/2031),2012,171000,126800,BMW
Lamborghini Gallardo LP560-4 (COE till 03/2029),2009,78400,249800,Lamborghini
Kia Stonic Mild Hybrid 1.0A,2021,40500,108800,Kia
Toyota Corolla Altis 1.6A (COE till 12/2029),2010,165000,62800,Toyota
Toyota Estima Hybrid 2.4A X Moonroof (COE till 02/2029),2009,158000,72800,Toyota
BMW 5 Series 530i Luxury,2017,110000,122800,BMW
Suzuki Swift 1.0A Turbo GLX (OPC),2020,34000,84800,Suzuki
Honda Grace Hybrid 1.5A DX,2020,39000,100800,Honda
Mercedes-Benz A-Class A200 AMG Line Premium,2020,87600,145800,Mercedes-Benz
Toyota Harrier Turbo 2.0A G Panoramic Roof,2018,72000,110800,Toyota
Toyota Harrier 2.0A Premium Panoramic Roof,2018,61220,107888,Toyota
Audi Q3 1.4A TFSI S-tronic,2020,59000,155800,Audi
Infiniti Q30 Diesel 1.5A T Premium,2017,77000,66888,Infiniti
Mazda 6 2.0A,2019,73000,91888,Mazda
BMW 4 Series 420i Gran Coupe M-Sport,2018,63000,135800,BMW
Kia Cerato 1.6A EX (OPC),2018,67000,71800,Kia
Nissan Sylphy 1.6A,2016,95030,40388,Nissan
BMW 3 Series 335i Convertible (COE till 08/2030),2010,110000,98888,BMW
Kia Cerato K3 1.6A,2016,112237,40388,Kia
BMW 3 Series 316i Sport (COE till 09/2033),2013,127000,130800,BMW
Land Rover Discovery 2.0A Si4 HSE 7-Seater Sunroof,2020,61500,235800,Land Rover
Honda Jazz 1.5A RS,2015,87200,36988,Honda
Toyota Raize 1.2A G,2023,7000,139800,Toyota
Honda Civic 1.6A VTi,2020,47460,106555,Honda
Audi Q2 1.0A TFSI S-tronic,2017,71324,81800,Audi
Honda HR-V 1.5A DX,2016,103000,53300,Honda
Nissan X-Trail 2.0A Premium 7-Seater Sunroof,2015,76000,43388,Nissan
BMW 5 Series 520i,2020,49999,179800,BMW
Toyota Corolla Axio 1.5A X (COE till 12/2028),2008,163000,54800,Toyota
Nissan Note 1.2A,2018,56600,56800,Nissan
Mazda 3 1.5A Sunroof,2016,126000,35388,Mazda
Porsche Panamera 3.6A PDK (COE till 09/2030),2011,150000,128788,Porsche
Porsche Macan 2.0A PDK,2017,118000,151800,Porsche
Volvo XC60 T6 R-Design Panoramic Roof,2019,32334,176800,Volvo
BMW 5 Series 520i Mild Hybrid,2021,60000,202788,BMW
Toyota Corolla Altis 1.6A Elegance,2017,131760,60800,Toyota
Kia Stinger 2.0A Sunroof,2022,16000,232000,Kia
Nissan Note 1.2A,2019,88902,64800,Nissan
Volkswagen Polo GP 1.2A TSI,2015,131700,21800,Volkswagen
Honda Vezel Hybrid 1.5A X,2017,120000,47000,Honda
Mercedes-Benz Citan 109 CDI Van Extra-Long 2 Seaters,2018,121000,42500,Mercedes-Benz
Kia Cerato K3 1.6A EX (OPC),2016,59000,36800,Kia
Mercedes-Benz C-Class C180 Avantgarde,2017,76388,100800,Mercedes-Benz
Mercedes-Benz S-Class S350L (COE till 04/2029),2009,121000,73800,Mercedes-Benz
Mazda 3 HB 1.5A Deluxe Sunroof,2016,119000,44800,Mazda
Volvo V40 T2,2016,83000,47500,Volvo
Honda Shuttle 1.5A G,2016,88000,44800,Honda
MINI Cooper 1.5A 3DR,2017,84000,76800,MINI
Honda Jazz 1.3A,2019,42340,75555,Honda
Mazda 2 HB 1.5A,2015,124531,28800,Mazda
Peugeot 308 SW 1.2A PureTech Allure Glass Roof,2017,123531,49800,Peugeot
Infiniti Q50 2.0A T,2016,121931,59800,Infiniti
Honda Civic 1.5A VTEC Turbo Sunroof,2016,107339,62800,Honda
Mercedes-Benz E-Class E200 Edition E Sunroof,2016,119410,82300,Mercedes-Benz
Volkswagen Golf 1.4A TSI Sunroof (COE till 04/2029),2010,144033,69800,Volkswagen
Audi TTS Coupe 2.0A TFSI Quattro S-tronic (COE till 04/2029),2009,150700,95800,Audi
Hyundai Avante 1.6A GLS,2019,68000,79300,Hyundai
Subaru XV 2.0i-S EyeSight,2019,78108,87800,Subaru
MINI One 1.6A (COE till 07/2031),2011,77931,73800,MINI
Audi A3 Sedan 1.0A TFSI S-tronic,2019,65987,103800,Audi
BMW 2 Series 216i Gran Coupe Sport,2022,22000,156888,BMW
Volkswagen Tiguan 1.4A TSI Comfortline EQP Panoramic Roof,2018,61261,104800,Volkswagen
Audi A3 Sportback 1.0A TFSI S-tronic,2019,32688,99800,Audi
BMW 3 Series 318i M-Sport,2017,82000,92800,BMW
Mercedes-Benz 350SL (COE till 04/2033),1972,274388,107000,Mercedes-Benz
Mercedes-Benz C-Class C200 Avantgarde,2014,150000,38800,Mercedes-Benz
Mercedes-Benz S-Class S400L,2015,171,111800,Mercedes-Benz
Honda Shuttle 1.5A G Honda Sensing,2022,16800,127800,Honda
BMW 7 Series 730i M-Sport Sunroof,2016,89280,136800,BMW
Hyundai Avante 1.6A (OPC),2020,42300,103800,Hyundai
Kia Cerato K3 1.6A SX,2016,85000,45800,Kia
Mercedes-Benz A-Class A180 Sport Premium,2019,89200,118388,Mercedes-Benz
Volkswagen Tiguan 1.4A TSI Comfortline EQP Panoramic Roof,2017,115848,81888,Volkswagen
Mazda 5 2.0A Sunroof,2016,120000,47800,Mazda
Subaru Forester 2.0i-L Sunroof,2018,66000,80800,Subaru
Mazda 5 2.0A SP Sunroof (OPC),2015,56200,37800,Mazda
BMW 4 Series 430i Convertible M-Sport,2018,107898,153800,BMW
Toyota Alphard 3.5A S C-Package Moonroof,2018,96911,180888,Toyota
Porsche Macan 2.0A (New 10-yr COE),2015,95500,245800,Porsche
Toyota Corolla Altis 1.6A Standard,2021,25000,119000,Toyota
Audi A4 Avant 2.0A TFSI S-tronic,2019,85619,132000,Audi
BMW i3 Electric Range Extender,2017,75621,79800,BMW
Opel Grandland X 1.2A Turbo Innovation Premium,2021,35907,115800,Opel
Subaru Forester 2.0i-L Sunroof,2016,69807,54800,Subaru
Mercedes-Benz CLA-Class CLA180 Urban,2017,96778,83800,Mercedes-Benz
Citroen C4 Picasso Diesel 1.6A BlueHDi,2016,106121,44000,Citroen
Toyota Raize 1.0A XS,2020,51290,98800,Toyota
Mercedes-Benz C-Class C180K (COE till 10/2031),2011,177736,96800,Mercedes-Benz
Mazda 2 HB 1.5A Deluxe,2016,105000,42800,Mazda
Mercedes-Benz GLB-Class GLB35 AMG 4MATIC 7-Seater,2021,51809,247800,Mercedes-Benz
Mazda 5 2.0A Sunroof (OPC),2017,68194,61800,Mazda
Mercedes-Benz A-Class A200 Style,2017,109000,72800,Mercedes-Benz
BMW 4 Series 420i Coupe Sunroof,2018,50000,126800,BMW
Mazda 6 Wagon 2.5A Sunroof,2019,45888,104888,Mazda
BMW 7 Series 740Li Luxury Sunroof,2017,119986,179800,BMW
Toyota Prius Plus Hybrid 1.8A,2018,89480,100800,Toyota
Hyundai Elantra 1.6A GLS S,2018,95000,63800,Hyundai
Citroen C4 Picasso Diesel 1.6A BlueHDi,2016,158000,41800,Citroen
Volkswagen Golf 1.2A TSI,2017,83603,57800,Volkswagen
Kia Cerato 1.6A EX,2020,45442,98800,Kia
Mazda Biante 2.0A,2015,117500,48800,Mazda
Volkswagen Polo 1.0A TSI Comfortline Beats,2019,44000,84800,Volkswagen
Honda Fit 1.3A,2021,23000,102800,Honda
Toyota C-HR 1.2A Turbo Active,2018,53100,79800,Toyota
Chevrolet Orlando 1.4A Turbo,2016,100700,45800,Chevrolet
Nissan Qashqai 1.2A DIG-T Premium,2016,116805,40800,Nissan
Porsche Macan 2.0A PDK,2022,13000,365800,Porsche
Honda Fit 1.3A,2022,26500,105800,Honda
Audi R8 Spyder 4.2A FSI Quattro S-tronic,2014,27277,219999,Audi
Mercedes-Benz C-Class C180 Avantgarde,2015,117000,54800,Mercedes-Benz
Porsche 911 Carrera Coupe 3.0A PDK (COE till 04/2033),2023,9000,600000,Porsche
Mercedes-Benz C-Class C250 CGI Estate	 (COE till 10/2033),2013,89800,165800,Mercedes-Benz
Toyota Crown Athlete 2.5A (COE till 08/2028),2008,138888,118888,Toyota
Toyota Harrier 2.0A Premium Panoramic Roof,2017,82583,80800,Toyota
Mercedes-Benz E-Class E200 CGI (COE till 04/2026),2011,83500,43800,Mercedes-Benz
Volkswagen Tiguan 1.4A TSI Comfortline EQP Panoramic Roof,2018,70000,90800,Volkswagen
Toyota Harrier 2.0A Premium Panoramic Roof,2016,130000,53800,Toyota
Mercedes-Benz A-Class A180 Style,2016,107767,54800,Mercedes-Benz
Maserati Ghibli S 3.0A,2017,93077,189800,Maserati
Volkswagen Jetta 1.4A TSI Trendline,2015,120000,32800,Volkswagen
Nissan NV200 1.6A DX,2019,98000,52800,Nissan
Porsche Panamera 3.6A PDK (COE till 04/2031),2011,172000,140800,Porsche
Mercedes-Benz E-Class E200 Coupe,2018,65000,167800,Mercedes-Benz
MINI Cooper 1.5A,2016,98858,57800,MINI
Toyota Sienta 1.5A Standard,2020,54479,105800,Toyota
Hyundai Accent 1.4A,2019,35000,69800,Hyundai
Honda Fit 1.3A,2021,27000,102800,Honda
Honda Fit 1.3A,2021,28000,102800,Honda
Honda Fit 1.3A,2021,23000,102800,Honda
Honda Fit 1.3A,2021,29000,102800,Honda
Honda Fit 1.3A,2021,32000,102800,Honda
Porsche Panamera Turbo 4.8A PDK (COE till 12/2029),2010,100500,153800,Porsche
Mitsubishi Outlander 2.4A Sunroof,2017,140000,61800,Mitsubishi
Toyota Harrier 2.0A Elegance Panoramic Roof,2016,87000,56800,Toyota
Porsche Cayenne 3.6A Tip (COE till 03/2030),2010,144000,105800,Porsche
Ford Focus Wagon 1.0A GTDI Titanium,2017,81000,54800,Ford
Honda Fit 1.3A,2021,29000,102800,Honda
Porsche Macan 2.0A PDK,2017,125000,177800,Porsche
Subaru Legacy Wagon 2.5A GT Sunroof (COE till 02/2029),2009,147500,72800,Subaru
Volvo V40 Diesel D2,2015,118000,24800,Volvo
Opel Crossland 1.2A X Turbo Innovation,2019,72000,74800,Opel
BMW X5 xDrive40i 7-Seater,2019,20000,259800,BMW
Honda Fit Hybrid 1.5A,2018,58000,72800,Honda
Toyota Corolla Altis 1.6A Classic,2015,98000,38688,Toyota
Honda Vezel 1.5A X,2021,19000,111800,Honda
Honda Civic 1.6A VTi,2018,76500,82800,Honda
BMW 7 Series 730Li Sunroof,2019,104842,195800,BMW
Honda Freed Hybrid 1.5A G 7-Seater,2019,62000,106777,Honda
Volkswagen Scirocco 1.4A TSI (COE till 11/2030),2011,199850,84888,Volkswagen
Toyota Sienta 1.5A X,2016,84000,54800,Toyota
Toyota Vios 1.5A E,2018,72358,68000,Toyota
Audi R8 GT 5.2A FSI Quattro R-tronic (COE till 03/2032),2012,31000,318800,Audi
Citroen Grand C4 Picasso Diesel 1.6A BlueHDi,2015,178500,40800,Citroen
Honda Civic 1.6A VTi,2017,125000,65800,Honda
Isuzu NNR85U,2014,165396,21800,Isuzu
BMW X3 sDrive20i,2018,83598,128500,BMW
BMW i8,2015,32088,196888,BMW
Land Rover Range Rover Velar 2.0A Si4 R-Dynamic HSE Sunroof,2020,31000,236800,Land Rover
BMW 3 Series 318i Luxury,2018,84000,110888,BMW
Ferrari 458 Speciale,2014,43600,870000,Ferrari
Lexus ES250 Luxury Sunroof,2015,87000,70800,Lexus
Honda Civic Type-R 2.0M (COE till 11/2027),2007,276000,86700,Honda
BMW 3 Series 318Ci Coupe (COE till 04/2029),2000,149000,76800,BMW
Kia Stonic 1.0T,2021,26000,110800,Kia
Volkswagen Golf GTI 5DR Sunroof (COE till 02/2027),2007,186240,42888,Volkswagen
Toyota Sienta 1.5A G,2019,80700,95800,Toyota
BMW 3 Series 325i Convertible (COE till 05/2027),2007,113000,55800,BMW
Honda Civic 1.5A VTEC Turbo Sunroof,2016,130000,69800,Honda
BMW 7 Series 730i (COE till 04/2029),1992,286186,118800,BMW
BMW M3 Coupe (New 10-yr COE),1994,100000,328000,BMW
Porsche Panamera 4 3.6A PDK (COE till 01/2031),2011,125000,136800,Porsche
Toyota Hiace 2.8A DX,2020,58000,90800,Toyota
Toyota Alphard Hybrid 2.5A SR C-Package Moonroof,2023,1800,328800,Toyota
Volvo XC90 T5 Momentum,2016,127900,103800,Volvo
Toyota Alphard Hybrid 2.5A X Moonroof,2021,20500,259833,Toyota
Toyota Dyna 150 3.0M,2018,202000,67800,Toyota
MINI One 1.5A 5DR,2018,60000,86000,MINI
Volkswagen Scirocco 1.4A TSI (COE till 12/2030),2011,160000,72800,Volkswagen
Honda City 1.5A i-VTEC (COE till 02/2029),2009,158000,61800,Honda
Porsche Panamera 3.6A PDK (COE till 01/2031),2011,162000,134800,Porsche
Toyota Vellfire 2.5A Z G-Edition Moonroof,2018,85000,186800,Toyota
Kia Cerato 1.6A SX Sunroof,2018,78800,81800,Kia
Mercedes-Benz SL-Class SL400 Roadster AMG Line,2015,90000,133888,Mercedes-Benz
Mercedes-Benz SLK-Class SLK200 (COE till 10/2031),2011,101000,112800,Mercedes-Benz
Porsche 911 Carrera S Coupe 3.0A PDK,2021,16500,688000,Porsche
Isuzu NPR75U,2016,123000,49800,Isuzu
Ferrari Roma S-A Coupe,2022,600,1108000,Ferrari
Mercedes-Benz C-Class C200 Coupe AMG Line,2017,80000,122988,Mercedes-Benz
Volvo C70 T5 Convertible (COE till 04/2027),2007,96000,48800,Volvo
Ferrari California H30 4.3A (COE till 03/2033),2013,47808,438000,Ferrari
Toyota Harrier Turbo 2.0A M,2020,65000,175800,Toyota
Volkswagen Jetta Sport 1.4A TSI  (COE till 01/2032),2012,97800,94800,Volkswagen
Mercedes-Benz E-Class E200 AMG Line,2017,88000,115800,Mercedes-Benz
Mitsubishi Evolution 9 RS2 (COE till 08/2027),2007,8000,188888,Mitsubishi
BMW 3 Series 335i Coupe Sunroof (COE till 09/2031),2011,167000,155800,BMW
Toyota Vellfire 3.5A Z G-Edition (New 10-yr COE),2014,123700,175888,Toyota
Mercedes-Benz S-Class S400L,2015,104000,130800,Mercedes-Benz
Lamborghini Huracan STO,2023,53,1553900,Lamborghini
Toyota Corolla Altis 1.6A (COE till 08/2027),2012,98152,59800,Toyota
Land Rover Discovery Sport 2.0A Si4 HSE 7-Seater Sunroof,2016,72855,94800,Land Rover
Mercedes-Benz B-Class B180 Style,2018,137001,87288,Mercedes-Benz
BMW 7 Series 740Li Sunroof (COE till 05/2030),2010,180000,102000,BMW
Toyota Raize 1.0A X,2021,30000,109800,Toyota
Nissan NV200 1.6A DX,2020,110000,60800,Nissan
Nissan Note 1.2A DIG-S,2016,112000,37000,Nissan
Kia Sorento Diesel 2.2A CRDi GT Line Sunroof,2019,96820,125800,Kia
Hyundai Elantra 1.6A GLS S (OPC),2017,78000,46800,Hyundai
Mercedes-Benz CLA-Class CLA180 AMG Line,2019,75000,121000,Mercedes-Benz
Honda Vezel Hybrid 1.5A e:HEV X,2021,500,149800,Honda
Subaru XV 1.6i-S,2017,87000,61000,Subaru
Mercedes-Benz C-Class C200K (COE till 11/2027),2008,128600,56800,Mercedes-Benz
Honda Freed 1.5A G,2018,69000,96800,Honda
Land Rover Defender 110 2.0A 6-Seater,2022,20800,333800,Land Rover
Honda Freed Hybrid 1.5A G,2018,86000,89800,Honda
Toyota Corolla Altis 1.6A Classic,2016,75000,50800,Toyota
Rolls-Royce Ghost (COE till 06/2032),2012,51000,538800,Rolls-Royce
Mercedes-Benz CLA-Class CLA45 AMG 4MATIC (New 10-yr COE),2014,98000,215800,Mercedes-Benz
BMW M2 Coupe Competition,2020,57889,270800,BMW
Ford Mustang Convertible 5.0A GT,2019,36000,243800,Ford
Land Rover Discovery 4 Diesel 3.0A Sunroof (COE till 03/2033),2013,110468,175800,Land Rover
Nissan Cabstar 3.0M,2016,112000,31500,Nissan
BMW 5 Series 528i,2015,64395,66980,BMW
Porsche 911 Turbo Coupe 3.8A PDK,2021,6000,828000,Porsche
Mazda 3 1.5A,2017,93027,57800,Mazda
Bentley Bentayga 6.0A First Edition,2017,58000,550000,Bentley
Jaguar XE 2.0A Prestige,2021,29391,171800,Jaguar
Jaguar XE 2.0A Prestige,2017,99000,77800,Jaguar
Porsche Cayman 2.9A PDK (COE till 04/2030),2010,110028,145666,Porsche
Honda Fit 1.5A RS (COE till 04/2028),2008,150369,60800,Honda
Mazda 3 HB Mild Hybrid 1.5A Astina Sunroof,2023,15000,152800,Mazda
Toyota Vios 1.5A J (COE till 05/2025),2010,157000,19888,Toyota
Citroen C4 Cactus 1.2A PureTech,2019,76000,76800,Citroen
Chevrolet Cruze 1.6A (COE till 02/2025),2010,103000,13800,Chevrolet
SEAT Leon 1.0A TSI Style Plus,2019,33000,96800,SEAT
Mazda Biante 2.0A,2015,105000,48800,Mazda
Porsche Macan 2.0A PDK (COE till 10/2033),2014,81667,222800,Porsche
Honda Vezel Hybrid 1.5A X,2021,31000,129800,Honda
Ferrari SF90 Stradale Plug-in Hybrid 4.0A,2021,3500,2080000,Ferrari
Lexus LC500 Convertible,2021,14800,558000,Lexus
McLaren 12C (COE till 10/2031),2012,51000,358000,McLaren
Toyota Vios 1.5A J (COE till 11/2027),2007,120886,55800,Toyota
Audi S4 Sedan 3.0A TFSI Quattro Tip,2020,38000,240800,Audi
Nissan Sylphy 1.5A (COE till 03/2029),2009,127074,58800,Nissan
Honda Jazz 1.5A RS,2016,130000,38800,Honda
Honda Shuttle Hybrid 1.5A,2021,30000,127800,Honda
Mazda 5 2.0A Sunroof,2017,66000,62000,Mazda
Toyota Camry 2.4A (COE till 09/2027),2007,162000,40800,Toyota
Toyota Alphard 2.5A S C-Package Moonroof,2021,32000,259800,Toyota
Subaru Forester 2.0A X (COE till 03/2029),2009,128000,66800,Subaru
Isuzu NHR85A,2017,104000,52800,Isuzu
Toyota Alphard 2.4A (COE till 09/2030),2011,133359,113800,Toyota
Mercedes-Benz C-Class C180,2014,122612,29980,Mercedes-Benz
BMW X1 sDrive18i,2017,89771,75000,BMW
Mazda 3 Mild Hybrid 1.5A Astina Sunroof,2021,43000,121800,Mazda
Mitsubishi Space Star 1.2A,2017,47510,45800,Mitsubishi
Lexus NX Turbo NX200t Executive,2017,85000,112288,Lexus
Lexus IS250 (COE till 09/2028),2008,168000,62800,Lexus
Lexus IS Turbo IS200t Executive,2017,130000,85800,Lexus
Toyota Corolla Altis 1.6A Eco,2017,69000,64500,Toyota
Kia Cerato 1.6A LX,2019,66000,87800,Kia
Mazda 6 2.0A Executive,2018,107820,81555,Mazda
BMW 3 Series 318i M-Sport,2023,100,249800,BMW
Porsche Boxster 2.7A PDK (COE till 04/2033),2013,92000,218000,Porsche
Toyota Previa 2.4A Aeras Moonroof,2017,76315,96800,Toyota
Mazda 5 2.0A Sunroof,2014,102000,24800,Mazda
Honda Vezel 1.5A X Honda Sensing,2017,79000,57800,Honda
Lexus IS250 (COE till 07/2030),2010,120000,89788,Lexus
Toyota Sienta 1.5A Elegance,2019,81000,86800,Toyota
Lexus ES250 Executive Sunroof,2018,87000,106800,Lexus
Hyundai Starex 2.5A (COE till 08/2028),2008,243337,45800,Hyundai
Honda Fit 1.3A GF,2019,93000,73800,Honda
MINI Cooper Cabriolet 1.5A,2020,19214,145800,MINI
MINI Cooper S Cabriolet 1.6A Highgate (COE till 04/2033),2013,140000,117777,MINI
Honda Freed 1.5A G (COE till 09/2029),2009,135991,76800,Honda
Honda Accord 2.0A VTi-S,2017,99600,69800,Honda
Audi TTS Coupe 2.0A TFSI Quattro S-tronic (COE till 03/2030),2010,129803,113800,Audi
Honda Freed Plus 1.5A G Welcab,2022,2178,169800,Honda
Volkswagen Polo GP 1.2A TSI Sunroof,2017,121000,51800,Volkswagen
BMW 1 Series 116d,2015,62000,35888,BMW
Kia Sportage 2.0A GT Line,2017,110000,69800,Kia
Volvo S60 T2,2017,108000,78888,Volvo
Ferrari F430 F1 (COE till 02/2029),2009,38000,268333,Ferrari
Porsche Cayenne S 2.9A,2020,70000,455800,Porsche
Audi A6 Mild Hybrid 2.0A TFSI S-tronic Design,2021,17000,211800,Audi
Mercedes-Benz E-Class E300 Coupe Mild Hybrid AMG Line Premium Plus Night Edition,2021,20000,288800,Mercedes-Benz
Maserati Quattroporte 3.0A,2016,114000,158088,Maserati
Mercedes-Benz C-Class C180 (New 10-yr COE),2014,98000,118800,Mercedes-Benz
Honda City 1.5A V,2019,40625,79800,Honda
Peugeot 2008 Active Puretech 1.2A Sunroof,2018,54000,72800,Peugeot
MINI Cooper Cabriolet 1.5A,2017,63000,92800,MINI
BMW 5 Series 530i M-Sport,2019,39000,190800,BMW
Audi A3 Sedan 1.0A TFSI S-tronic,2017,78500,64999,Audi
Porsche Boxster S 3.4A Tip (COE till 08/2028),2008,105000,99800,Porsche
Nissan Sunny 1.6A EX (COE till 06/2029),2009,140000,62800,Nissan
Honda Shuttle 1.5A G,2017,60069,53800,Honda
Audi A4 Avant 2.0A TFSI MU,2016,128000,60800,Audi
Mazda 5 2.0A SP Sunroof,2016,105000,47000,Mazda
Toyota Alphard 2.5A S C-Package Moonroof,2023,88,328800,Toyota
Kia Cerato 1.6A LX,2018,68000,68800,Kia
Mercedes-Benz CLA-Class CLA35 AMG 4MATIC,2021,27000,232888,Mercedes-Benz
BMW 2 Series 216i Active Tourer,2018,89000,95800,BMW
Honda Civic 1.6A VTi,2020,89850,104800,Honda
Kia Sorento Diesel 2.2A CRDi Sunroof,2020,104000,123800,Kia
Toyota GR Yaris 1.6M Circuit Pack,2021,9980,208800,Toyota
BMW Z4 sDrive23i (COE till 04/2029),2009,134000,75000,BMW
Toyota Harrier Turbo 2.0A M,2018,90000,98800,Toyota
BMW 5 Series 520i Sport,2018,88000,119800,BMW
Toyota C-HR Hybrid 1.8A G,2017,58000,67888,Toyota
Toyota Noah Hybrid 1.8A X,2017,45000,105333,Toyota
Honda Odyssey Hybrid 2.0A e-HEV Absolute,2022,30000,225900,Honda
Toyota Alphard 2.5A X 8-Seater,2019,28000,205000,Toyota
Mazda 3 1.5A Sunroof,2017,55300,59900,Mazda
Mercedes-Benz GLB-Class GLB200 AMG Line Premium 7-Seater,2022,40000,210888,Mercedes-Benz
Honda Vezel 1.5A G Honda Sensing,2022,32000,122800,Honda
SEAT Leon Mild Hybrid 1.5A TSI FR,2022,22000,154800,SEAT
Renault Grand Scenic Diesel 1.5A dCi Moonroof (OPC),2018,75000,78800,Renault
Mitsubishi Eclipse Cross 1.5A Sunroof,2019,75323,96888,Mitsubishi
Toyota Camry Hybrid 2.5A Standard,2021,30000,160800,Toyota
Mazda CX-5 2.5A Luxury Sunroof,2015,99000,33800,Mazda
Honda Fit 1.3A G F-Package,2020,55000,91800,Honda
Mercedes-Benz A-Class A250 AMG Line,2019,49000,139800,Mercedes-Benz
Citroen C4 Cactus 1.2A PureTech,2017,146146,50800,Citroen
Toyota Corolla Altis 1.6A Elegance,2021,22000,127800,Toyota
Toyota Raize 1.0A X,2022,21000,112800,Toyota
MINI Cooper S Clubman 2.0A,2022,11000,193999,MINI
Audi Q3 1.4A TFSI S-tronic,2020,29900,155000,Audi
Renault Megane Sedan Diesel 1.5A dCi,2017,120000,49500,Renault
Jaguar XF 2.0A Prestige,2021,35088,173800,Jaguar
Hyundai Tucson 2.0A Sunroof (COE till 03/2025),2010,157000,16500,Hyundai
BMW X1 sDrive20i,2016,122000,67800,BMW
BMW 4 Series 420i Gran Coupe,2016,78000,82800,BMW
Volkswagen Golf 1.4A TSI Sunroof,2017,100994,67300,Volkswagen
Nissan Serena S-Hybrid 2.0A G,2016,139400,67800,Nissan
Honda Fit 1.3A G (COE till 11/2026),2012,115000,38803,Honda
Toyota Harrier Turbo 2.0A G Panoramic Roof,2018,108123,111800,Toyota
Mercedes-Benz E-Class E200 Avantgarde,2020,84173,197800,Mercedes-Benz
Porsche Boxster S 3.4A PDK (COE till 06/2032),2012,90200,239800,Porsche
BMW 2 Series 216d Active Tourer,2017,66373,79000,BMW
Toyota Raize 1.0A XS,2022,40088,110800,Toyota
BMW X1 sDrive18i,2017,92000,77800,BMW
Lexus IS250 F Sport,2014,82000,54800,Lexus
Mercedes-Benz C-Class C180 (New 10-yr COE),2014,141000,117800,Mercedes-Benz
Honda CR-Z Hybrid 1.5A (COE till 05/2025),2010,115000,18500,Honda
Porsche 718 Boxster 2.0A PDK,2018,28000,235800,Porsche
Mercedes-Benz CLA-Class CLA250 Sport,2016,69078,70800,Mercedes-Benz
Mercedes-Benz E-Class E200 CGI (COE till 05/2029),2009,134000,76800,Mercedes-Benz
Porsche 718 Cayman GT4 4.0M,2020,8514,529000,Porsche
Peugeot 5008 Diesel 1.6A BlueHDi EAT6 Sunroof,2016,97236,53800,Peugeot
Volkswagen Jetta Sport 1.4A TSI (COE till 11/2032),2012,131800,95000,Volkswagen
Honda Vezel 1.5A X Honda Sensing,2015,77000,38300,Honda
BMW 3 Series 318i Sport,2015,100000,46800,BMW
Mercedes-Benz GLB-Class GLB200 AMG Line Premium Plus 7-Seater,2020,38000,205800,Mercedes-Benz
Suzuki Ciaz 1.4A GLS,2017,114078,50000,Suzuki
Mazda CX-5 2.5A Luxury Sunroof,2015,83448,46800,Mazda
Honda Civic 1.8A VTi-S (COE till 09/2028),2008,88000,91800,Honda
BMW 6 Series 630i Gran Turismo Luxury Sunroof,2020,60000,220000,BMW
Kia Cerato 1.6A EX (OPC),2019,51887,80800,Kia
Nissan Note 1.2A,2019,74662,65800,Nissan
Honda Civic 1.6A VTi-S,2015,56538,36900,Honda
Audi A3 Sedan 1.4A TFSI Ambiente,2015,77169,41800,Audi
Mitsubishi Lancer EX 1.6A,2017,95687,49800,Mitsubishi
Mazda 3 1.5A Sunroof,2015,119830,32800,Mazda
Honda Vezel 1.5A X,2015,90888,27800,Honda
Toyota Wish 1.8A,2016,131003,56800,Toyota
Jaguar XJ Diesel 3.0A Premium Luxury LWB (COE till 04/2031),2012,141145,110800,Jaguar
Nissan X-Trail 2.0A 7-Seater Sunroof,2016,127999,58800,Nissan
Honda Mobilio 1.5A RS i-VTEC Luxe,2015,96206,37800,Honda
Subaru Forester 2.0A XT Sunroof,2016,126152,46800,Subaru
Mercedes-Benz E-Class E250 CGI (COE till 10/2029),2009,158200,77800,Mercedes-Benz
Honda Vezel 1.5A X,2017,153922,52800,Honda
Ferrari F12berlinetta 6.3A (COE till 04/2033),2013,8100,718000,Ferrari
Honda Fit 1.3A,2022,17000,112800,Honda
Kia Niro Hybrid 1.6A GDi DCT Sunroof,2017,106500,66800,Kia
Mazda MX-5 2.0A,2017,58466,81800,Mazda
Mitsubishi Attrage 1.2A,2017,115321,51800,Mitsubishi
Toyota Sienta Hybrid 1.5A X,2017,117752,67800,Toyota
Bentley Continental GT 4.0A V8 (COE till 08/2032),2013,72000,272800,Bentley
Mazda 3 1.5A Sunroof,2016,124000,45500,Mazda
Hyundai Santa Fe 2.4A GLS Sunroof,2016,104048,59800,Hyundai
Mitsubishi Fuso Canter FEB21,2021,121400,95800,Mitsubishi
Volkswagen Golf R 3DR (COE till 08/2030),2010,164800,94800,Volkswagen
Mercedes-Benz E-Class E300 Estate Avantgarde (COE till 07/2030),2010,155131,104800,Mercedes-Benz
Honda Vezel Hybrid 1.5A X Honda Sensing,2017,99000,69800,Honda
Honda HR-V 1.5A DX,2020,33200,114800,Honda
Audi Q5 2.0A TFSI Quattro (COE till 05/2031),2011,121000,113800,Audi
Mercedes-Benz S-Class S500L Mild Hybrid AMG Line 4MATIC Premium Plus Executive,2022,37200,466800,Mercedes-Benz
BMW 2 Series 216i Gran Coupe Sport,2022,23786,153800,BMW
Subaru XV 2.0i-S EyeSight,2019,78000,97988,Subaru
Ferrari SF90 Spider Plug-in Hybrid 4.0A,2023,2300,2580000,Ferrari
MINI John Cooper Works 2.0A Sunroof,2021,47000,193800,MINI
Toyota Noah Hybrid 1.8A X,2019,75000,135800,Toyota
BMW X5 xDrive35i 7-Seater Sunroof,2015,74000,94800,BMW
Porsche Boxster 2.9A PDK (COE till 03/2030),2010,77300,134800,Porsche
Lexus RX350 Luxury Sunroof,2015,80000,73800,Lexus
Honda Shuttle Hybrid 1.5A G LED,2019,58199,94800,Honda
Mercedes-Benz CLA-Class CLA200 AMG Line Premium Plus,2021,39750,185800,Mercedes-Benz
Hyundai Avante 1.6A S,2021,28146,108800,Hyundai
Toyota Alphard Hybrid 2.4A (COE till 05/2028),2008,158313,73800,Toyota
Land Rover Range Rover Sport Plug-in Hybrid 2.0A HSE Dynamic,2019,29800,280800,Land Rover
Audi Q5 2.0A TFSI Quattro,2017,90000,90800,Audi
Toyota Dyna 150 3.0M,2019,78000,73800,Toyota
MINI Cooper S 2.0A 5DR,2019,54000,148800,MINI
Mitsubishi Fuso Canter FEB71,2017,152000,49000,Mitsubishi
Mercedes-Benz AMG GT R,2019,20000,599000,Mercedes-Benz
Honda Fit 1.3A G (COE till 07/2025),2010,157000,21388,Honda
Toyota Sienta 1.5A X,2017,57800,65988,Toyota
MINI Cooper 1.5A 5DR,2020,18611,132800,MINI
Toyota Corolla Fielder 1.5A X (COE till 01/2029),2009,130000,67800,Toyota
Toyota Sienta 1.5A Standard,2019,43140,92555,Toyota
Nissan X-Trail 2.0A Premium 7-Seater Sunroof,2016,74247,50088,Nissan
Mitsubishi Attrage 1.2A,2018,92000,58800,Mitsubishi
BMW 2 Series 216i Gran Tourer,2019,52000,119888,BMW
Honda N-Van Turbo Style Fun Honda Sensing,2022,13500,83888,Honda
BMW X4 xDrive28i Sunroof,2016,117000,85800,BMW
Mercedes-Benz GLC-Class GLC200,2020,34000,203800,Mercedes-Benz
Honda Shuttle Hybrid 1.5A,2019,75000,86800,Honda
Volkswagen Sportsvan 1.4A TSI Comfortline,2016,105383,41800,Volkswagen
Peugeot Partner 1.6A HDi LWB,2015,135000,24800,Peugeot
BMW X5 xDrive35i 7-Seater,2015,91000,106388,BMW
BMW X1 sDrive20i M-Sport,2020,52000,161800,BMW
Honda Freed 1.5A G Honda Sensing,2022,22943,153800,Honda
Rolls-Royce Ghost EWB,2023,3,2300000,Rolls-Royce
Mercedes-Benz E-Class E200 Mild Hybrid Sport,2022,3416,263800,Mercedes-Benz
Volkswagen Golf Variant 1.4A TSI R-Line Sunroof,2016,106500,49700,Volkswagen
Hyundai Tucson 2.0A GLS Sunroof,2016,137200,49800,Hyundai
Mercedes-Benz GLA-Class GLA200 Progressive,2021,17000,179800,Mercedes-Benz
BMW 7 Series 730Li Sunroof,2020,55000,251800,BMW
Honda Vezel 1.5A X Honda Sensing,2018,74500,84188,Honda
Mercedes-Benz GLB-Class GLB180 Progressive,2022,24000,214800,Mercedes-Benz
Toyota Wish 1.8A Elegance,2017,91640,73555,Toyota
Toyota Corolla Altis 1.6A Elegance,2015,78000,39388,Toyota
Porsche 911 Carrera S Coupe 3.8A PDK (COE till 08/2032),2012,109000,348800,Porsche
BMW 5 Series 520i Mild Hybrid SE,2022,741,263800,BMW
Audi Q2 1.0A TFSI S-tronic,2017,94000,71800,Audi
Ferrari SF90 Stradale Plug-in Hybrid 4.0A,2022,1300,2480000,Ferrari
MINI One 1.5A 5DR,2021,24372,129800,MINI
Nissan Qashqai 1.2A DIG-T,2017,138000,65000,Nissan
Toyota Corolla Altis 1.6A Elegance,2019,88211,86800,Toyota
BMW 1 Series 120i Cabriolet (COE till 01/2029),2009,130188,72800,BMW
Honda Vezel 1.5A X,2019,78000,85300,Honda
BMW 3 Series 320i Efficient Dynamics,2015,95000,39888,BMW
Audi Q5 Mild Hybrid 2.0A TFSI Quattro S-tronic,2022,5769,248800,Audi
BMW 3 Series 318i (COE till 04/2029),2009,115000,64888,BMW
Nissan X-Trail 2.0A 7-Seater Sunroof,2016,74578,50800,Nissan
Mitsubishi Attrage 1.2A (OPC),2017,87000,39500,Mitsubishi
Toyota Dyna 150 3.0M,2020,60310,91800,Toyota
Toyota Harrier 2.0A Elegance,2016,68800,72500,Toyota
Honda Freed 1.5A G (COE till 05/2029),2009,130000,71800,Honda
Honda Jazz 1.3A,2018,19000,84800,Honda
Volkswagen Golf 1.4A TSI R-Line Sunroof,2016,77000,55000,Volkswagen
Honda Odyssey 2.4A EXV-S Navi Res Sunroof,2015,133479,44800,Honda
Volkswagen Golf Variant 1.4A TSI R-Line Sunroof,2016,115000,61800,Volkswagen
Toyota Alphard 3.5A Executive Lounge S,2019,49000,277800,Toyota
Mazda 3 1.5A Deluxe Sunroof,2018,56013,71800,Mazda
MINI One 1.5A 5DR,2021,24663,136666,MINI
BMW 3 Series 316i Sport (COE till 09/2033),2013,108000,130800,BMW
Lexus ES250 Executive Sunroof,2020,26971,181800,Lexus
BMW 3 Series 318i Highline Sport,2021,26000,181800,BMW
Mercedes-Benz E-Class E250,2015,62800,64800,Mercedes-Benz
BMW X1 sDrive18i,2019,34781,131800,BMW
Mercedes-Benz E-Class E250 CGI (COE till 01/2030),2010,168980,81500,Mercedes-Benz
Honda Jazz 1.5A RS,2015,100000,24800,Honda
Toyota Estima 2.4A Aeras Premium Moonroof,2016,77000,78800,Toyota
Mercedes-Benz GLA-Class GLA180 Urban Edition,2019,44850,122800,Mercedes-Benz
Volkswagen Golf 1.2A TSI,2015,61178,18800,Volkswagen
Honda Jazz 1.5A RS,2015,82000,36800,Honda
Hyundai Avante 1.6A GLS S,2019,80000,80800,Hyundai
Toyota Yaris Cross Hybrid 1.5A Excite,2022,42000,137800,Toyota
Toyota Estima 2.4A Aeras Premium Moonroof,2015,147300,46800,Toyota
Bentley Continental GT 4.0A V8 S,2015,75000,315000,Bentley
Hyundai Avante 1.6A S,2021,53380,119800,Hyundai
Mercedes-Benz CLA-Class CLA180 Progressive,2022,35000,185800,Mercedes-Benz
Mercedes-Benz A-Class A180 Style,2017,53000,71800,Mercedes-Benz
BMW 3 Series 318i Shadow Edition,2018,101000,99800,BMW
Audi RS 5 Coupe 2.9A TFSI Quattro Sunroof,2018,68000,213000,Audi
BMW 2 Series 216i Active Tourer,2019,63000,109500,BMW
Mercedes-Benz E-Class E43 AMG 4MATIC,2017,60000,197800,Mercedes-Benz
BMW 4 Series 420i Convertible M-Sport,2016,68000,95800,BMW
Mercedes-Benz M-Class ML350 (COE till 02/2029),2009,160000,75500,Mercedes-Benz
Kia Optima K5 2.0A,2016,93077,47800,Kia
Mercedes-Benz A-Class A180,2015,70000,42800,Mercedes-Benz
Ferrari 488 GTB,2017,22000,738888,Ferrari
Subaru Forester 2.0i-L Sunroof,2016,92000,49500,Subaru
Toyota Camry 2.4A (COE till 12/2031),2012,99122,83800,Toyota
Honda Civic 1.8A (COE till 11/2027),2007,135000,50888,Honda
Nissan Teana 2.0A XL,2016,62000,53500,Nissan
Nissan Note 1.2A (OPC),2019,17000,62800,Nissan
Mercedes-Benz CLA-Class CLA180 Urban,2018,53000,103800,Mercedes-Benz
Toyota Wish 1.8A Elegance,2016,103000,56800,Toyota
Mercedes-Benz C-Class C200 Coupe AMG Line Sunroof,2017,70000,132800,Mercedes-Benz
Kia Stonic 1.0T SX Sunroof,2019,80000,78888,Kia
Nissan Sylphy 1.6A Premium,2019,55000,74800,Nissan
Mercedes-Benz G-Class G63 AMG 4MATIC,2019,29000,661800,Mercedes-Benz
Mitsubishi Attrage 1.2A Sports,2020,40000,77888,Mitsubishi
Honda CR-V 2.4A Sunroof,2016,82000,67500,Honda
Volkswagen Beetle 1.2A TSI Sunroof,2019,62900,107800,Volkswagen
Citroen Grand C4 SpaceTourer 1.2A PureTech EAT8 Exclusive,2022,29000,156800,Citroen
Hyundai Accent 1.4A 5DR,2015,89000,19800,Hyundai
Toyota Corolla Altis 1.6A Classic,2015,70000,37800,Toyota
Honda Vezel 1.5A S Honda Sensing,2015,91188,32800,Honda
Toyota Wish 1.8A Elegance,2017,81800,69800,Toyota
Jaguar XF 3.0A Luxury (COE till 05/2030),2010,147000,84800,Jaguar
Peugeot 2008 1.2A PureTech EAT8 Allure Premium,2023,8167,153800,Peugeot
Mazda 3 Mild Hybrid 1.5A Elegance Sunroof,2022,21456,133800,Mazda
Honda Vezel 1.5A X Honda Sensing,2016,58000,47300,Honda
Mazda 6 2.0A,2017,98500,69800,Mazda
Subaru Levorg 1.6A GT-S,2016,84735,51800,Subaru
Toyota Corolla Altis 1.6A Classic,2016,48000,53300,Toyota
Honda Shuttle 1.5A G LED,2017,64000,61300,Honda
MINI One 1.2A 5DR,2016,67235,49500,MINI
Honda HR-V 1.5A DX,2023,6543,156800,Honda
BMW M5 Sunroof (COE till 03/2032),2012,90000,165800,BMW
MINI Cooper S 1.6A Sunroof (COE till 10/2031),2011,134000,89800,MINI
Audi A5 Cabriolet 1.8A TFSI,2017,53831,132800,Audi
Mercedes-Benz C-Class C200 Mild Hybrid AMG Line Premium Plus Sunroof,2019,39000,165800,Mercedes-Benz
Nissan Qashqai Mild Hybrid 1.3A Turbo Premium,2022,6322,173800,Nissan
Mazda 3 Mild Hybrid 1.5A Elegance,2023,20600,137800,Mazda
Hyundai Kona Hybrid 1.6A DCT Sunroof,2022,17637,148800,Hyundai
Toyota Hiace Commuter 2.8A GL,2020,45102,133800,Toyota
Subaru XV 2.0i-S EyeSight,2020,57000,103800,Subaru
Renault Kadjar Diesel 1.5A dCi BOSE Edition Sunroof,2016,120000,52800,Renault
Honda Jazz 1.3A,2020,41531,86800,Honda
Honda Fit 1.3A G (COE till 11/2028),2008,158319,55800,Honda
Honda Vezel Hybrid 1.5A X,2019,56348,101800,Honda
Toyota Vios 1.5A E,2017,103095,59800,Toyota
Honda HR-V 1.5A DX,2017,93000,60888,Honda
Mercedes-Benz GLA-Class GLA200 AMG Line Premium Plus,2022,22553,205800,Mercedes-Benz
Suzuki Swift Mild Hybrid 1.2A RS,2019,42500,89800,Suzuki
Toyota Harrier 2.0A Premium Panoramic Roof,2017,115012,80388,Toyota
Mitsubishi Lancer EX 1.6A,2017,123000,51800,Mitsubishi
Hyundai Veloster 1.6A GDi Turbo Sunroof,2017,122852,72588,Hyundai
Toyota Previa 2.4A,2015,97013,62300,Toyota
Mitsubishi Fuso Fighter FK62,2019,58289,135800,Mitsubishi
Toyota Hiace 3.0M,2014,110225,19800,Toyota
Hyundai Avante 1.6A GLS,2019,65000,79800,Hyundai
Honda Civic 1.5A VTEC Turbo Sunroof,2016,82000,62888,Honda
Volkswagen Golf R 5DR (COE till 10/2031),2012,160000,120800,Volkswagen
Audi A3 Sedan 1.4A TFSI Ambiente,2015,93300,41888,Audi
Honda Jazz 1.3A,2018,79900,71800,Honda
Mercedes-Benz E-Class E300 Elegance (COE till 12/2030),2011,106471,94800,Mercedes-Benz
Toyota Corolla Altis 1.6A Elegance,2021,22000,116800,Toyota
Mercedes-Benz B-Class B200 Progressive,2019,27000,134000,Mercedes-Benz
Honda Jazz 1.5A RS,2017,129000,51600,Honda
BMW X3 sDrive20i M-Sport,2018,71000,147800,BMW
Toyota Harrier 2.0A Elegance Panoramic Roof,2017,87000,90800,Toyota
Nissan Almera 1.5A,2016,58990,38800,Nissan
Mitsubishi ASX 2.0A,2016,84200,48800,Mitsubishi
Toyota Harrier 2.0A Elegance,2015,102123,32800,Toyota
Volkswagen Scirocco R 2.0A Sunroof (COE till 10/2027),2012,198000,58000,Volkswagen
Mercedes-Benz E-Class E250 Cabriolet (New 10-yr COE),2014,78535,188800,Mercedes-Benz
Nissan NV200 1.6A DX,2019,95000,49888,Nissan
Toyota Yaris Cross 1.5A XB,2023,14,135800,Toyota
Mercedes-Benz C-Class C180 AMG Line,2019,56288,142800,Mercedes-Benz
Toyota Yaris Cross 1.5A G,2022,21519,122800,Toyota
Honda Jazz 1.3A,2017,38700,56888,Honda
Honda City 1.5A SV,2018,63593,76800,Honda
Honda Shuttle Hybrid 1.5A,2019,65100,95800,Honda
Mercedes-Benz GLE-Class GLE43 Coupe AMG 4MATIC,2017,95000,197800,Mercedes-Benz
Volkswagen Golf 1.4A TSI (New 5-yr COE),2014,119800,65500,Volkswagen
Honda Shuttle 1.5A G,2018,60283,73500,Honda
Toyota Harrier 2.0A Premium,2016,89893,67300,Toyota
Honda Odyssey 2.4A EX-S 8-Seater,2017,96339,85888,Honda
Toyota Sienta 1.5A X Limited (COE till 11/2028),2008,160000,63800,Toyota
Lexus NX Turbo NX200t Luxury Sunroof,2015,92238,80500,Lexus
Mazda 3 1.5A Deluxe Sunroof,2016,118068,39800,Mazda
Toyota Corolla Altis 1.6A Elegance,2021,72000,126688,Toyota
Mazda 6 2.0A,2016,115000,41800,Mazda
Kia Carens Diesel 1.7A Sunroof,2016,125434,59888,Kia
Honda Odyssey 2.4A EXV-S Sunroof,2017,123000,74800,Honda
Mercedes-Benz GLE-Class GLE400 4MATIC,2016,100000,130000,Mercedes-Benz
Mercedes-Benz B-Class B180 (COE till 02/2030),2010,130000,69800,Mercedes-Benz
Nissan NV200 1.6A DX,2021,65561,63900,Nissan
Hyundai Santa Fe Diesel 2.2A CRDi Sunroof,2017,95000,74800,Hyundai
Mercedes-Benz R-Class R300L (COE till 06/2030),2011,150000,96800,Mercedes-Benz
Toyota Camry 2.4A (COE till 12/2030),2011,164282,74800,Toyota
Ford Focus Wagon 1.0A GTDI Titanium,2016,90362,45800,Ford
Mitsubishi Attrage 1.2A Sports,2018,50248,57800,Mitsubishi
Toyota Yaris Cross 1.5A XB,2022,23482,120800,Toyota
Honda Jazz 1.5A RS,2019,60800,90800,Honda
Toyota C-HR Hybrid 1.8A G,2017,81000,72088,Toyota
Mercedes-Benz B-Class B200 Chrome (New 5-yr COE),2013,141000,68800,Mercedes-Benz
Honda Vezel 1.5A X Honda Sensing,2018,70870,76800,Honda
Toyota Vios 1.5A E,2019,71091,85800,Toyota
Kia Cerato K3 1.6A (OPC),2017,68000,51800,Kia
Hyundai Elantra 1.6A GLS S,2018,66000,64999,Hyundai
Audi A3 Sedan 1.0A TFSI S-tronic,2017,82000,66888,Audi
Toyota Vellfire 3.5A V L-Edition Sunroof,2015,105000,75800,Toyota
Lamborghini Huracan LP580-2,2016,36000,555000,Lamborghini
Nissan Note 1.2A DIG-S,2016,71699,43800,Nissan
Honda Accord 1.5A VTEC Turbo Sunroof,2021,24700,169688,Honda
Mercedes-Benz GLC-Class GLC250 AMG Line 4MATIC Sunroof,2019,82500,168888,Mercedes-Benz
Toyota Camry 2.0A,2016,92038,58800,Toyota
Subaru Impreza 4D 1.5A R (COE till 03/2030),2010,148000,62500,Subaru
Toyota Sienta Hybrid 1.5A X,2021,28700,127688,Toyota
Porsche Cayman GT4 3.8M (New 10-yrs COE),2016,45000,482788,Porsche
Mercedes-Benz S-Class S350L BlueTEC,2014,60000,121800,Mercedes-Benz
Lexus IS250C (COE till 04/2029),2009,213000,78000,Lexus
Jaguar F-PACE 2.0A R-Sport Sunroof,2018,80000,142800,Jaguar
Kia Sportage 2.0A,2016,71000,54800,Kia
Toyota Sienta 1.5A Standard,2020,57000,111800,Toyota
Hyundai Veloster 1.6A GDi Turbo Sunroof,2015,90000,42800,Hyundai
Honda Jazz 1.3A,2019,67609,74800,Honda
BMW 5 Series 540i M-Sport,2017,98000,176889,BMW
Porsche 718 Cayman S 2.5A PDK,2017,72000,258888,Porsche
BMW X1 sDrive18i,2019,64000,114000,BMW
BMW 3 Series 320i Efficient Dynamics,2015,93000,39500,BMW
Kia Stonic 1.0T SX Sunroof,2019,56000,84800,Kia
Mazda 3 1.5A Deluxe Sunroof,2015,85000,31800,Mazda
Mercedes-Benz CLA-Class CLA180 Progressive,2022,11000,190800,Mercedes-Benz
Suzuki Swift Mild Hybrid 1.2A RS,2020,38211,86800,Suzuki
Nissan Qashqai 1.2A DIG-T,2017,83880,64800,Nissan
Mercedes-Benz C-Class C200,2015,151000,47888,Mercedes-Benz
Porsche Macan Turbo 3.6A PDK,2015,82000,165888,Porsche
Toyota Harrier 2.0A Elegance Panoramic Roof,2016,111000,65868,Toyota
Mazda 3 HB 2.0A Sport Sunroof,2017,72600,64800,Mazda
Toyota Harrier 2.0A Premium Panoramic Roof,2016,83438,72800,Toyota
Kia Carens Diesel 1.7A,2018,110610,74800,Kia
Kia Niro Hybrid 1.6A GDi DCT Sunroof,2017,180000,65800,Kia
Volkswagen Eos 2.0A TFSI CSC (COE till 01/2029),2009,148663,64800,Volkswagen
Hyundai TL Tucson 2.0A GLS,2017,105000,62800,Hyundai
Mitsubishi Lancer EX 1.6A,2016,74000,45800,Mitsubishi
Toyota Voxy Hybrid 1.8A,2018,59012,141800,Toyota
Nissan Qashqai 2.0A Premium Moonroof,2016,129000,55088,Nissan
Toyota Corolla Altis 1.6A (COE till 10/2029),2009,125257,59800,Toyota
Hyundai Elantra 1.6A GLS S,2017,93552,53888,Hyundai
BMW 4 Series 428i Coupe M-Sport Sunroof,2016,91000,86800,BMW
Mitsubishi Outlander 2.4A Sunroof,2016,120400,50888,Mitsubishi
Land Rover Range Rover Evoque 2.0A 5DR,2016,78703,80800,Land Rover
Porsche Cayman 2.7A Tip (COE till 01/2027),2007,133000,85888,Porsche
Nissan X-Trail 2.0A 7-Seater Sunroof,2017,81750,69988,Nissan
Mercedes-Benz S-Class S400L,2015,137000,119800,Mercedes-Benz
Audi Q5 2.0A TFSI Quattro S-tronic Sport,2020,64309,179800,Audi
Mazda 2 HB 1.5A Deluxe,2020,63000,93000,Mazda
Mercedes-Benz G-Class G63 AMG 4MATIC,2022,31000,825000,Mercedes-Benz
Honda HR-V 1.5A LX,2019,71000,90800,Honda
Honda Shuttle 1.5A G,2017,87000,56800,Honda
Honda HR-V 1.5A DX,2018,55853,79800,Honda
Toyota Harrier 2.0A Premium Panoramic Roof,2018,67400,104800,Toyota
BMW 1 Series 116d,2015,99566,38800,BMW
Toyota Wish 1.8A (COE till 09/2028),2008,135000,60800,Toyota
Mercedes-Benz E-Class E200 CGI (COE till 06/2030),2010,122500,86500,Mercedes-Benz
Audi A3 Sportback 1.4A TFSI S-tronic Ambiente (New 5-yr COE),2013,114203,65998,Audi
Mitsubishi Attrage 1.2A Sports,2019,87838,64888,Mitsubishi
Mercedes-Benz GLB-Class GLB200 AMG Line Premium 7-Seater,2021,39568,197888,Mercedes-Benz
Mercedes-Benz C-Class C180K (COE till 01/2029),2009,125120,64800,Mercedes-Benz
Infiniti Q30 Diesel 1.5A T Premium,2017,82000,67800,Infiniti
Mercedes-Benz C-Class C160 Avantgarde,2020,54310,151800,Mercedes-Benz
Mercedes-Benz A-Class A45 AMG 4MATIC (New 10-yr COE),2014,75000,215028,Mercedes-Benz
Mercedes-Benz C-Class C180 CGI (COE till 01/2031),2011,135000,83888,Mercedes-Benz
Subaru Forester 2.0i-L Sunroof,2018,73000,87000,Subaru
Citroen C4 1.2 PureTech Feel,2022,21700,119800,Citroen
Mercedes-Benz Maybach S-Class S580 Mild Hybrid First Class 4MATIC,2022,3055,1000000,Mercedes-Benz
Mazda 3 1.5A Sunroof,2016,139000,37800,Mazda
Maserati GranTurismo MC Stradale 4.7A (COE till 07/2032),2013,39000,298800,Maserati
Volkswagen Golf 1.4A TSI Sunroof,2016,119673,44500,Volkswagen
Jaguar E-PACE Mild Hybrid 1.5A SE,2021,31500,180800,Jaguar
BMW 6 Series 650i Cabriolet (COE till 02/2031),2011,172911,140000,BMW
Toyota Prado 2.7A TX Limited (COE till 07/2028),2009,178000,74000,Toyota
Mazda Biante 2.0A,2016,92866,62500,Mazda
BMW M3 Sedan,2015,98000,198800,BMW
BMW M5,2019,52888,339888,BMW
Chevrolet Orlando 1.4A Turbo,2016,135000,42800,Chevrolet
Mercedes-Benz E-Class E250 CGI Coupe (COE till 03/2029),2010,237000,80800,Mercedes-Benz
Mazda 3 1.5A,2016,111000,44300,Mazda
Volkswagen T-Cross 1.0A TSI R-Line,2021,21500,118000,Volkswagen
BMW 3 Series 320i M-Sport,2020,50900,176800,BMW
Citroen Grand C4 Picasso Diesel 1.6A BlueHDi Panoramic Roof,2017,90000,64800,Citroen
BMW 3 Series 320i Convertible (COE till 05/2030),2010,110000,82800,BMW
Nissan Qashqai 1.2A DIG-T Premium,2015,112930,32888,Nissan
BMW 3 Series 318i Sunroof,2017,104000,89999,BMW
Honda Accord Euro R 2.0M (COE till 06/2026),2006,184810,85888,Honda
Mercedes-Benz CLA-Class CLA180,2016,128500,55800,Mercedes-Benz
Mercedes-Benz E-Class E250 CDI Coupe Avantgarde (COE till 04/2030),2010,128000,86800,Mercedes-Benz
Subaru Outback 2.5i-S Sunroof,2015,87103,40800,Subaru
Ford Focus 1.0A GTDI Titanium,2017,90000,50800,Ford
BMW X5 xDrive30i (COE till 02/2029),2009,180000,94888,BMW
Honda City 1.5A RS i-VTEC LX,2022,20973,122800,Honda
Volkswagen Golf 1.4A TSI (New 5-yr COE),2013,86000,67800,Volkswagen
Mercedes-Benz E-Class E200 Avantgarde,2018,55000,152800,Mercedes-Benz
Maserati GranTurismo Sport 4.7A,2016,62000,225000,Maserati
Mercedes-Benz E-Class E250 Avantgarde,2018,57000,159800,Mercedes-Benz
Mercedes-Benz C-Class C180 Avantgarde,2016,107047,87000,Mercedes-Benz
Mercedes-Benz E-Class E220d AMG Line Premium Plus Panoramic Roof,2016,100000,105800,Mercedes-Benz
BMW 5 Series 523i (COE till 09/2030),2010,184000,97500,BMW
Mercedes-Benz S-Class S350d L AMG Line,2020,46000,294000,Mercedes-Benz
Mercedes-Benz E-Class E200 Edition E Sunroof,2016,141000,89000,Mercedes-Benz
Volkswagen Golf R 5DR Sunroof,2020,55000,228888,Volkswagen
Nissan Fairlady 350Z (New 10-yr COE),2003,188000,155800,Nissan
Porsche Cayenne 3.6A Tip (New 10-yr COE),2014,132000,223788,Porsche
Porsche 911 GT3 Touring,2019,28888,728888,Porsche
Nissan GTR 3.8A Black Edition (COE till 04/2031),2011,88000,320000,Nissan
Honda Odyssey Hybrid 2.0A e-HEV Absolute,2023,5000,233000,Honda
McLaren 570S,2018,21000,555000,McLaren
Honda Civic Type-R 2.0M (COE till 07/2030),2010,178000,165000,Honda
McLaren 12C (COE till 06/2032),2012,40000,422800,McLaren
Infiniti Q50 2.0A T Premium,2015,108674,53800,Infiniti
Audi RS 6 Avant 5.0A FSI Quattro (COE till 09/2029),2009,135000,144800,Audi
BMW 1 Series 118i 5DR (COE till 06/2032),2012,92000,105888,BMW
Mercedes-Benz 300SL (COE till 10/2029),1990,73900,120000,Mercedes-Benz
Kia Cerato 1.6A SX Sunroof,2018,99400,75800,Kia
Toyota Noah Hybrid 1.8A X,2019,55800,135800,Toyota
Honda Vezel 1.5A X,2015,98000,25000,Honda
Honda Freed Hybrid 1.5A G 7-Seater Honda Sensing,2019,56000,112800,Honda
BMW 4 Series 420i Coupe Sunroof,2019,68500,158000,BMW
Toyota Noah Hybrid 1.8A X,2020,41439,149888,Toyota
Honda Jazz 1.3A,2019,59000,81800,Honda
Honda Fit Hybrid 1.5A,2019,41000,90800,Honda
Hyundai Avante 1.6A GLS S,2019,83000,85800,Hyundai
Toyota Wish 1.8A X,2018,86000,82800,Toyota
Lexus ES Hybrid ES300h Luxury Sunroof,2020,25520,188800,Lexus
Toyota Hiace Commuter 2.8A GL High Roof,2023,50,128800,Toyota
Honda City 1.5A SV,2016,90000,42800,Honda
Hyundai Avante 1.6A GLS S,2020,55256,92888,Hyundai
Mazda 6 2.0A Executive,2016,68000,55800,Mazda
Mazda 3 1.5A Deluxe Sunroof,2018,101000,83800,Mazda
Mazda 5 2.0A SP Sunroof,2017,115212,64888,Mazda
Citroen Grand C4 Picasso 1.6A THP Sunroof,2017,99000,65800,Citroen
Honda Jazz 1.5A RS,2016,97000,49800,Honda
Volkswagen Tiguan 1.4A TSI Highline Panoramic Roof,2018,86000,102800,Volkswagen
Honda CR-V 2.4A Sunroof,2015,67000,40800,Honda
Toyota Harrier 2.0A Premium Style Mauve,2016,188000,53888,Toyota
Honda Vezel 1.5A X Honda Sensing,2018,54000,84800,Honda
Mercedes-Benz C-Class C180 Coupe Avantgarde (COE till 11/2033),2013,67200,138888,Mercedes-Benz
Hyundai Accent 1.4A,2018,88192,62888,Hyundai
Toyota Camry 2.0A (COE till 04/2029),2009,140000,61888,Toyota
Kia Cerato K3 1.6A EX,2016,93000,42800,Kia
Subaru XV 2.0i-S EyeSight,2018,75000,80800,Subaru
Honda Vezel Hybrid 1.5A X Honda Sensing,2019,65000,90800,Honda
Subaru Forester 2.0i-L Sunroof,2016,83000,51800,Subaru
Toyota Corolla Altis 1.6A Elegance,2022,18700,129800,Toyota
Nissan GTR 3.8A (COE till 08/2028),2008,127000,248800,Nissan
Toyota Sienta 1.5A X,2017,66000,68800,Toyota
Kia Stinger 2.0A Sunroof,2018,125000,126000,Kia
Mercedes-Benz C-Class C200 CGI (COE till 07/2030),2010,140000,93800,Mercedes-Benz
Peugeot 3008 1.6A PureTech EAT8 Active,2019,41000,108000,Peugeot
Nissan Serena e-POWER Hybrid 1.2A Touring Edition Premium,2021,35000,168800,Nissan
Hyundai Elantra 1.6A GLS S,2018,69000,61800,Hyundai
BMW 3 Series 316i,2014,91000,29555,BMW
Honda Civic 1.5A VTEC Turbo Sunroof,2017,85000,67555,Honda
BMW 4 Series 428i Gran Coupe Sunroof,2014,60000,48800,BMW
BMW 3 Series 318i Highline Sportline,2020,36500,159800,BMW
Kia Cerato 1.6A LX,2019,54000,79800,Kia
Honda Fit Hybrid 1.5A,2019,46000,89800,Honda
Mitsubishi Grandis 2.4A Sports (COE till 06/2026),2006,150000,32800,Mitsubishi
Honda Grace Hybrid 1.5A DX,2019,47260,85800,Honda
Mazda 6 Wagon 2.5A Luxury,2018,79000,93800,Mazda
Mazda 3 1.5A Deluxe Sunroof,2015,123000,34700,Mazda
Lamborghini Huracan LP580-2,2019,46000,678000,Lamborghini
BMW 1 Series 116d,2016,145012,53800,BMW
Mercedes-Benz S-Class S300L (COE till 11/2027),2008,150000,55888,Mercedes-Benz
BMW 2 Series 216d Gran Tourer,2016,140000,61800,BMW
Toyota Estima 2.4A X (COE till 09/2027),2007,150000,64800,Toyota
BMW 5 Series 530i M-Sport,2018,105425,143555,BMW
Honda HR-V 1.5A DX,2016,129000,52900,Honda
Volvo S60 T2,2016,64000,59999,Volvo
Volkswagen Golf 1.4A TSI EQP Sunroof,2017,93000,65800,Volkswagen
Honda Vezel Hybrid 1.5A X Honda Sensing,2016,168257,49800,Honda
BMW 2 Series 216d Gran Tourer,2016,131800,57800,BMW
Honda City 1.5A V,2018,41859,79000,Honda
Volkswagen Golf 1.4A TSI,2016,78000,45800,Volkswagen
BMW 1 Series 116d,2017,86500,72555,BMW
Toyota Corolla Altis 1.6A Classic,2016,83000,50700,Toyota
Hyundai Avante 1.6A GLS,2020,49000,84800,Hyundai
Toyota Sienta 1.5A Standard,2018,68000,81800,Toyota
Mazda CX-5 2.5A Luxury Sunroof,2017,63000,84700,Mazda
BMW 1 Series 116d,2016,109524,47888,BMW
BMW 7 Series 730Li Sunroof,2018,58000,179800,BMW
Honda Mobilio 1.5A RS i-VTEC Luxe,2016,89000,44800,Honda
Volkswagen Sportsvan 1.4A Highline Sunroof,2016,92000,53777,Volkswagen
Mazda 3 1.5A Deluxe Sunroof,2017,68000,52800,Mazda
Hyundai Avante 1.6A GLS,2019,62000,80800,Hyundai
Volkswagen Jetta 1.4A TSI (New 5-yr COE),2013,140000,62800,Volkswagen
Mazda CX-5 2.0A Luxury,2022,19000,163800,Mazda
Toyota Camry 2.0A,2015,42655,50000,Toyota
Mazda 2 1.5A,2016,125000,37800,Mazda
Volkswagen Scirocco 1.4A TSI (COE till 06/2031),2011,147000,80800,Volkswagen
Subaru Forester 2.0i-L Sunroof,2017,34497,75000,Subaru
Ford Focus Wagon 1.6A Trend (COE till 02/2027),2012,130251,38800,Ford
Lexus ES250 Sunroof,2015,131000,50800,Lexus
Mazda 6 2.0A Executive,2018,111888,82800,Mazda
Lexus IS250 (COE till 04/2029),2009,192000,68800,Lexus
Toyota Estima 2.4A Aeras 8-Seater Moonroof (COE till 06/2028),2008,140000,70800,Toyota
Mercedes-Benz E-Class E200 AMG Line,2017,133333,111800,Mercedes-Benz
Toyota Yaris Cross 1.5A XB (OPC),2021,18888,95800,Toyota
Volkswagen Golf Mild Hybrid 1.5A eTSI DSG R-Line,2023,9999,162800,Volkswagen
Volkswagen Passat 1.8A TFSI Highline Sunroof,2018,118888,85800,Volkswagen
Porsche Macan Turbo 3.6A PDK (New 10-yr COE),2014,77000,268800,Porsche
Toyota Harrier Hybrid 2.5A Premium,2021,35000,178800,Toyota
Toyota Raize 1.0A XS,2022,8000,123800,Toyota
Mercedes-Benz S-Class S320L,2017,82000,163800,Mercedes-Benz
BMW 4 Series 420i Gran Coupe,2017,73000,103800,BMW
Volvo V40 Cross Country T4 Sunroof,2015,108000,28800,Volvo
Volkswagen Golf GTI 5DR,2020,12397,160000,Volkswagen
Toyota Vellfire 2.5A Elegance Moonroof,2020,92800,206800,Toyota
Hyundai Elantra 1.6A GLS,2018,85000,69988,Hyundai
Volvo XC60 T6 R-Design Panoramic Roof,2018,95000,142800,Volvo
Honda Civic 1.6A VTi,2017,59237,64500,Honda
Volvo XC60 T5 2.0A,2015,192100,39800,Volvo
Kia Cerato Forte 1.6A SX (COE till 10/2024),2009,140000,11800,Kia
Nissan NV350 2.5A,2018,78165,59999,Nissan
Nissan Teana 2.5A Sunroof,2015,60000,46800,Nissan
Mazda CX-5 2.0A,2020,50000,123800,Mazda
BMW X1 sDrive20i,2017,102000,93800,BMW
Honda Jazz 1.3A L (COE till 04/2026),2011,144200,35800,Honda
Honda Vezel Hybrid 1.5A X,2016,99917,49800,Honda
Toyota C-HR Hybrid 1.8A G,2017,69000,70000,Toyota
Hyundai i30 1.0A T-GDi DCT Turbo,2021,35945,109000,Hyundai
Suzuki Swift 1.4A GLX,2017,56000,46500,Suzuki
Porsche Macan 2.0A PDK,2016,91500,138800,Porsche
Porsche Cayenne Hybrid S 3.0A (COE till 08/2031),2012,88000,150800,Porsche
Honda Civic 1.6A VTi,2018,134000,74800,Honda
BMW 5 Series 520i (COE till 10/2031),2012,155000,116900,BMW
Honda Vezel Hybrid 1.5A X Honda Sensing,2017,75000,54800,Honda
Mercedes-Benz GLC-Class GLC250 4MATIC,2017,115000,117800,Mercedes-Benz
Peugeot 5008 1.2A Puretech EAT8 Active Premium,2022,18000,165800,Peugeot
Mercedes-Benz GLC-Class GLC200 AMG Line,2020,60000,208888,Mercedes-Benz
Audi A6 Mild Hybrid 3.0A TFSI Quattro S-tronic,2020,31000,275800,Audi
Kia Cerato Forte 1.6A SX (COE till 03/2025),2010,154000,19800,Kia
Mercedes-Benz SL-Class SL350 (COE till 04/2028),2008,88300,78800,Mercedes-Benz
Honda Accord Euro R 2.0M (COE till 01/2028),2008,287000,83800,Honda
Toyota Estima 2.4A X (COE till 01/2029),2009,139500,76800,Toyota
Mercedes-Benz CLA-Class CLA180 AMG Line Sunroof,2018,75538,99800,Mercedes-Benz
Porsche Cayenne 3.6A Tip (COE till 09/2031),2011,139000,144888,Porsche
BMW 5 Series 530i M-Sport,2017,53237,141800,BMW
Honda Shuttle 1.5A G,2021,31676,110500,Honda
Volkswagen Scirocco 1.4A TSI Sunroof (COE till 07/2026),2011,182000,32800,Volkswagen
Audi A5 Sportback 2.0A TFSI Quattro (COE till 04/2031),2011,185000,100888,Audi
Mitsubishi Lancer EX 1.6A,2016,83000,49800,Mitsubishi
Volkswagen Jetta GP 1.4A TSI,2015,142000,25800,Volkswagen
Toyota Wish 1.8A Elegance,2016,70168,55999,Toyota
Kia Sorento Diesel 2.2A CRDi Sunroof,2016,136000,67800,Kia
Volkswagen Jetta GP 1.4A TSI,2016,130000,43800,Volkswagen
Toyota Camry 2.0A,2016,90000,67800,Toyota
Lexus IS250 (COE till 09/2026),2011,156000,42800,Lexus
Hyundai Avante 1.6A S,2020,48168,107999,Hyundai
Toyota Harrier 2.0A Elegance,2015,85000,36800,Toyota
Nissan X-Trail 2.0A 7-Seater Sunroof,2016,97000,58800,Nissan
Honda Odyssey 2.4A EX-S,2015,147000,51800,Honda
Toyota Yaris 1.5A G (COE till 10/2026),2006,164000,32800,Toyota
Nissan Qashqai 1.2A DIG-T,2015,68500,28500,Nissan
Peugeot 308 SW 1.2A PureTech Allure Glass Roof,2017,83000,56000,Peugeot
Hyundai Tucson 1.6A GLS T-GDi DCT Turbo S,2018,98855,82000,Hyundai
Toyota Estima 2.4A X (COE till 06/2028),2008,154000,72800,Toyota
Mercedes-Benz E-Class E200 Estate Mild Hybrid AMG Line,2022,32601,222000,Mercedes-Benz
Honda Shuttle 1.5A G Honda Sensing,2019,52000,92800,Honda
Honda Freed Hybrid 1.5A G Honda Sensing,2019,63166,111800,Honda
Mercedes-Benz E-Class E43 AMG 4MATIC,2017,62000,199800,Mercedes-Benz
Volkswagen Golf 1.4A TSI Comfortline,2018,39000,82800,Volkswagen
Volkswagen Golf Mild Hybrid 1.5A eTSI DSG Life,2022,29000,144800,Volkswagen
Audi Q7 3.0A TFSI Quattro S-Line,2015,92000,78800,Audi
Volkswagen Passat 1.8A TFSI Sunroof,2016,170000,61800,Volkswagen
Honda Freed 1.5A G Just Selection,2015,123000,28888,Honda
BMW 1 Series 116i (COE till 03/2032),2012,136000,98800,BMW
Toyota Wish 1.8A,2016,92869,47500,Toyota
Honda Freed Hybrid 1.5A G,2019,60000,102800,Honda
Toyota Wish 1.8A Elegance,2016,67168,57999,Toyota
Toyota Corolla Altis 1.6A Standard,2019,78000,87800,Toyota
Toyota Hiace 3.0A DX,2018,58000,74999,Toyota
Volkswagen Golf R 5DR Sunroof (COE till 12/2030),2011,151000,120888,Volkswagen
BMW 3 Series 316i (New 10-yr COE),2013,142000,119800,BMW
Citroen Grand C4 Picasso Diesel 1.6A e-HDi Panoramic Roof,2015,145000,33000,Citroen
Toyota Noah Hybrid 1.8A X,2020,34000,167800,Toyota
Honda Fit Hybrid 1.5A,2019,50000,83800,Honda
Lexus IS Hybrid IS300h Executive,2018,103000,122800,Lexus
Mercedes-Benz E-Class E200 (New 10-yr COE),2014,71000,162800,Mercedes-Benz
Volkswagen Passat 1.4A TSI,2014,80339,25900,Volkswagen
Nissan Note 1.2A,2019,60000,74800,Nissan
Honda Grace 1.5A LX,2021,31000,112800,Honda
Toyota Yaris Cross 1.5A XB,2022,22300,119000,Toyota
Kia Sorento Diesel 2.2A SX Tech Pack Sunroof,2020,21813,185000,Kia
Honda Jazz Hybrid 1.5A e-HEV Luxe,2021,16000,120000,Honda
Kia Cerato K3 1.6A SX,2016,88000,39888,Kia
Porsche Boxster S 3.4A PDK (COE till 12/2031),2012,138000,210800,Porsche
BMW 7 Series 730i Sunroof,2016,133000,124800,BMW
Mercedes-Benz CLA-Class CLA200 Shooting Brake Urban,2016,147000,55800,Mercedes-Benz
Volkswagen Golf 1.4A TSI,2016,117000,45000,Volkswagen
Honda Shuttle Hybrid 1.5A,2019,60000,95800,Honda
Toyota Corolla Altis 1.6A,2016,77000,52000,Toyota
Mazda 5 2.0A SP Sunroof,2016,155000,44888,Mazda
Kia Cerato 1.6A GT Line SX Sunroof,2019,46953,93800,Kia
Mercedes-Benz C-Class C200 Mild Hybrid AMG Line Premium Plus Sunroof,2019,16916,178800,Mercedes-Benz
Volkswagen Passat 1.8A TFSI,2019,90000,101800,Volkswagen
Volkswagen Golf R 5DR Sunroof,2016,94000,129800,Volkswagen
Mercedes-Benz A-Class A200 Style,2017,94288,86888,Mercedes-Benz
Audi R8 4.2A FSI Quattro R-tronic (COE till 05/2028),2008,120000,158888,Audi
Mazda 6 2.0A Executive,2019,86000,104800,Mazda
Honda HR-V 1.5A DX,2017,87000,62000,Honda
Volkswagen Jetta GP 1.4A TSI Highline,2015,93000,37000,Volkswagen
Mitsubishi Attrage 1.2A,2021,14000,95800,Mitsubishi
Mazda 6 2.0A Executive,2023,11,178888,Mazda
Volkswagen Golf 1.4A TSI Comfortline,2018,88500,83800,Volkswagen
Honda Civic 1.6A VTi,2018,80000,81000,Honda
Nissan 200SX (COE till 04/2030),1990,168000,126800,Nissan
Peugeot 2008 Active Puretech 1.2A Glass Roof,2017,90000,48800,Peugeot
Mercedes-Benz C-Class C63 S AMG,2016,69000,220800,Mercedes-Benz
Honda Vezel 1.5A X,2016,93000,43100,Honda
Suzuki Swift Mild Hybrid 1.2A GLX,2022,29000,102800,Suzuki
Honda Vezel Hybrid 1.5A X,2018,84213,78800,Honda
Mercedes-Benz CLK-Class CLK200K Cabriolet (COE till 06/2028),2008,120000,78800,Mercedes-Benz
Mazda CX-5 2.0A Elegance,2023,12,186800,Mazda
Mercedes-Benz A-Class A180 Progressive,2022,28000,163800,Mercedes-Benz
Opel Crossland 1.2A X Turbo,2019,73499,69800,Opel
Mercedes-Benz CLA-Class CLA45 AMG 4MATIC Sunroof,2016,107800,117000,Mercedes-Benz
Subaru Forester 2.0i-L Sunroof,2018,89000,76200,Subaru
Mazda 3 Mild Hybrid 1.5A Elegance,2023,34,152800,Mazda
Toyota Prius Plus Hybrid 1.8A,2019,166000,99800,Toyota
Toyota Hiace 2.0A DX,2021,59424,79800,Toyota
BMW 5 Series 530i M-Sport,2017,124000,126800,BMW
Mercedes-Benz A-Class A200 Style,2017,135000,69800,Mercedes-Benz
Volkswagen Sharan 2.0A TSI Panoramic Roof,2014,115000,39500,Volkswagen
Honda Shuttle 1.5A G Honda Sensing,2021,44000,108800,Honda
BMW 3 Series 335i (COE till 04/2028),2008,166000,65800,BMW
Mercedes-Benz C-Class C250 Estate Avantgarde (COE till 09/2031),2011,121000,115000,Mercedes-Benz
Honda Fit Hybrid 1.5A e-HEV,2022,9300,139800,Honda
Land Rover Defender 130 Mild Hybrid 3.0A,2023,5000,490800,Land Rover
Audi A3 Sedan 1.0A TFSI S-tronic,2018,29500,98999,Audi
Hyundai Elantra 1.6A GLS S,2018,82000,61800,Hyundai
BMW 4 Series 420i Coupe M-Sport,2022,24500,215800,BMW
Nissan NV200 1.6A DX,2020,42000,66800,Nissan
Mercedes-Benz CLA-Class CLA200 AMG Line (New 10-yr COE),2014,136888,129800,Mercedes-Benz
Mercedes-Benz C-Class C200 Mild Hybrid Sport,2022,5000,205800,Mercedes-Benz
BMW 5 Series 520i (New 5-yr COE),2014,160000,107800,BMW
Nissan Note 1.2A DIG-S,2016,119502,36800,Nissan
Nissan Note 1.2A,2016,90425,39800,Nissan
Honda Vezel 1.5A X,2016,138494,42800,Honda
Audi A3 Sportback 1.0A TFSI S-tronic,2017,83399,62800,Audi
Mercedes-Benz GLE-Class GLE450 Mild Hybrid AMG Line 4MATIC Sunroof,2019,91000,263800,Mercedes-Benz
Honda Shuttle Hybrid 1.5A,2021,40177,116800,Honda
Maserati Levante 3.0A,2020,45000,320800,Maserati
Honda Accord 2.0A (COE till 04/2028),2008,152000,51800,Honda
BMW 5 Series 520i,2014,145000,43800,BMW
Honda Jazz 1.5A RS,2018,69635,71800,Honda
Mazda 3 1.5A Sunroof,2018,87743,68800,Mazda
Maserati Ghibli 3.0A,2019,73000,230800,Maserati
Honda Stepwagon 1.5A Spada 8-Seater,2021,20233,191800,Honda
Opel Astra Sports Tourer Diesel 1.6A Turbo,2019,131915,82800,Opel
Skoda Kodiaq 1.4A TSI Sportline,2020,38000,149800,Skoda
Toyota Harrier Turbo 2.0A M,2018,58000,102800,Toyota
Volvo S90 T5 Momentum,2016,93000,88888,Volvo
Volkswagen Sharan 2.0A TSI Panoramic Roof,2017,42000,91800,Volkswagen
Mercedes-Benz E-Class E200 Avantgarde,2019,104000,159990,Mercedes-Benz
Hyundai Avante 1.6A S (COE till 07/2025),2010,180000,21500,Hyundai
Mitsubishi Fuso Canter FEB21,2015,95081,44800,Mitsubishi
Mercedes-Benz E-Class E200,2014,173449,39800,Mercedes-Benz
Honda Civic Type-R 2.0M (COE till 08/2027),2007,12000,115000,Honda
BMW 3 Series 320i Convertible (COE till 12/2030),2011,116088,97800,BMW
Volvo XC40 T4 Momentum,2019,28000,127800,Volvo
Hyundai Avante 1.6A GLS Elite,2020,77925,96500,Hyundai
Nissan Qashqai 1.2A DIG-T,2015,110000,32000,Nissan
Honda Shuttle Hybrid 1.5A,2020,72000,101800,Honda
Mercedes-Benz S-Class S400L,2015,139500,122800,Mercedes-Benz
Toyota Century 4.0A (COE till 11/2031),2021,173800,55000,Toyota
Nissan Sylphy 1.6A Premium,2019,58000,84500,Nissan
Land Rover Range Rover Mild Hybrid 3.0A SWB Autobiography,2023,13000,798800,Land Rover
Volkswagen Passat 1.8A TFSI Sunroof,2016,139300,54800,Volkswagen
Land Rover Range Rover Sport Mild Hybrid 3.0A Dynamic SE,2023,4000,583800,Land Rover
Honda City 1.5A SV,2016,80760,50800,Honda
Mazda 6 2.0A Executive,2016,143000,42500,Mazda
Kia Cerato 1.6A LX,2019,70718,84000,Kia
Hyundai Avante 1.6A S,2020,54643,112000,Hyundai
BMW 5 Series 520i,2020,58265,170500,BMW
Skoda Superb 1.8A TSI,2019,60000,105800,Skoda
Toyota Raize 1.2A X,2022,7900,127788,Toyota
Mitsubishi Attrage 1.2A,2016,73300,34800,Mitsubishi
Mazda 3 1.5A Sunroof,2015,97156,23800,Mazda
Citroen Grand C4 Picasso Diesel 1.6A e-HDi Panoramic Roof,2015,151000,24888,Citroen
BMW 4 Series 420i Gran Coupe,2019,47963,145800,BMW
BMW X1 sDrive18i,2020,45883,152800,BMW
BMW M2 Coupe,2023,1800,443800,BMW
Toyota Estima Hybrid 2.4A G (COE till 12/2028),2009,153800,71000,Toyota
Nissan Cabstar 3.0M,2016,148300,37800,Nissan
Toyota Alphard 2.5A X 8-Seater Moonroof,2022,22135,283800,Toyota
Mercedes-Benz GLA-Class GLA180 Urban Edition,2020,70300,133800,Mercedes-Benz
Volkswagen Touran Diesel 1.6A TDI Sunroof,2015,136000,34800,Volkswagen
Toyota Wish 1.8A X,2016,102000,45500,Toyota
Porsche 981 Cayman 2.7A PDK (New 10-yr COE),2014,78000,255800,Porsche
MINI Cooper Countryman 1.6A,2015,76000,45000,MINI
Nissan Qashqai 1.2A DIG-T Premium,2016,82900,45000,Nissan
BMW 7 Series Mild Hybrid 735i sDrive Pure Excellence,2022,12000,529800,BMW
Honda Civic 1.6A VTi,2019,85000,170888,Honda
Ferrari F430 F1 Novitec Rosso (COE till 09/2028),2009,47000,279888,Ferrari
Honda HR-V 1.5A LX,2019,49978,89800,Honda
Lexus RX Turbo RX200t Luxury Sunroof,2017,109500,129800,Lexus
Toyota Vellfire 2.5A Z Moonroof,2020,53100,228800,Toyota
BMW 1 Series 116d,2017,110000,70888,BMW
Suzuki Swift 1.0A Turbo GLX,2018,66387,71800,Suzuki
Toyota Camry Hybrid 2.5A Ascent,2019,51000,123800,Toyota
BMW M3 Sedan Competition Package,2021,4500,435800,BMW
Mercedes-Benz G-Class G400d AMG Line 4MATIC Premium,2021,45000,666800,Mercedes-Benz
BMW Z4 sDrive23i (COE till 03/2030),2010,139000,93800,BMW
BMW 2 Series 216i Gran Coupe Sport,2022,8500,162000,BMW
Mercedes-Benz M-Class ML400 4MATIC,2014,117500,75000,Mercedes-Benz
BMW 5 Series 530i M-Sport,2017,107000,119800,BMW
Nissan NV350 2.5M (New 5-yr COE),2014,158391,48800,Nissan
Lexus NX Turbo NX200t Executive,2017,80800,105800,Lexus
Honda Shuttle Hybrid 1.5A,2018,65000,76800,Honda
Peugeot 5008 1.2A PureTech EAT8 Allure Premium,2022,13700,172800,Peugeot
Mercedes-Benz E-Class E250 CGI Avantgarde (COE till 09/2030),2010,133000,90800,Mercedes-Benz
Mitsubishi Lancer 1.6M GLX (COE till 10/2029),2009,130000,65800,Mitsubishi
Honda Freed 1.5A G (COE till 03/2029),2009,193000,72800,Honda
Nissan Serena e-POWER Hybrid 1.2A Highway Star Premium,2020,62600,158800,Nissan
Honda Vezel Hybrid 1.5A X Honda Sensing,2016,133265,50500,Honda
Audi A5 Sportback 2.0A TFSI S-tronic Design,2018,101000,119800,Audi
Toyota Estima 2.4A Aeras Premium Moonroof,2017,82500,99800,Toyota
Toyota Wish 1.8A,2016,140000,42000,Toyota
Toyota Corolla Altis 1.6A,2017,92600,61200,Toyota
Honda Odyssey Hybrid 2.0A e-HEV Absolute,2022,15200,220800,Honda
Toyota Harrier 2.0A Elegance,2015,145500,41888,Toyota
Mazda 3 1.5A Sunroof,2016,90500,37888,Mazda
Toyota Harrier 2.0A Premium Panoramic Roof,2017,96750,87800,Toyota
Volvo V90 Cross Country T5 Momentum,2017,93000,110800,Volvo
Nissan X-Trail 2.0A 7-Seater Sunroof,2017,49000,75800,Nissan
Kia Cerato 1.6A GT Line SX Sunroof,2019,70000,92800,Kia
Toyota Noah Hybrid 1.8A X,2018,78219,129800,Toyota
Toyota Wish 1.8A X (COE till 03/2029),2009,105000,69800,Toyota
Toyota C-HR Hybrid 1.8A G,2017,71683,75500,Toyota
Honda Freed Hybrid 1.5A G 7-Seater,2018,52226,92800,Honda
Toyota Vellfire 2.5A V,2015,87056,89800,Toyota
Volkswagen Beetle 1.2A TSI,2015,73016,37800,Volkswagen
Porsche Macan Diesel S 3.0A PDK (New 10-yr COE),2014,99951,229800,Porsche
Audi Q3 1.4A TFSI S-tronic,2021,34145,172500,Audi
Honda Freed Hybrid 1.5A G 7-Seater,2019,68972,114000,Honda
Toyota Prius Plus Hybrid 1.8A,2018,105000,97800,Toyota
Mitsubishi Triton L200 Double-Cab 2.5M (COE till 07/2031),2011,180000,77800,Mitsubishi
Toyota Corolla Altis 1.6A Standard (OPC),2020,27000,101800,Toyota
Mercedes-Benz GLA-Class GLA180,2019,76129,113888,Mercedes-Benz
Lexus LS350 Luxury MR,2019,39590,248800,Lexus
Suzuki SX4 1.6A (COE till 01/2029),2009,281000,53800,Suzuki
Hyundai Accent 1.4A,2017,38392,51500,Hyundai
Subaru Forester 2.0A XT,2015,118000,33800,Subaru
Porsche Cayenne Coupe 3.0A Tip Sunroof,2021,16000,429800,Porsche
Mitsubishi Lancer EX 1.6A,2015,112000,27888,Mitsubishi
Mitsubishi Outlander 2.0A,2019,48000,124800,Mitsubishi
Mercedes-Benz A-Class A200 Progressive,2019,66000,129800,Mercedes-Benz
Toyota Dyna 150 3.0M,2021,44300,105800,Toyota
Mazda 2 1.5A,2017,60000,49388,Mazda
Mercedes-Benz B-Class B200 Chrome (New 5-yr COE),2013,172000,66800,Mercedes-Benz
BMW 7 Series 740Li,2021,21000,349800,BMW
Volvo V40 T2,2016,129000,46800,Volvo
Toyota Harrier 2.0A Elegance Panoramic Roof,2017,95000,85800,Toyota
Toyota Corolla Altis 1.6A (COE till 04/2029),2009,139000,59888,Toyota
BMW 2 Series 218i Coupe Sunroof,2015,154000,42600,BMW
Nissan Qashqai 1.2A DIG-T Premium,2016,131000,41800,Nissan
Toyota Hiace 3.0M,2017,120000,49800,Toyota
Toyota Corolla Hybrid 1.8A S,2021,31000,123800,Toyota
Porsche Macan 2.0A PDK (New 10-yr COE),2014,149000,208800,Porsche
Toyota Raize 1.2A G,2022,19000,118800,Toyota
Subaru Forester 2.0i-L Sunroof,2016,96280,53800,Subaru
Nissan Teana 2.0A XL,2017,87000,59800,Nissan
Hyundai Elantra 1.6A GLS Elite (OPC),2018,26000,61800,Hyundai
Subaru XV 1.6i-S,2017,105104,64500,Subaru
BMW 1 Series 116d,2018,89896,94500,BMW
Volkswagen Passat 1.8A TFSI Sunroof,2016,102000,72800,Volkswagen
Volkswagen Sportsvan 1.4A Highline,2017,82000,75800,Volkswagen
Nissan NV200 1.6A,2015,113000,22800,Nissan
Honda Shuttle 1.5A G Honda Sensing,2021,43000,111800,Honda
Mercedes-Benz A-Class A200 Progressive,2020,79286,142000,Mercedes-Benz
Mercedes-Benz E-Class E230 (COE till 07/2028),2008,253000,57800,Mercedes-Benz
Subaru Outback 2.5i-S Sunroof,2016,140000,48000,Subaru
Mercedes-Benz E-Class E200 Edition E Sunroof,2016,170399,75800,Mercedes-Benz
BMW 5 Series 535i Gran Turismo Luxury Sunroof,2015,70000,83800,BMW
BMW 5 Series 523i (COE till 02/2031),2011,20000,125888,BMW
Toyota Dyna 150 3.0M,2019,77200,80300,Toyota
Volkswagen Jetta GP 1.4A TSI Highline,2016,109000,47800,Volkswagen
Audi A3 Sedan 1.4A TFSI Attraction,2016,124000,52800,Audi
Toyota Corolla Altis 1.6A Elegance,2017,72200,76800,Toyota
Honda Fit 1.3A GF,2020,76000,81800,Honda
BMW X1 sDrive18i,2019,71726,127800,BMW
Toyota Alphard 2.5A SA,2015,112000,86800,Toyota
BMW 1 Series 118i 5DR Highline,2020,42000,130800,BMW
Land Rover Range Rover Velar 2.0A Si4 R-Dynamic S Sunroof,2022,12619,327000,Land Rover
Hyundai Elantra 1.6A,2015,140000,35000,Hyundai
Mercedes-Benz C-Class C200 AMG Line Sunroof,2015,98000,51800,Mercedes-Benz
Lexus ES250 Luxury,2020,44000,166999,Lexus
Subaru Impreza WRX-S 5D 2.5M (COE till 07/2029),2009,130000,80800,Subaru
BMW 6 Series 640i Cabriolet (COE till 10/2031),2012,125000,129500,BMW
Lexus IS250 (COE till 01/2029),2009,132405,72800,Lexus
Porsche 718 Boxster 2.0A PDK,2020,33000,345678,Porsche
Porsche Macan 2.0A PDK,2021,40088,309800,Porsche
Mercedes-Benz A-Class A200 AMG Line Sunroof,2019,54180,135000,Mercedes-Benz
Audi A3 Sedan 1.0A TFSI S-tronic,2019,44826,108000,Audi
Mercedes-Benz CLA-Class CLA180 Urban,2018,118714,107500,Mercedes-Benz
Toyota Corolla Altis 1.6A Elegance,2019,29903,112286,Toyota
Mercedes-Benz B-Class B180 Style,2016,112378,68500,Mercedes-Benz
Mazda 3 1.5A,2017,107584,51888,Mazda
Audi Q2 1.0A TFSI S-tronic,2018,86458,98000,Audi
Honda Civic 1.6A VTi,2017,100000,65400,Honda
Toyota Corolla Altis 1.6A Elegance,2021,39000,129888,Toyota
Porsche 911 Carrera S Coupe 3.0A,2021,14800,595000,Porsche
Honda Vezel 1.5A G,2023,6700,153800,Honda
BMW Z4 sDrive23i (COE till 06/2029),2009,120000,78800,BMW
Volvo S80 T5,2016,46000,53800,Volvo
Mercedes-Benz GLE-Class GLE400 Coupe 4MATIC,2016,35820,158800,Mercedes-Benz
Mazda 6 Wagon 2.5A Sunroof,2016,104000,46800,Mazda
Nissan Cabstar 3.0M,2017,133000,44500,Nissan
BMW 2 Series 216i Gran Tourer,2018,68888,98888,BMW
Bentley Continental GT 4.0A V8 S,2017,42000,428000,Bentley
Honda Fit 1.3A GF (OPC),2020,60000,73800,Honda
Bentley Continental GT 6.0A (COE till 04/2029),2009,88000,178800,Bentley
Porsche Macan S 3.0A PDK (COE till 06/2033),2014,128000,228888,Porsche
Honda Jazz 1.5A RS,2018,108868,73800,Honda
Honda Fit Hybrid 1.5A,2019,63000,80800,Honda
Mercedes-Benz C-Class C180 Avantgarde,2016,160000,73800,Mercedes-Benz
Volkswagen Passat 1.8A TFSI,2018,72000,89800,Volkswagen
Mazda Biante 2.0A,2015,111231,29588,Mazda
Toyota Hiace 3.0M,2019,145000,70000,Toyota
Mercedes-Benz C-Class C200 Sport Premium Sunroof,2017,108000,105800,Mercedes-Benz
Toyota Vellfire 2.5A Z G-Edition Moonroof,2016,88000,115800,Toyota
Suzuki Swift 1.0A Turbo GLX,2020,65000,90800,Suzuki
Bentley Continental GT 6.0A Speed (COE till 05/2029),2009,59530,178888,Bentley
Nissan Kicks e-POWER Hybrid 1.2A Premium Plus,2021,48000,118800,Nissan
Toyota Dyna 150 2.8M,2021,45000,99800,Toyota
BMW X1 sDrive20i Sunroof,2016,68000,120888,BMW
Toyota Dyna 150 3.0M,2020,27500,83800,Toyota
Hyundai Elantra 1.6A GLS S,2018,75618,71800,Hyundai
Mercedes-Benz E-Class E350 Coupe (COE till 08/2030),2010,168000,80800,Mercedes-Benz
Mazda 6 2.0A Executive,2022,10200,164800,Mazda
Mercedes-Benz E-Class E250 CGI Coupe (COE till 02/2030),2010,112368,83800,Mercedes-Benz
Honda Civic 1.5A VTEC Turbo Sunroof,2016,95000,59800,Honda
Toyota Hiace 3.0M,2021,58000,82800,Toyota
Subaru XV 1.6i-S,2016,100000,45800,Subaru
Jaguar E-PACE 2.0A Prestige,2021,58000,158800,Jaguar
Hyundai Avante 1.6A S,2021,28000,110800,Hyundai
Toyota Corolla Axio Hybrid 1.5A,2021,24000,124800,Toyota
BMW M3 Coupe (COE till 09/2030),2011,121508,135888,BMW
Mercedes-Benz Vito 114 CDI,2018,75168,66800,Mercedes-Benz
Mercedes-Benz GLC-Class GLC43 AMG 4MATIC Night Edition,2019,105580,186800,Mercedes-Benz
Hyundai Venue 1.6A GLS S,2021,30000,106800,Hyundai
Lexus RX Turbo RX200t Luxury Sunroof,2017,100238,155800,Lexus
Ford Mustang 5.0A GT,2016,2302,168800,Ford
Subaru Forester 2.0A XT Sunroof,2016,116500,59800,Subaru
BMW 7 Series 730Li Sunroof,2015,138000,91588,BMW
Toyota Corolla Altis 1.6A,2015,142000,34000,Toyota
Mercedes-Benz E-Class E240 (COE till 10/2024),2004,190000,19900,Mercedes-Benz
Audi A4 1.4A TFSI S-tronic,2016,131000,62800,Audi
Kia Sorento Diesel 2.2A CRDi Sunroof,2019,52000,125800,Kia
Honda Civic 1.8A (COE till 03/2029),2009,125000,67800,Honda
Hyundai Tucson 2.0A GLS Sunroof,2017,73068,65800,Hyundai
Hyundai Kona 1.0 T-GDI MT,2018,67560,59800,Hyundai
Nissan X-Trail 2.0A 7-Seater Sunroof,2017,89288,64888,Nissan
Toyota Wish 1.8A Elegance,2016,155000,54800,Toyota
Honda Jazz 1.5A,2021,36800,104800,Honda
Kia Cerato Forte 1.6A EX (COE till 01/2029),2009,178000,56000,Kia
BMW 1 Series 118i 5DR M-Sport Highline,2020,33037,150800,BMW
Porsche 718 Cayman 2.0A PDK,2018,73000,259800,Porsche
Toyota Harrier 2.0A Elegance Panoramic Roof,2016,129000,64800,Toyota
Mercedes-Benz E-Class E250 CGI Coupe (COE till 08/2029),2010,158000,96800,Mercedes-Benz
Mitsubishi Eclipse Cross 1.5A Sunroof,2019,107000,100888,Mitsubishi
Audi A5 Coupe 3.2A FSI Quattro S-Line (COE till 03/2030),2010,53000,90800,Audi
Honda Vezel 1.5A X,2015,128000,33800,Honda
Nissan Cabstar 3.0M (COE till 09/2028),2013,244800,49800,Nissan
Nissan NV200 1.6A DX,2017,37105,40800,Nissan
Porsche Cayenne 3.0A Tip,2021,22283,398800,Porsche
Subaru Forester 2.0i-L Sunroof,2016,115633,43822,Subaru
Maserati Ghibli 3.0A,2019,32600,256000,Maserati
Mercedes-Benz B-Class B180,2019,93000,103800,Mercedes-Benz
Lexus UX200 Executive,2019,53000,135800,Lexus
Porsche 911 Carrera S Coupe 3.8A PDK (COE till 03/2033),2013,106000,368800,Porsche
Toyota Estima 2.4A Aeras Premium Moonroof,2017,63322,107800,Toyota
Nissan NV200 1.5M,2017,119000,36888,Nissan
Mercedes-Benz C-Class C180 Avantgarde,2016,159500,62999,Mercedes-Benz
BMW 2 Series 218i Gran Coupe Luxury,2021,13227,156800,BMW
Toyota Harrier 2.0A Premium Panoramic Roof Style Mauve,2016,81700,72800,Toyota
Honda Vezel Hybrid 1.5A e-HEV X,2021,39000,148800,Honda
Audi TT Coupe 2.0A TFSI S-tronic (COE till 08/2030),2010,90000,99888,Audi
Audi A3 Sedan 1.4A TFSI Attraction,2016,85000,54800,Audi
Mercedes-Benz C-Class C200,2014,123000,42800,Mercedes-Benz
Toyota Sienta Hybrid 1.5A X,2021,27000,125800,Toyota
Subaru Forester 2.0A XT Sunroof,2016,130000,51889,Subaru
MINI One 1.5A 5DR,2018,48000,93500,MINI
Lexus CT Hybrid CT200h Executive,2015,90000,43500,Lexus
Lexus RX350H Hybrid Luxury,2023,7113,363800,Lexus
Mercedes-Benz G-Class G400d AMG Line Night-Edition 4MATIC Premium Plus,2022,8900,619000,Mercedes-Benz
Nissan X-Trail 2.0A 7-Seater Sunroof,2017,148000,67000,Nissan
Toyota Supra 2.0A SZ-R,2020,15000,219888,Toyota
Volkswagen Golf 1.4A TSI,2015,147000,38800,Volkswagen
Toyota GR86 2.4M RC,2022,4500,255800,Toyota
Mercedes-Benz CLA-Class CLA45 AMG 4MATIC (New 10-yr COE),2014,63000,198888,Mercedes-Benz
Honda Vezel 1.5A X Honda Sensing,2015,103388,36888,Honda
Mercedes-Benz GLC-Class GLC200,2019,62000,159800,Mercedes-Benz
BMW M2 Coupe Competition,2020,35000,313500,BMW
Porsche Cayenne Diesel 3.0A Tip Panoramic Roof,2016,80000,146777,Porsche
Mitsubishi Lancer EX 2.0A GT (COE till 08/2029),2009,148000,69800,Mitsubishi
Land Rover Defender 90,2022,11000,277777,Land Rover
Toyota Voxy Hybrid 1.8A V,2017,88880,108800,Toyota
Mitsubishi Evolution 10 GSR (COE till 02/2029),2009,18000,164000,Mitsubishi
Renault Grand Scenic Diesel 1.5A dCi Moonroof,2018,99000,78888,Renault
Bentley Flying Spur 4.0A V8,2022,7200,1550000,Bentley
BMW 7 Series 740Li Sunroof (COE till 10/2030),2010,84000,119800,BMW
Mercedes-Benz GLS-Class GLS400d AMG Line 4MATIC Premium,2021,43000,349000,Mercedes-Benz
Mercedes-Benz C-Class C180 CGI (COE till 03/2033),2013,120000,113999,Mercedes-Benz
Honda Fit Hybrid 1.5A,2018,37333,79777,Honda
BMW 7 Series 740Li Sunroof,2016,125000,126000,BMW
Opel Crossland 1.2A X Turbo,2018,1600,62800,Opel
Volkswagen Golf GTI 5DR (COE till 05/2029),2009,65000,83800,Volkswagen
Volkswagen Polo 1.0A TSI Comfortline,2022,20000,118988,Volkswagen
Audi S3 Sedan 2.0A TFSI Quattro,2021,14000,275000,Audi
Mercedes-Benz CLS-Class CLS53 Mild Hybrid AMG 4MATIC+ Plus,2020,5908,418800,Mercedes-Benz
Porsche 911 Speedster 4.0M,2020,120,1300000,Porsche
Renault Megane RS 2.0T 275 Trophy-R,2015,37000,140500,Renault
BMW 2 Series 216i Gran Tourer,2019,69000,108000,BMW
Honda Freed Hybrid 1.5A G,2018,47000,95800,Honda
Mercedes-Benz C-Class C180 Mild Hybrid Avantgarde,2022,19000,218800,Mercedes-Benz
Honda Odyssey 2.4A EXV-S Sunroof,2014,141255,32800,Honda
Porsche Macan 2.0A PDK,2017,90000,185800,Porsche
Honda Odyssey 2.4A EXV-S Sunroof,2015,38000,41800,Honda
Citroen Grand C4 SpaceTourer 1.2A PureTech EAT6,2020,52000,125555,Citroen
Mercedes-Benz A-Class A200 (New 10-yr COE),2013,130000,156400,Mercedes-Benz
Honda Civic 1.6A VTi (New 5-yr COE),2014,138383,76666,Honda
Audi A4 1.4A TFSI S-tronic,2017,57400,83800,Audi
Audi A4 1.8A TFSI MU S-Line (COE till 07/2028),2008,119000,58800,Audi
BMW X3 Mild Hybrid xDrive20i M-Sport,2022,7888,232888,BMW
Mercedes-Benz C-Class C180K (COE till 01/2029),2009,168000,78500,Mercedes-Benz
Mercedes-Benz SLK-Class SLK200K (COE till 09/2030),2010,116383,88888,Mercedes-Benz
MINI Cooper Clubman 1.5A,2022,5000,198900,MINI
Nissan NV350 2.5M,2015,96000,18800,Nissan
Mercedes-Benz E-Class E200 Avantgarde,2020,75000,173500,Mercedes-Benz
Mercedes-Benz S-Class S320L,2016,151000,136800,Mercedes-Benz
Toyota Vellfire 2.5A Z A-Edition Moonroof,2016,63000,89800,Toyota
MINI Cooper Clubman 1.5A,2022,9000,198900,MINI
Mercedes-Benz GLB-Class GLB250 AMG Line 4MATIC 7-Seater,2022,7500,268800,Mercedes-Benz
Mitsubishi Lancer EX 1.6A,2017,95000,56000,Mitsubishi
Toyota Camry 2.5A,2019,101500,121800,Toyota
Mazda 3 1.5A,2015,130000,25000,Mazda
Volvo XC60 T5 Momentum,2017,39000,119800,Volvo
Kia Stinger 2.0A Sunroof,2019,74000,144800,Kia
Toyota Camry 2.0A,2015,128000,38900,Toyota
Subaru Impreza 4D 1.6i-S,2017,168000,52888,Subaru
Nissan Teana 2.0A (COE till 01/2029),2009,162000,61800,Nissan
Toyota C-HR Hybrid 1.8A G LED,2017,43800,69800,Toyota
Kia Forte K3 1.6A,2017,100000,60000,Kia
Honda HR-V 1.5A LX,2017,75000,69800,Honda
Toyota Alphard Hybrid 2.5A SR C-Package Moonroof,2023,25,365800,Toyota
Honda Vezel 1.5A G,2023,20,148800,Honda
Toyota Alphard Hybrid 2.5A SR C-Package Moonroof,2023,25,365800,Toyota
Honda Vezel 1.5A G Honda Sensing,2023,15,148800,Honda
Honda Vezel 1.5A G Honda Sensing,2022,20,148800,Honda
Honda Vezel 1.5A G Honda Sensing,2022,12,148800,Honda
Honda Jazz 1.3A,2019,79000,74500,Honda
Mercedes-Benz GLC-Class GLC300 Coupe Mild Hybrid AMG Line,2022,2450,293800,Mercedes-Benz
Peugeot 5008 1.6A Puretech EAT8 Allure,2019,77000,116800,Peugeot
Toyota Yaris Cross Hybrid 1.5A X,2021,25000,125888,Toyota
BMW 3 Series 325i Convertible (COE till 03/2030),2010,135000,75788,BMW
Toyota Previa 2.4A Aeras Luxury Moonroof,2017,87000,104888,Toyota
Honda Vezel Hybrid 1.5A X,2016,102000,50900,Honda
Mazda 8 2.3A,2015,109000,33800,Mazda
Subaru Forester 2.0A XT Sunroof,2016,158800,47888,Subaru
Bentley Continental GT 4.0A V8,2015,73500,283800,Bentley
Hyundai Santa Fe Hybrid 1.6A Turbo Sunroof 7-Seater,2022,33000,206888,Hyundai
Audi A5 Sportback Mild Hybrid 2.0A TFSI S-tronic,2020,42900,165000,Audi
Toyota Corolla Hybrid 1.8A GX,2021,31000,121888,Toyota
Mitsubishi Eclipse Cross 1.5A,2019,60800,105888,Mitsubishi
Nissan Note e-POWER Hybrid 1.2A Premium,2022,31000,117388,Nissan
Mercedes-Benz CLA-Class CLA250 AMG Line,2023,90,289800,Mercedes-Benz
Toyota Alphard Hybrid 2.5A SR C-Package Moonroof,2023,10,365800,Toyota
Toyota Camry 2.5A,2019,107231,113888,Toyota
Hyundai Staria 3.5A Sunroof,2023,10500,269888,Hyundai
Audi R8 4.2A FSI Quattro R-tronic (COE till 03/2028),2008,145000,150888,Audi
BMW 3 Series 316i,2015,136386,33800,BMW
Porsche 718 Spyder 4.0M Cabriolet,2020,7000,515800,Porsche
Toyota Corolla Hybrid 1.8A GX,2021,80650,122800,Toyota
Nissan NV350 2.5M,2018,11550,47800,Nissan
Toyota Previa 2.4A,2016,112390,82800,Toyota
Toyota Vios 1.5A E,2016,93446,43888,Toyota
Audi Q5 2.0A TFSI Quattro,2017,67600,90800,Audi
Kia Cerato 1.6A GT Line Sunroof (OPC),2020,25920,98800,Kia
Hyundai Elantra 1.6A GLS S,2018,75000,68800,Hyundai
Toyota Sienta Hybrid 1.5A G,2021,37000,122800,Toyota
BMW Z4 sDrive23i (COE till 05/2030),2010,115000,90800,BMW
Mitsubishi Eclipse Cross 1.5A,2018,134000,83800,Mitsubishi
Porsche Macan S 3.0A PDK,2016,108000,168888,Porsche
Audi A3 Sportback 1.0A TFSI S-tronic,2020,48000,121800,Audi
Nissan Qashqai 1.2A DIG-T Premium,2017,88000,51800,Nissan
Toyota Sienta Hybrid 1.5A X,2021,28000,118800,Toyota
Toyota Corolla Altis 1.6A (COE till 03/2027),2012,190000,52800,Toyota
Toyota Raize 1.0A X,2021,30000,111800,Toyota
Mitsubishi Outlander 2.0A Style,2019,64000,110800,Mitsubishi
BMW M135i 5DR (New 10-yr COE),2013,89000,153888,BMW
Mercedes-Benz SLK-Class SLK200 ML (COE till 04/2029),2002,144302,69800,Mercedes-Benz
Mercedes-Benz GLC-Class GLC200,2020,39000,195000,Mercedes-Benz
Toyota Vellfire 2.5A Z G-Edition Moonroof,2020,61000,236000,Toyota
Honda Fit Hybrid 1.5A,2020,38000,91777,Honda
Toyota Prius Hybrid 1.8A S,2018,25233,99800,Toyota
Citroen DS4 Crossback Diesel 1.6A BlueHDi,2017,90365,56777,Citroen
Honda Odyssey 2.4A EXV-S Sunroof,2017,75164,109800,Honda
Mercedes-Benz S-Class S400L,2014,53000,119000,Mercedes-Benz
Toyota Corolla Altis 1.6A Standard,2018,154000,80900,Toyota
Maserati Quattroporte 3.0A,2015,103000,136800,Maserati
Nissan Note 1.2A DIG-S,2017,59376,43822,Nissan
Mitsubishi Fuso Canter FEB50,2017,118000,69800,Mitsubishi
Mercedes-Benz CLA-Class CLA45 AMG 4MATIC (New 10-yr COE),2014,94000,189800,Mercedes-Benz
Audi A3 Sportback 1.0A TFSI S-tronic,2018,97000,80800,Audi
Mazda 2 HB 1.5A Deluxe,2018,62000,75800,Mazda
Honda Civic 1.6A VTi,2017,88000,74800,Honda
BMW 7 Series 730Li Sunroof (COE till 11/2031),2011,112000,162800,BMW
Mercedes-Benz GLA-Class GLA200 AMG Line Sunroof,2019,46000,148800,Mercedes-Benz
Volkswagen Tiguan 1.4A TSI Comfortline EQP Panoramic Roof,2018,62000,96800,Volkswagen
Hyundai Accent 1.4A,2018,77000,64500,Hyundai
BMW 5 Series 530i Luxury,2018,65125,145777,BMW
Toyota Harrier Turbo 2.0A G Panoramic Roof,2018,76156,108888,Toyota
Honda Odyssey 2.4A EX-S,2018,81729,116688,Honda
Mercedes-Benz E-Class E250 CGI Cabriolet (COE till 08/2030),2010,148427,103500,Mercedes-Benz
Maserati GranTurismo 4.2A (COE till 11/2028),2009,120000,110000,Maserati
Porsche Macan S 3.0A PDK,2014,83261,103800,Porsche
Porsche 911 Carrera Cabriolet 3.0A,2021,12000,588788,Porsche
Skoda Karoq 1.5A TSI Style,2020,45000,125800,Skoda
Mercedes-Benz GLE-Class GLE450 Mild Hybrid 4MATIC,2020,74817,319800,Mercedes-Benz
Toyota Previa 2.4A,2016,86235,73800,Toyota
Toyota Dyna 150 3.0M (COE till 07/2028),2008,180212,53800,Toyota
Isuzu NHR85A,2016,113565,37800,Isuzu
BMW X5 xDrive40i 7-Seater,2020,58000,265800,BMW
Hyundai Tucson 2.0A GLS,2016,81000,52800,Hyundai
Toyota Estima 2.4A Aeras Moonroof (New 5-yr COE),2014,179000,104800,Toyota
Renault Megane Sedan 1.2A Privilege TCe,2018,87000,66800,Renault
Toyota Raize 1.0A X,2021,30000,107800,Toyota
Honda Freed Hybrid 1.5A G,2018,60000,96800,Honda
Audi R8 Coupe 5.2A FSI Performance RWD S-tronic,2023,1816,720000,Audi
Hyundai Avante 1.6A GLS S,2019,117000,74700,Hyundai
Honda Vezel 1.5A X,2016,89000,45800,Honda
Toyota Camry Hybrid 2.5A Ascent,2021,31000,141800,Toyota
Citroen C4 Picasso Diesel 1.6A BlueHDi,2017,78000,44800,Citroen
Toyota Prius Hybrid 1.8A S,2021,32351,140800,Toyota
Toyota Dyna 150 2.8A,2021,31000,105800,Toyota
Toyota Harrier 2.0A G Panoramic Roof,2018,125000,110800,Toyota
Honda Shuttle Hybrid 1.5A,2021,37287,125800,Honda
Honda Jazz Hybrid 1.5A e-HEV Luxe,2021,36000,125800,Honda
Mercedes-Benz C-Class C180K (COE till 04/2029),2009,158000,66888,Mercedes-Benz
Mercedes-Benz A-Class A200 Style,2017,49000,78800,Mercedes-Benz
Mercedes-Benz A-Class A45 AMG 4MATIC (COE till 09/2033),2013,28000,218700,Mercedes-Benz
Honda Vezel 1.5A X,2016,103000,43800,Honda
Mercedes-Benz CLA-Class CLA180 AMG Line (New 10-yr COE),2014,56000,144800,Mercedes-Benz
Porsche Macan 2.0A PDK,2016,91000,128000,Porsche
Volvo V40 T4 Momentum,2019,70000,105800,Volvo
BMW ALPINA B4 Bi-Turbo Coupe Sunroof,2020,17000,268800,BMW
Honda Stream 1.8A (COE till 11/2028),2008,150000,58800,Honda
Mercedes-Benz C-Class C200 CGI (COE till 08/2030),2010,180000,86500,Mercedes-Benz
Mercedes-Benz CLA-Class CLA200 (COE till 06/2032),2013,139522,123800,Mercedes-Benz
Citroen C4 1.2A PureTech,2017,94000,58800,Citroen
Peugeot 3008 1.2A PureTech EAT6 Allure,2018,80000,83000,Peugeot
Lamborghini Aventador S,2018,4000,998800,Lamborghini
Audi A3 Sedan 1.0A TFSI S-tronic,2020,27305,114800,Audi
Mazda 2 HB 1.5A (OPC),2017,14542,47800,Mazda
Hyundai i30 1.4A T-GDi DCT Turbo,2019,56750,93800,Hyundai
Porsche 911 Carrera Coupe 3.0A PDK,2020,13000,538800,Porsche
Mitsubishi Lancer 1.6A (COE till 12/2028),2008,166000,58800,Mitsubishi
Volvo S60 T4 R-Design Sunroof,2021,33000,166800,Volvo
Volvo V40 T2,2017,96000,62800,Volvo
Isuzu FRR90,2018,77000,89800,Isuzu
BMW X4 M40i,2019,73000,239800,BMW
Toyota Estima 2.4A Aeras (COE till 02/2028),2008,178888,58000,Toyota
Opel Astra 1.4A Turbo Innovation,2020,60999,115800,Opel
BMW ALPINA B4 Bi-Turbo Coupe,2020,28000,259800,BMW
Porsche 911 Carrera S Cabriolet 3.0A PDK,2019,8000,608800,Porsche
Mercedes-Benz E-Class E200 CGI Coupe (COE till 07/2030),2010,160388,96888,Mercedes-Benz
Nissan Sylphy 1.6A Premium,2018,45000,74900,Nissan
Mercedes-Benz GLC-Class GLC300 Coupe Mild Hybrid AMG Line Premium Plus,2023,6000,303800,Mercedes-Benz
Mercedes-Benz C-Class C180 Avantgarde,2018,113059,117888,Mercedes-Benz
Hyundai Avante 1.6A GLS S,2019,26000,85800,Hyundai
Audi R8 4.2A FSI Quattro (COE till 01/2031),2011,50000,217800,Audi
Toyota Vellfire 2.5A X Moonroof,2018,68000,158800,Toyota
Mitsubishi Fuso Canter FEA01,2021,28000,89800,Mitsubishi
Porsche Macan 2.0A PDK Panoramic Roof,2015,122000,100000,Porsche
Toyota Wish 1.8A,2016,110000,46800,Toyota
Honda Accord 2.0A VTi-S,2015,96095,48800,Honda
Subaru Forester 2.0i-L Sunroof,2016,108300,45000,Subaru
Nissan Qashqai 1.2A DIG-T,2015,106400,36800,Nissan
Mercedes-Benz E-Class E200 Mild Hybrid Avantgarde,2022,31000,245999,Mercedes-Benz
Mercedes-Benz E-Class E250 Coupe Sunroof (New 10-yr COE),2014,131095,185800,Mercedes-Benz
Mitsubishi Lancer EX 1.6A,2015,130000,28800,Mitsubishi
MINI Cooper S 1.6A Sunroof (COE till 03/2031),2011,156000,90800,MINI
Nissan Teana 2.5A (COE till 01/2029),2009,57806,58800,Nissan
Nissan Qashqai 1.2A DIG-T,2015,196000,22800,Nissan
Mazda 2 1.5A Standard Plus,2018,72600,62000,Mazda
Volkswagen Golf Cabriolet 1.4A TSI (COE till 09/2031),2012,130000,84800,Volkswagen
Audi Q7 2.0A TFSI Quattro Tip 7-Seater,2019,70000,195800,Audi
Mazda 2 1.5A,2017,95240,48800,Mazda
Toyota Corolla Altis 1.6A Standard,2019,61898,84800,Toyota
Audi Q7 3.0A TFSI Quattro (COE till 09/2031),2011,168000,139000,Audi
Volkswagen Golf 1.4A TSI EQP Sunroof,2015,82200,24500,Volkswagen
Hyundai Elantra 1.6A Elite,2015,103203,30800,Hyundai
Hyundai Sonata 2.0A GLS,2017,60000,59800,Hyundai
Lamborghini Huracan EVO Spyder,2021,25500,988000,Lamborghini
Honda Jazz 1.3A,2020,38491,91800,Honda
Toyota Rav4 2.0A Premium,2016,72328,66328,Toyota
Mitsubishi ASX 2.0A,2017,89000,53800,Mitsubishi
Honda Shuttle Hybrid 1.5A,2020,45000,105800,Honda
Toyota Hiace 2.8A DX,2019,63112,78000,Toyota
Honda Jazz 1.5M RS,2017,92000,50800,Honda
Mazda Biante 2.0A,2016,95000,58800,Mazda
Kia Stonic 1.0A EX,2019,77000,73800,Kia
Toyota Yaris Cross 1.5A G,2023,28,135988,Toyota
Mitsubishi Fuso Fighter FM65,2017,80000,82800,Mitsubishi
BMW 2 Series 218i Active Tourer,2015,111000,42300,BMW
Ferrari 599 F1 GTB Fiorano (COE till 01/2029),2009,91800,338800,Ferrari
Honda Fit 1.3A G F-Package,2018,69000,63800,Honda
Mitsubishi Lancer EX 1.5A (COE till 04/2026),2011,118000,34888,Mitsubishi
Honda Odyssey 2.4A EXV-S Sunroof,2018,142500,109800,Honda
Rolls-Royce Cullinan 6.75A,2019,5851,1650000,Rolls-Royce
Nissan Note e-POWER Hybrid 1.2A Premium,2021,60500,105500,Nissan
BMW M850i Coupe xDrive (COE till 08/2031),2021,20600,472800,BMW
Mercedes-Benz E-Class E200 Avantgarde,2016,60000,105800,Mercedes-Benz
BMW 1 Series 120i Cabriolet (COE till 09/2029),2010,103000,73800,BMW
Nissan Qashqai 1.2A DIG-T,2016,73000,44800,Nissan
Nissan Qashqai 1.2A DIG-T Premium,2016,79877,44800,Nissan
BMW 2 Series 218i Coupe M-Sport Sunroof,2018,77000,118000,BMW
Porsche Macan 2.0A PDK,2017,95000,166000,Porsche
Honda Vezel Hybrid 1.5A X,2017,50900,68800,Honda
Toyota Prius Hybrid 1.8A S,2021,31802,139800,Toyota
Toyota Dyna 150 3.0M (New 5-yr COE),2014,158000,59800,Toyota
Toyota Corolla Altis 1.6A Elegance,2020,58200,113800,Toyota
Honda N-Van Turbo Style Fun Honda Sensing,2023,1,88800,Honda
Hyundai Accent 1.4A,2016,114088,43800,Hyundai
Honda Odyssey 2.4A EXV-S Navi Res Sunroof,2015,89432,52800,Honda
BMW 3 Series 316i Sport (New 10-yr COE),2013,100000,139900,BMW
Toyota Estima 2.4A X (COE till 03/2030),2010,140000,102800,Toyota
Mercedes-Benz GLA-Class GLA200 Sport Executive,2022,15000,195800,Mercedes-Benz
Honda HR-V 1.5A LX,2017,75000,70800,Honda
Toyota Corolla Altis 1.6A Elegance,2015,165365,41800,Toyota
Mazda 3 1.5A Deluxe Sunroof,2016,78000,49800,Mazda
Honda Jazz 1.3A L (COE till 12/2028),2008,95000,57800,Honda
Lexus ES Hybrid ES300h Sunroof,2015,150000,55500,Lexus
Jaguar XJ 2.0A Premium Luxury SWB Sunroof,2018,164866,152800,Jaguar
Hyundai Elantra 1.6A GLS,2016,110403,44800,Hyundai
Opel Zafira Grand Tourer 1.4A Turbo,2019,86000,98800,Opel
Mazda 5 2.0A SP Sunroof,2016,86878,46800,Mazda
Toyota Wish 1.8A,2016,130000,56800,Toyota
Mercedes-Benz C-Class C180 Avantgarde AMG Line,2014,150000,36300,Mercedes-Benz
SEAT Toledo 1.4A TSI DSG Style,2020,48000,79888,SEAT
Hyundai Avante 1.6A GLS S,2019,63501,91200,Hyundai
Porsche 718 Cayman 2.0A PDK,2018,20000,263388,Porsche
Porsche Boxster S 3.4A PDK (COE till 07/2029),2009,118000,133300,Porsche
Mercedes-Benz CLA-Class CLA180,2015,92000,45888,Mercedes-Benz
Mitsubishi Outlander 2.4A Sunroof,2016,119078,55800,Mitsubishi
Mitsubishi Evolution 10 GSR SST (COE till 06/2028),2008,143500,125200,Mitsubishi
Mercedes-Benz GLB-Class GLB200 AMG Line,2021,27698,208800,Mercedes-Benz
Toyota Estima 2.4A Aeras Premium Moonroof,2014,98500,40800,Toyota
Mercedes-Benz GLA-Class GLA180,2017,100733,70800,Mercedes-Benz
Porsche Cayman 2.7A (COE till 11/2028),2008,160000,119900,Porsche
Mercedes-Benz C-Class C160 Avantgarde,2020,78000,158800,Mercedes-Benz
Mitsubishi Attrage 1.2A Sports,2019,21000,65800,Mitsubishi
Audi A1 Sportback 1.0A TFSI S-tronic,2017,109088,52800,Audi
Peugeot 107 1.0A (COE till 01/2030),2010,139335,53998,Peugeot
Toyota Dyna 150 3.0M (COE till 07/2028),2013,112000,56800,Toyota
Kia Cerato K3 1.6A,2017,46100,55500,Kia
Mazda CX-5 2.5A Luxury Sunroof,2016,157000,55000,Mazda
Honda Freed 1.5A B Honda Sensing,2023,18,168000,Honda
BMW M3 (COE till 07/2030),2010,92888,198188,BMW
Hyundai TL Tucson 2.0A GLS,2017,57000,72800,Hyundai
Mercedes-Benz E-Class E200 Avantgarde,2020,38000,189888,Mercedes-Benz
Mazda 3 HB Mild Hybrid 1.5A Astina Sunroof,2021,60000,126800,Mazda
Maserati GranTurismo 4.2A (COE till 02/2033),2013,89064,183000,Maserati
Nissan Sylphy 1.6A,2018,90888,72800,Nissan
BMW X1 sDrive20i M-Sport,2019,80000,122000,BMW
Toyota Previa 2.4A 8-Seater Moonroof,2015,103000,51800,Toyota
BMW 6 Series 630Ci Sunroof (COE till 04/2026),2006,129000,39800,BMW
Peugeot 308 1.2A PureTech Allure Glass Roof,2015,110000,23800,Peugeot
Volkswagen Golf 1.4A TSI Comfortline,2019,89786,86800,Volkswagen
Honda Jazz 1.3A,2018,97338,56789,Honda
BMW 1 Series 116d,2017,95000,68600,BMW
Volkswagen Polo GP 1.2A TSI Sunroof,2017,99000,51800,Volkswagen
Audi A5 Coupe 2.0A TFSI (COE till 03/2029),2009,170000,95800,Audi
Mercedes-Benz E-Class E43 AMG 4MATIC,2017,55000,195800,Mercedes-Benz
Suzuki SX4 1.6A (COE till 04/2030),2010,164520,69900,Suzuki
Porsche Macan 2.0A PDK Panoramic Roof,2017,121000,197000,Porsche
Mercedes-Benz GLC-Class GLC200 Coupe,2017,160000,152888,Mercedes-Benz
Volkswagen Golf R 5DR Sunroof,2016,130000,100788,Volkswagen
Porsche 911 Carrera S Coupe 3.0A PDK,2019,21000,530788,Porsche
Honda Fit 1.3A G F-Package,2019,40500,78800,Honda
Mercedes-Benz C-Class C180 Avantgarde,2017,80000,101800,Mercedes-Benz
Honda Vezel Hybrid 1.5A X,2017,85240,59800,Honda
Porsche Macan Diesel S 3.0A PDK (New 10-yr COE),2014,119000,238888,Porsche
Mitsubishi Fuso Canter FEB21,2017,127240,57800,Mitsubishi
Opel Crossland 1.2A X Turbo,2023,3500,127000,Opel
BMW 3 Series 318i Luxury,2018,113000,99000,BMW
Volvo S60 T2,2018,71000,88800,Volvo
Opel Mokka X Diesel 1.6A,2017,93000,48333,Opel
Audi A4 1.8A TFSI MU (COE till 05/2028),2008,200000,60888,Audi
Nissan Qashqai 2.0A Premium Moonroof,2016,73000,48900,Nissan
Honda S2000 Type S 2.2M (COE till 01/2029),2009,194000,188800,Honda
Honda HR-V 1.5A DX,2016,80000,60000,Honda
Ferrari California T 3.8A,2015,28500,550000,Ferrari
Volkswagen Golf 1.4A TSI Comfortline,2019,100000,88289,Volkswagen
BMW 7 Series 730i M-Sport Sunroof,2018,60000,199800,BMW
Mercedes-Benz E-Class E300 Cabriolet Mild Hybrid AMG Line Premium Plus Night Edition,2021,22800,310800,Mercedes-Benz
Honda Accord 2.0A VTi-S,2015,111000,47800,Honda
Porsche Cayenne 3.6A Tip (COE till 05/2031),2011,101000,161000,Porsche
Mazda 3 1.5A Deluxe Sunroof,2015,122245,32888,Mazda
Lamborghini Aventador LP750-4 Superveloce,2015,30190,1088888,Lamborghini
Jaguar E-PACE 2.0A Prestige,2020,30000,145888,Jaguar
Mercedes-Benz B-Class B180 Progressive,2023,3700,215800,Mercedes-Benz
Chevrolet Cruze 1.6A (COE till 06/2024),2009,183200,13800,Chevrolet
Toyota Dyna 150 2.8M,2022,51320,103300,Toyota
Lexus IS250 Luxury (COE till 07/2028),2008,201658,58800,Lexus
Maserati Levante S GranLusso 3.0A Sunroof,2019,34000,298000,Maserati
Maserati Ghibli 3.0A,2018,38000,225000,Maserati
MINI Cooper S 1.6A (COE till 10/2029),2010,120000,65800,MINI
SEAT Ibiza 1.0A EcoTSI DSG Style,2019,60000,80000,SEAT
Subaru Forester 2.0A XT Sunroof,2016,135000,69888,Subaru
Porsche Macan 2.0A (New 10-yr COE),2015,91000,242800,Porsche
Porsche Cayman S 3.4A Tip (COE till 11/2026),2006,155000,89500,Porsche
BMW X3 xDrive20i,2022,9000,255800,BMW
Honda Civic Hybrid 1.3A (COE till 07/2025),2010,122000,24800,Honda
BMW 3 Series 325i Convertible (COE till 04/2027),2007,123000,50800,BMW
Nissan Navara NP300 Single-Cab 2.3M,2016,70000,37800,Nissan
BMW 3 Series 335i Sunroof (COE till 01/2031),2011,169284,108800,BMW
Mercedes-Benz E-Class E250 Cabriolet (COE till 02/2033),2013,102600,149888,Mercedes-Benz
BMW 4 Series 430i Gran Coupe M-Sport Sunroof,2016,110564,112800,BMW
Mitsubishi Lancer EX 2.0A GT (COE till 08/2030),2010,206000,122000,Mitsubishi
BMW 5 Series 525i (COE till 12/2025),2006,204000,34800,BMW
MINI John Cooper Works GP 2.0A,2021,5088,218888,MINI
Volkswagen Golf Cabriolet 1.4A TSI (COE till 06/2031),2012,120000,78000,Volkswagen
Mercedes-Benz C-Class C180 Avantgarde,2015,122990,47800,Mercedes-Benz
Kia Cerato K3 1.6A,2018,85000,63800,Kia
Citroen C3 Aircross 1.2A PureTech Shine,2018,78000,68800,Citroen
Mercedes-Benz C-Class C180 Avantgarde,2015,99500,48888,Mercedes-Benz
Porsche 911 Carrera Coupe 3.0A PDK,2023,18,780000,Porsche
Honda Vezel 1.5A X,2019,30000,96800,Honda
BMW 7 Series 730Li Sunroof,2018,70000,171800,BMW
Audi TT Coupe 1.8T (COE till 01/2031),2002,80000,90800,Audi
Mercedes-Benz S-Class S500L Mild Hybrid AMG Line,2018,36702,275888,Mercedes-Benz
Maserati GranTurismo Sport 4.7A (COE till 04/2033),2013,80000,198800,Maserati
Mercedes-Benz GLB-Class GLB200 AMG Line 7-Seater,2021,98000,184800,Mercedes-Benz
Mazda 2 HB 1.5A Deluxe,2018,108200,59888,Mazda
Mercedes-Benz E-Class E250 CGI Sunroof (COE till 06/2030),2010,184000,88888,Mercedes-Benz
Mitsubishi Attrage 1.2A (OPC),2019,35000,60800,Mitsubishi
Mercedes-Benz CLA-Class CLA200 Progressive,2019,35326,153800,Mercedes-Benz
Toyota Previa 2.4A 8-Seater Moonroof,2015,84000,58800,Toyota
Mazda 6 2.0A Executive,2022,20000,154888,Mazda
Volvo V40 Cross Country T4 Sunroof,2017,93000,68800,Volvo
BMW 4 Series 428i Gran Coupe Sunroof,2014,94500,53888,BMW
Bentley Continental Flying Spur 6.0A Speed (COE till 03/2029),2009,74000,139800,Bentley
Honda Fit 1.3A G F-Package,2017,100000,52800,Honda
Bentley Flying Spur 4.0A V8,2023,200,1230000,Bentley
Volvo V40 T2,2018,77000,77800,Volvo
BMW X5 xDrive25d,2017,35144,162888,BMW
Toyota Vios 1.5A E,2019,66000,87800,Toyota
Hyundai Elantra 1.6A GLS S,2016,101000,45800,Hyundai
Mercedes-Benz A-Class Saloon A35 AMG 4MATIC,2022,48000,260800,Mercedes-Benz
Honda Fit 1.3A GF,2019,33000,83800,Honda
Audi TT Coupe 2.0A TFSI S-tronic,2021,20000,213800,Audi
Toyota Wish 1.8A X,2016,95000,57800,Toyota
BMW 5 Series 523i (COE till 11/2030),2010,155000,92800,BMW
Mercedes-Benz GLC-Class GLC250 4MATIC,2016,89800,99800,Mercedes-Benz
Honda Vezel Hybrid 1.5A X,2021,30000,127800,Honda
Porsche Cayenne 3.6A Tip (COE till 05/2028),2008,170000,79000,Porsche
Mitsubishi Evolution 10 GSR (COE till 12/2028),2008,39364,149800,Mitsubishi
Jaguar XE Diesel 2.0A Prestige,2017,122000,82800,Jaguar
Audi A3 Sedan Mild Hybrid 1.5A TFSI S-tronic,2022,19064,162800,Audi
Mitsubishi Outlander 2.4A Sunroof,2016,88278,52800,Mitsubishi
Porsche Cayenne 3.6A Tip (COE till 06/2032),2012,139800,198800,Porsche
Audi A4 1.4A TFSI S-tronic Design,2016,91000,56800,Audi
Lexus GS300 (COE till 05/2027),2007,163000,50500,Lexus
Kia Sportage 2.0A,2015,89900,39800,Kia
Honda Civic 1.8A (COE till 09/2027),2007,150000,52388,Honda
Mercedes-Benz E-Class E200 CGI (COE till 10/2030),2011,108000,96800,Mercedes-Benz
Mercedes-Benz C-Class C250 CGI (COE till 09/2031),2011,95888,116800,Mercedes-Benz
Porsche Cayenne 3.6A Tip (COE till 01/2032),2012,87000,178800,Porsche
Subaru Forester 2.0i-L Sunroof,2017,68888,66800,Subaru
BMW 5 Series 520i (COE till 03/2033),2013,111888,142800,BMW
Toyota Corolla 1.6A (COE till 05/2026),2006,180000,26800,Toyota
Toyota Camry 2.4A (COE till 08/2029),2009,97000,67800,Toyota
BMW 6 Series 630i Coupe Sunroof (COE till 05/2028),2008,110000,67800,BMW
MINI Cooper S Coupe 1.6A (COE till 05/2033),2013,79584,115800,MINI
BMW 1 Series 116i (COE till 11/2031),2012,105000,96800,BMW
Mercedes-Benz E-Class E200 CGI Cabriolet (COE till 04/2031),2011,130000,110800,Mercedes-Benz
Honda Vezel 1.5A X,2019,38000,100800,Honda
Honda Vezel 1.5A X,2015,109000,24900,Honda
BMW M5 Sunroof (COE till 07/2031),2012,118000,158800,BMW
Mercedes-Benz GLB-Class GLB200 AMG Line Premium Plus 7-Seater,2021,36000,208800,Mercedes-Benz
Mercedes-Benz A-Class Saloon A180 Progressive,2022,12000,161800,Mercedes-Benz
Mercedes-Benz CLA-Class CLA200 (COE till 04/2033),2013,134000,124800,Mercedes-Benz
Audi A4 2.0A TFSI S-tronic,2018,109000,115800,Audi
BMW X4 xDrive20i,2019,59900,165800,BMW
Bentley Continental 6.0A Supersports (COE till 07/2032),2012,76000,238000,Bentley
Kia K2500 Single-Cab,2017,170000,39800,Kia
Mercedes-Benz S-Class S320L,2017,145500,155000,Mercedes-Benz
BMW 2 Series 216i Gran Coupe Sport,2022,22195,161800,BMW
Kia Cerato Forte 1.6A SX (COE till 09/2024),2009,172087,9900,Kia
BMW 3 Series 330i,2016,105000,95000,BMW
Volkswagen Jetta GP 1.4A TSI,2016,170000,46800,Volkswagen
Jaguar X-Type 2.0A SE (COE till 11/2027),2007,138000,59200,Jaguar
Porsche Panamera 2.9A PDK,2021,7800,442800,Porsche
Lamborghini Huracan STO,2023,221,1500000,Lamborghini
Volvo S60 T5 R-Design Sunroof,2018,64900,106800,Volvo
Lexus IS Turbo IS200t F Sport,2016,98000,85800,Lexus
Kia Cerato K3 1.6A,2017,73200,56800,Kia
Honda Fit Hybrid 1.5A,2019,48000,77800,Honda
Mercedes-Benz A-Class A200 Progressive,2018,73000,121188,Mercedes-Benz
Honda Civic Hybrid 1.3A (COE till 09/2024),2009,103000,10500,Honda
Honda Civic 1.5A VTEC Turbo Sunroof,2017,93000,82000,Honda
Audi A3 Cabriolet 1.4A TFSI S-tronic,2019,70000,129800,Audi
Mercedes-Benz E-Class E200,2017,80000,121800,Mercedes-Benz
Toyota Corolla Altis 1.6A (COE till 01/2031),2011,105000,80800,Toyota
Honda Vezel 1.5A X Honda Sensing,2016,90000,42800,Honda
Honda N-Van Turbo Style Fun Honda Sensing,2023,8,89800,Honda
Mitsubishi Attrage 1.2A,2019,40000,71000,Mitsubishi
Kia Cerato K3 1.6A,2017,81500,59900,Kia
Volkswagen Sportsvan 1.4A TSI Comfortline,2017,140000,59800,Volkswagen
Mitsubishi Fuso Canter FEB21,2021,14206,101800,Mitsubishi
Honda Stream 1.8A X (COE till 11/2028),2008,162000,62000,Honda
Porsche 911 Carrera S Coupe 3.8A PDK Sunroof (COE till 05/2033),2013,103000,368000,Porsche
Mercedes-Benz C-Class C200 Mild Hybrid,2019,96800,135800,Mercedes-Benz
Toyota Corolla Altis 1.6A Elegance,2020,40000,109800,Toyota
Honda Shuttle 1.5A G,2019,55400,83800,Honda
Mitsubishi Fuso Canter FEA01 (New 5-yr COE),2014,156212,56800,Mitsubishi
Volkswagen Jetta GP 1.4A TSI Highline,2016,82125,48800,Volkswagen
Mercedes-Benz GLB-Class GLB200 AMG Line Premium 7-Seater,2023,7000,248800,Mercedes-Benz
Bentley Flying Spur 4.0A V8,2023,100,1200000,Bentley
Toyota Corolla Altis 1.6A (COE till 10/2028),2008,116977,54800,Toyota
Kia Cerato 1.6A SX Sunroof,2019,31600,91800,Kia
Honda Civic 1.6A VTi,2019,69000,98800,Honda
Mercedes-Benz E-Class E200 Mild Hybrid AMG Line,2022,11000,240800,Mercedes-Benz
Peugeot 3008 Diesel 1.6A e-HDi ETG,2014,98000,18800,Peugeot
Porsche Boxster 2.7A PDK (COE till 11/2032),2012,110000,218800,Porsche
Citroen Berlingo L2 1.6A BlueHDi,2018,82400,41000,Citroen
MINI Cooper Cabriolet 1.6A (COE till 04/2031),2011,125181,81300,MINI
Mazda 3 1.5A Sunroof,2016,96000,38300,Mazda
Audi A3 Sedan 1.0A TFSI S-tronic,2020,37999,114800,Audi
Honda Fit Hybrid 1.5A,2018,72308,75888,Honda
Mercedes-Benz E-Class E250 Cabriolet (COE till 09/2032),2012,100000,143688,Mercedes-Benz
Toyota Corolla Altis 1.6A (COE till 09/2028),2008,130000,57800,Toyota
Volkswagen Golf Variant 1.4A TSI R-Line Sunroof,2017,105200,63000,Volkswagen
Honda Vezel 1.5A G,2022,26000,128800,Honda
Volvo S90 T6 Inscription Sunroof,2017,86101,105000,Volvo
Honda Civic 1.5A VTEC Turbo Sunroof,2017,102787,78800,Honda
Volvo V40 Diesel D2,2014,150000,21000,Volvo
Toyota Harrier Turbo 2.0A Premium Panoramic Roof,2018,71951,116800,Toyota
Audi A4 1.8A TFSI MU,2014,141000,26888,Audi
Mercedes-Benz B-Class B180 (New 10-yr COE),2014,118888,120888,Mercedes-Benz
BMW 2 Series 218i Coupe Sunroof,2019,59165,117000,BMW
Kia Cerato 1.6A EX,2019,80000,81000,Kia
Honda Vezel Hybrid 1.5A RS,2017,77000,77588,Honda
Nissan Note 1.2A,2018,56800,64800,Nissan
Honda HR-V 1.5A LX,2019,48000,89999,Honda
Land Rover Range Rover Evoque 2.0A 5DR (COE till 04/2032),2012,53500,138000,Land Rover
BMW 4 Series 420i Coupe M-Sport,2021,36000,209555,BMW
Mercedes-Benz C-Class C180 Avantgarde,2021,56148,169800,Mercedes-Benz
Honda Civic 1.5A VTEC Turbo Sunroof,2017,125000,81500,Honda
Lexus SC430 (COE till 03/2029),2009,128280,67800,Lexus
Bentley Continental GT 6.0A Speed,2015,50450,325800,Bentley
Toyota MRS 1.8M (COE till 03/2027),2007,147000,63500,Toyota
Mitsubishi Attrage 1.2A,2015,120000,21800,Mitsubishi
BMW X4 M40i,2020,29000,306000,BMW
Mercedes-Benz E-Class E200 Mild Hybrid AMG Line,2023,500,308888,Mercedes-Benz
Honda Mobilio 1.5A RS i-VTEC Luxe,2016,100000,42800,Honda
Audi A3 Sedan 1.0A TFSI S-tronic,2018,51000,93000,Audi
Nissan Pulsar 1.2A DIG-T,2017,65161,52800,Nissan
Mercedes-Benz E-Class E300 Cabriolet AMG Premium,2018,9000,228000,Mercedes-Benz
Porsche Macan 2.0A PDK,2017,51000,167000,Porsche
BMW 2 Series 216i Gran Tourer Luxury,2018,88216,91980,BMW
Suzuki Vitara 1.6A GLX,2016,132000,43800,Suzuki
Mercedes-Benz SL-Class SL500 (COE till 04/2033),2013,24000,280000,Mercedes-Benz
Toyota Corolla Axio Hybrid 1.5A,2021,30000,124800,Toyota
Maserati Quattroporte S 3.0A,2016,52000,193888,Maserati
Mercedes-Benz CLA-Class CLA180 Shooting Brake,2016,144000,59800,Mercedes-Benz
Nissan NV350 2.5M,2018,106800,46500,Nissan
Mercedes-Benz E-Class Saloon E53 Mild Hybrid AMG 4MATIC+,2021,11500,422222,Mercedes-Benz
Mercedes-Benz S-Class S320L,2019,71000,269800,Mercedes-Benz
Mitsubishi Eclipse Cross 1.5A Sunroof,2019,81309,104800,Mitsubishi
Volkswagen Sharan 2.0A TSI Panoramic Roof,2018,105522,104000,Volkswagen
Skoda Octavia 2.0A TSI RS,2020,50218,141800,Skoda
Toyota Camry 2.0A,2016,58800,61300,Toyota
BMW M3 Coupe (COE till 04/2031),2011,150000,158800,BMW
Audi S5 Sportback 3.0A TFSI Quattro Tip,2017,80000,163300,Audi
Audi S5 Coupe 3.0A TFSI Quattro S-Tronic,2015,68800,86600,Audi
Jaguar XE 2.0A i4,2018,52455,110500,Jaguar
Audi R8 4.2A FSI Quattro R-tronic (COE till 09/2027),2007,80000,145000,Audi
Toyota Voxy 2.0A X,2016,88000,69555,Toyota
Porsche 911 Carrera 4S Cabriolet 3.8A PDK (New 10-yr COE),2014,38120,475888,Porsche
Toyota Sienta 1.5A Elegance,2018,45700,84800,Toyota
BMW 5 Series 520i,2016,74237,66800,BMW
Volkswagen Passat 1.8A TFSI Sunroof,2017,120382,70500,Volkswagen
Mercedes-Benz GLA-Class GLA180 Urban Edition,2019,57000,111800,Mercedes-Benz
Mazda 2 1.5A,2018,96000,60888,Mazda
Skoda Octavia 1.4A TSI Ambition Plus,2020,40700,103800,Skoda
Porsche Macan S 3.0A PDK Panoramic Roof,2019,21557,268800,Porsche
BMW X1 sDrive18i,2017,106000,79800,BMW
Audi A8L 3.0A TFSI Quattro,2016,128000,108800,Audi
Honda Shuttle 1.5A G Honda Sensing,2020,45000,97888,Honda
Toyota Hiace 3.0M DX,2017,95000,52800,Toyota
MINI One 1.5A 5DR,2022,8000,156999,MINI
Mitsubishi Attrage 1.2A Sports,2019,39726,70800,Mitsubishi
BMW 3 Series 320i Efficient Dynamics,2015,119000,47800,BMW
Toyota Alphard 3.5A S C-Package Moonroof,2020,50000,242888,Toyota
BMW 1 Series 118i 5DR Highline,2019,78000,119800,BMW
BMW 2 Series 216i Gran Coupe Sport,2022,20000,155800,BMW
BMW 5 Series 528i,2016,50300,87000,BMW
Porsche 911 Carrera Coupe 3.0A PDK,2020,13000,555911,Porsche
Porsche Panamera 4S 2.9A PDK,2018,64000,340800,Porsche
Ferrari 458 Italia (COE till 02/2032),2012,65000,549888,Ferrari
BMW X3 xDrive20i Sunroof (COE till 06/2032),2012,90000,136888,BMW
Porsche Macan 2.0A PDK (New 10-yrs COE),2015,110000,233800,Porsche
Mercedes-Benz A-Class A180,2015,82424,44888,Mercedes-Benz
Nissan Navara NP300 Double-Cab 2.3M,2017,85000,68800,Nissan
Mercedes-Benz A-Class A200 Style,2016,144600,54300,Mercedes-Benz
Mercedes-Benz E-Class E250 Avantgarde (COE till 05/2030),2010,156456,85888,Mercedes-Benz
BMW M5 Sunroof (COE till 10/2032),2012,106800,178000,BMW
Mercedes-Benz A-Class A200 Progressive,2019,53500,139800,Mercedes-Benz
Mercedes-Benz CLA-Class CLA45 AMG 4MATIC+ Premium Plus (COE till 12/2032),2014,145000,177888,Mercedes-Benz
Toyota Yaris Cross Hybrid 1.5A X,2021,38000,124500,Toyota
Kia Cerato Forte 1.6A SX (COE till 08/2029),2009,161000,61800,Kia
Mitsubishi Lancer EX 1.5A GLX (COE till 03/2029),2009,106000,69000,Mitsubishi
Honda Fit 1.3A G (COE till 02/2029),2009,124897,60800,Honda
Toyota Vios 1.5A E (COE till 04/2029),2010,146239,62800,Toyota
BMW 2 Series 216i Gran Tourer,2017,113000,81800,BMW
Honda City 1.5A SV,2017,105000,65800,Honda
Volkswagen Golf GTI 5DR,2015,88000,56800,Volkswagen
Honda HR-V 1.5A LX,2020,54000,107800,Honda
Porsche 911 GT3 3.8A (New 10-yr COE),2014,56213,570000,Porsche
Mercedes-Benz E-Class E250 Cabriolet (COE till 01/2033),2013,146235,143800,Mercedes-Benz
Mercedes-Benz A-Class A180,2014,130000,28800,Mercedes-Benz
Mitsubishi Outlander 2.4A Sunroof,2015,96000,41800,Mitsubishi
Mazda 3 1.5A,2017,120000,46300,Mazda
BMW 1 Series 116d,2017,80000,61800,BMW
Mitsubishi Fuso Canter FEB71,2017,120000,55800,Mitsubishi
Honda Vezel Hybrid 1.5A X,2016,88000,50800,Honda
Honda City 1.5A SV,2019,42000,92800,Honda
Subaru XV 2.0i-S EyeSight,2020,39000,115800,Subaru
Toyota Vios 1.5A E,2021,26000,108800,Toyota
Porsche Macan 2.0A PDK,2017,72000,189800,Porsche
Mercedes-Benz CLS-Class CLS300d AMG Line Premium Plus,2021,49000,298000,Mercedes-Benz
Mercedes-Benz A-Class A45 S AMG 4MATIC+ Plus,2021,26000,280000,Mercedes-Benz
Mercedes-Benz V-Class V250d Avantgarde,2017,136000,165800,Mercedes-Benz
Honda Freed Hybrid 1.5A G 7-Seater Honda Sensing,2022,9000,158800,Honda
McLaren 720S,2019,17000,899000,McLaren
Honda Odyssey 2.4A EXV-S Sunroof,2014,110690,32800,Honda
Mercedes-Benz SLK-Class SLK200K (COE till 11/2028),2008,128000,67800,Mercedes-Benz
Kia Optima K5 2.0A,2016,93300,50800,Kia
Toyota Hiace 2.8A Super GL Dark Prime,2020,86758,103888,Toyota
Volkswagen Sharan 2.0A TSI Panoramic Roof,2021,25108,167800,Volkswagen
Bentley Bentayga 4.0A V8,2021,16800,838800,Bentley
Mercedes-Benz E-Class E250 CGI (COE till 05/2031),2011,108000,110800,Mercedes-Benz
Mitsubishi Outlander 2.4A,2017,75000,66800,Mitsubishi
Honda Shuttle Hybrid 1.5A,2019,75000,84800,Honda
Nissan NV200 1.6A,2020,83753,60800,Nissan
Kia Cerato K3 1.6A EX,2015,79000,31800,Kia
BMW XM,2023,3500,880800,BMW
Volkswagen Touran 1.4A TSI,2016,93000,55800,Volkswagen
Honda Freed Hybrid 1.5A G,2018,88000,93800,Honda
Porsche 718 Cayman GT4 RS 4.0A PDK,2023,2800,958800,Porsche
Chevrolet Orlando 1.4A Turbo,2016,148000,45800,Chevrolet
Hyundai Sonata 2.0A (COE till 09/2028),2008,142000,63800,Hyundai
Audi A3 Sedan 1.0A TFSI S-tronic,2019,98000,92888,Audi
Hyundai Tucson 1.6A GLS T-GDi DCT Turbo (OPC),2019,42000,94800,Hyundai
Toyota Raize 1.2A X,2022,21000,129800,Toyota
Subaru Impreza 5D 1.6i-S Sunroof,2017,75000,58800,Subaru
Citroen Grand C4 Picasso Diesel 1.6A BlueHDi Panoramic Roof,2015,140000,44800,Citroen
Porsche 718 Cayman GT4 RS 4.0A PDK,2023,1600,940800,Porsche
